scenario_id,scenario_kind,true_roots,missing_rate,false_alarm_count,trial,observed_alarm_count,global_predicted_roots,correlated_predicted_roots,global_root_recall,correlated_root_recall,global_exact_match,correlated_exact_match,true_service_count,predicted_service_count,service_recall,service_jaccard
independent-01,independent,access-02;access-07,0.0,0,0,2,access-02;access-07,access-02;access-07,1.0,1.0,1.0,1.0,2,2,1.0,1.0
independent-01,independent,access-02;access-07,0.0,0,1,2,access-02;access-07,access-02;access-07,1.0,1.0,1.0,1.0,2,2,1.0,1.0
independent-01,independent,access-02;access-07,0.0,0,2,2,access-02;access-07,access-02;access-07,1.0,1.0,1.0,1.0,2,2,1.0,1.0
independent-01,independent,access-02;access-07,0.0,0,3,2,access-02;access-07,access-02;access-07,1.0,1.0,1.0,1.0,2,2,1.0,1.0
independent-01,independent,access-02;access-07,0.0,0,4,2,access-02;access-07,access-02;access-07,1.0,1.0,1.0,1.0,2,2,1.0,1.0
independent-01,independent,access-02;access-07,0.0,0,5,2,access-02;access-07,access-02;access-07,1.0,1.0,1.0,1.0,2,2,1.0,1.0
independent-01,independent,access-02;access-07,0.0,0,6,2,access-02;access-07,access-02;access-07,1.0,1.0,1.0,1.0,2,2,1.0,1.0
independent-01,independent,access-02;access-07,0.0,0,7,2,access-02;access-07,access-02;access-07,1.0,1.0,1.0,1.0,2,2,1.0,1.0
independent-01,independent,access-02;access-07,0.0,0,8,2,access-02;access-07,access-02;access-07,1.0,1.0,1.0,1.0,2,2,1.0,1.0
independent-01,independent,access-02;access-07,0.0,0,9,2,access-02;access-07,access-02;access-07,1.0,1.0,1.0,1.0,2,2,1.0,1.0
independent-01,independent,access-02;access-07,0.0,0,10,2,access-02;access-07,access-02;access-07,1.0,1.0,1.0,1.0,2,2,1.0,1.0
independent-01,independent,access-02;access-07,0.0,0,11,2,access-02;access-07,access-02;access-07,1.0,1.0,1.0,1.0,2,2,1.0,1.0
independent-01,independent,access-02;access-07,0.0,0,12,2,access-02;access-07,access-02;access-07,1.0,1.0,1.0,1.0,2,2,1.0,1.0
independent-01,independent,access-02;access-07,0.0,0,13,2,access-02;access-07,access-02;access-07,1.0,1.0,1.0,1.0,2,2,1.0,1.0
independent-01,independent,access-02;access-07,0.0,0,14,2,access-02;access-07,access-02;access-07,1.0,1.0,1.0,1.0,2,2,1.0,1.0
independent-01,independent,access-02;access-07,0.0,0,15,2,access-02;access-07,access-02;access-07,1.0,1.0,1.0,1.0,2,2,1.0,1.0
independent-01,independent,access-02;access-07,0.0,0,16,2,access-02;access-07,access-02;access-07,1.0,1.0,1.0,1.0,2,2,1.0,1.0
independent-01,independent,access-02;access-07,0.0,0,17,2,access-02;access-07,access-02;access-07,1.0,1.0,1.0,1.0,2,2,1.0,1.0
independent-01,independent,access-02;access-07,0.0,0,18,2,access-02;access-07,access-02;access-07,1.0,1.0,1.0,1.0,2,2,1.0,1.0
independent-01,independent,access-02;access-07,0.0,0,19,2,access-02;access-07,access-02;access-07,1.0,1.0,1.0,1.0,2,2,1.0,1.0
independent-01,independent,access-02;access-07,0.0,2,0,4,access-01;access-02,aggregation-01;core-02,0.5,0.0,0.0,0.0,2,9,1.0,0.2222222222222222
independent-01,independent,access-02;access-07,0.0,2,1,4,access-02;access-07,access-07;access-02,1.0,1.0,1.0,1.0,2,2,1.0,1.0
independent-01,independent,access-02;access-07,0.0,2,2,4,access-02;access-07,access-02;access-07,1.0,1.0,1.0,1.0,2,2,1.0,1.0
independent-01,independent,access-02;access-07,0.0,2,3,4,access-02;access-07,access-02;access-07,1.0,1.0,1.0,1.0,2,2,1.0,1.0
independent-01,independent,access-02;access-07,0.0,2,4,4,access-02;access-07,access-02;access-07,1.0,1.0,1.0,1.0,2,2,1.0,1.0
independent-01,independent,access-02;access-07,0.0,2,5,4,access-02;access-07,access-02;access-07,1.0,1.0,1.0,1.0,2,2,1.0,1.0
independent-01,independent,access-02;access-07,0.0,2,6,4,access-02;access-07,core-02;access-02,1.0,0.5,1.0,0.0,2,7,1.0,0.2857142857142857
independent-01,independent,access-02;access-07,0.0,2,7,4,aggregation-03;access-01,aggregation-03;access-02,0.0,0.5,0.0,0.0,2,4,1.0,0.5
independent-01,independent,access-02;access-07,0.0,2,8,4,core-02;aggregation-03,core-02;access-02,0.0,0.5,0.0,0.0,2,7,1.0,0.2857142857142857
independent-01,independent,access-02;access-07,0.0,2,9,4,access-02;access-07,access-02;access-07,1.0,1.0,1.0,1.0,2,2,1.0,1.0
independent-01,independent,access-02;access-07,0.0,2,10,4,access-02;access-07,access-02;access-07,1.0,1.0,1.0,1.0,2,2,1.0,1.0
independent-01,independent,access-02;access-07,0.0,2,11,4,access-02;access-07,core-01;access-07,1.0,0.5,1.0,0.0,2,7,1.0,0.2857142857142857
independent-01,independent,access-02;access-07,0.0,2,12,4,access-02;access-06,access-02;access-06,0.5,0.5,0.0,0.0,2,2,0.5,0.3333333333333333
independent-01,independent,access-02;access-07,0.0,2,13,4,aggregation-01;access-02,aggregation-01;access-07,0.5,0.5,0.0,0.0,2,4,1.0,0.5
independent-01,independent,access-02;access-07,0.0,2,14,4,access-02;access-07,access-02;access-07,1.0,1.0,1.0,1.0,2,2,1.0,1.0
independent-01,independent,access-02;access-07,0.0,2,15,4,access-02;access-04,core-01;access-07,0.5,0.5,0.0,0.0,2,7,1.0,0.2857142857142857
independent-01,independent,access-02;access-07,0.0,2,16,4,access-02;access-05,access-02;access-05,0.5,0.5,0.0,0.0,2,2,0.5,0.3333333333333333
independent-01,independent,access-02;access-07,0.0,2,17,4,access-02;access-06,access-06;access-02,0.5,0.5,0.0,0.0,2,2,0.5,0.3333333333333333
independent-01,independent,access-02;access-07,0.0,2,18,4,access-02;access-03,aggregation-03;access-02,0.5,0.5,0.0,0.0,2,4,1.0,0.5
independent-01,independent,access-02;access-07,0.0,2,19,4,access-02;access-05,access-05;access-02,0.5,0.5,0.0,0.0,2,2,0.5,0.3333333333333333
independent-01,independent,access-02;access-07,0.0,4,0,6,access-02;access-07,core-03;access-02,1.0,0.5,1.0,0.0,2,7,0.5,0.125
independent-01,independent,access-02;access-07,0.0,4,1,6,access-02;access-07,access-07;access-02,1.0,1.0,1.0,1.0,2,2,1.0,1.0
independent-01,independent,access-02;access-07,0.0,4,2,6,access-02;access-07,aggregation-03;access-02,1.0,0.5,1.0,0.0,2,4,1.0,0.5
independent-01,independent,access-02;access-07,0.0,4,3,6,access-02;access-06,access-02;access-07,0.5,1.0,0.0,1.0,2,2,1.0,1.0
independent-01,independent,access-02;access-07,0.0,4,4,6,access-02;access-05,core-01;access-07,0.5,0.5,0.0,0.0,2,7,1.0,0.2857142857142857
independent-01,independent,access-02;access-07,0.0,4,5,6,access-02;access-07,access-02;core-02,1.0,0.5,1.0,0.0,2,7,1.0,0.2857142857142857
independent-01,independent,access-02;access-07,0.0,4,6,6,core-01;access-02,core-01;access-02,0.5,0.5,0.0,0.0,2,6,0.5,0.14285714285714285
independent-01,independent,access-02;access-07,0.0,4,7,6,access-02;access-07,access-02;access-07,1.0,1.0,1.0,1.0,2,2,1.0,1.0
independent-01,independent,access-02;access-07,0.0,4,8,6,access-02;access-05,access-05;access-02,0.5,0.5,0.0,0.0,2,2,0.5,0.3333333333333333
independent-01,independent,access-02;access-07,0.0,4,9,6,access-02;access-05,access-02;access-05,0.5,0.5,0.0,0.0,2,2,0.5,0.3333333333333333
independent-01,independent,access-02;access-07,0.0,4,10,6,access-02;access-07,access-02;access-07,1.0,1.0,1.0,1.0,2,2,1.0,1.0
independent-01,independent,access-02;access-07,0.0,4,11,6,access-01;access-02,access-01;access-02,0.5,0.5,0.0,0.0,2,2,0.5,0.3333333333333333
independent-01,independent,access-02;access-07,0.0,4,12,6,aggregation-03;core-02,aggregation-03;access-02,0.0,0.5,0.0,0.0,2,4,1.0,0.5
independent-01,independent,access-02;access-07,0.0,4,13,6,core-02;access-02,core-02;core-01,0.5,0.0,0.0,0.0,2,12,1.0,0.16666666666666666
independent-01,independent,access-02;access-07,0.0,4,14,6,aggregation-04;core-02,aggregation-04;core-02,0.0,0.0,0.0,0.0,2,6,0.5,0.14285714285714285
independent-01,independent,access-02;access-07,0.0,4,15,6,aggregation-02;core-01,aggregation-02;access-07,0.0,0.5,0.0,0.0,2,4,0.5,0.2
independent-01,independent,access-02;access-07,0.0,4,16,6,core-02;access-02,core-02;access-02,0.5,0.5,0.0,0.0,2,7,1.0,0.2857142857142857
independent-01,independent,access-02;access-07,0.0,4,17,6,access-02;access-03,access-03;access-02,0.5,0.5,0.0,0.0,2,2,0.5,0.3333333333333333
independent-01,independent,access-02;access-07,0.0,4,18,6,core-02;access-02,core-02;access-02,0.5,0.5,0.0,0.0,2,7,1.0,0.2857142857142857
independent-01,independent,access-02;access-07,0.0,4,19,6,core-01;aggregation-01,core-01;aggregation-01,0.0,0.0,0.0,0.0,2,6,0.5,0.14285714285714285
independent-01,independent,access-02;access-07,0.2,0,0,2,access-02;access-07,access-02;access-07,1.0,1.0,1.0,1.0,2,2,1.0,1.0
independent-01,independent,access-02;access-07,0.2,0,1,2,access-02;access-07,access-02;access-07,1.0,1.0,1.0,1.0,2,2,1.0,1.0
independent-01,independent,access-02;access-07,0.2,0,2,2,access-02;access-07,access-02;access-07,1.0,1.0,1.0,1.0,2,2,1.0,1.0
independent-01,independent,access-02;access-07,0.2,0,3,1,access-02;aggregation-01,access-02;aggregation-01,0.5,0.5,0.0,0.0,2,3,0.5,0.25
independent-01,independent,access-02;access-07,0.2,0,4,1,access-02;aggregation-01,access-02;aggregation-01,0.5,0.5,0.0,0.0,2,3,0.5,0.25
independent-01,independent,access-02;access-07,0.2,0,5,2,access-02;access-07,access-02;access-07,1.0,1.0,1.0,1.0,2,2,1.0,1.0
independent-01,independent,access-02;access-07,0.2,0,6,1,access-02;aggregation-01,access-02;aggregation-01,0.5,0.5,0.0,0.0,2,3,0.5,0.25
independent-01,independent,access-02;access-07,0.2,0,7,2,access-02;access-07,access-02;access-07,1.0,1.0,1.0,1.0,2,2,1.0,1.0
independent-01,independent,access-02;access-07,0.2,0,8,2,access-02;access-07,access-02;access-07,1.0,1.0,1.0,1.0,2,2,1.0,1.0
independent-01,independent,access-02;access-07,0.2,0,9,2,access-02;access-07,access-02;access-07,1.0,1.0,1.0,1.0,2,2,1.0,1.0
independent-01,independent,access-02;access-07,0.2,0,10,2,access-02;access-07,access-02;access-07,1.0,1.0,1.0,1.0,2,2,1.0,1.0
independent-01,independent,access-02;access-07,0.2,0,11,1,access-07;aggregation-03,access-07;aggregation-03,0.5,0.5,0.0,0.0,2,3,0.5,0.25
independent-01,independent,access-02;access-07,0.2,0,12,2,access-02;access-07,access-02;access-07,1.0,1.0,1.0,1.0,2,2,1.0,1.0
independent-01,independent,access-02;access-07,0.2,0,13,2,access-02;access-07,access-02;access-07,1.0,1.0,1.0,1.0,2,2,1.0,1.0
independent-01,independent,access-02;access-07,0.2,0,14,1,access-02;aggregation-01,access-02;aggregation-01,0.5,0.5,0.0,0.0,2,3,0.5,0.25
independent-01,independent,access-02;access-07,0.2,0,15,1,access-02;aggregation-01,access-02;aggregation-01,0.5,0.5,0.0,0.0,2,3,0.5,0.25
independent-01,independent,access-02;access-07,0.2,0,16,2,access-02;access-07,access-02;access-07,1.0,1.0,1.0,1.0,2,2,1.0,1.0
independent-01,independent,access-02;access-07,0.2,0,17,2,access-02;access-07,access-02;access-07,1.0,1.0,1.0,1.0,2,2,1.0,1.0
independent-01,independent,access-02;access-07,0.2,0,18,2,access-02;access-07,access-02;access-07,1.0,1.0,1.0,1.0,2,2,1.0,1.0
independent-01,independent,access-02;access-07,0.2,0,19,1,access-02;aggregation-01,access-02;aggregation-01,0.5,0.5,0.0,0.0,2,3,0.5,0.25
independent-01,independent,access-02;access-07,0.2,2,0,4,access-02;access-07,access-02;access-07,1.0,1.0,1.0,1.0,2,2,1.0,1.0
independent-01,independent,access-02;access-07,0.2,2,1,3,access-07;access-13,core-03;access-07,0.5,0.5,0.0,0.0,2,7,0.5,0.125
independent-01,independent,access-02;access-07,0.2,2,2,4,access-02;access-07,core-02;access-02,1.0,0.5,1.0,0.0,2,7,1.0,0.2857142857142857
independent-01,independent,access-02;access-07,0.2,2,3,4,access-02;access-05,access-05;access-02,0.5,0.5,0.0,0.0,2,2,0.5,0.3333333333333333
independent-01,independent,access-02;access-07,0.2,2,4,4,access-02;access-07,access-07;access-02,1.0,1.0,1.0,1.0,2,2,1.0,1.0
independent-01,independent,access-02;access-07,0.2,2,5,4,access-02;access-07,access-02;access-07,1.0,1.0,1.0,1.0,2,2,1.0,1.0
independent-01,independent,access-02;access-07,0.2,2,6,4,core-01;access-01,core-01;access-07,0.0,0.5,0.0,0.0,2,7,1.0,0.2857142857142857
independent-01,independent,access-02;access-07,0.2,2,7,3,access-01;access-07,access-01;access-07,0.5,0.5,0.0,0.0,2,2,0.5,0.3333333333333333
independent-01,independent,access-02;access-07,0.2,2,8,3,access-07;access-10,access-07;access-10,0.5,0.5,0.0,0.0,2,2,0.5,0.3333333333333333
independent-01,independent,access-02;access-07,0.2,2,9,4,core-01;access-02,core-01;access-07,0.5,0.5,0.0,0.0,2,7,1.0,0.2857142857142857
independent-01,independent,access-02;access-07,0.2,2,10,4,access-02;access-05,access-05;access-02,0.5,0.5,0.0,0.0,2,2,0.5,0.3333333333333333
independent-01,independent,access-02;access-07,0.2,2,11,4,access-02;access-04,access-02;access-04,0.5,0.5,0.0,0.0,2,2,0.5,0.3333333333333333
independent-01,independent,access-02;access-07,0.2,2,12,2,access-04;aggregation-06,access-04;aggregation-06,0.0,0.0,0.0,0.0,2,4,0.0,0.0
independent-01,independent,access-02;access-07,0.2,2,13,4,access-02;access-07,access-07;access-02,1.0,1.0,1.0,1.0,2,2,1.0,1.0
independent-01,independent,access-02;access-07,0.2,2,14,4,access-02;access-07,access-02;access-07,1.0,1.0,1.0,1.0,2,2,1.0,1.0
independent-01,independent,access-02;access-07,0.2,2,15,3,aggregation-03;core-02,aggregation-03;core-02,0.0,0.0,0.0,0.0,2,6,0.5,0.14285714285714285
independent-01,independent,access-02;access-07,0.2,2,16,3,access-01;access-02,access-02;access-01,0.5,0.5,0.0,0.0,2,2,0.5,0.3333333333333333
independent-01,independent,access-02;access-07,0.2,2,17,3,access-02;core-02,core-02;access-02,0.5,0.5,0.0,0.0,2,7,1.0,0.2857142857142857
independent-01,independent,access-02;access-07,0.2,2,18,4,access-02;access-07,access-02;access-07,1.0,1.0,1.0,1.0,2,2,1.0,1.0
independent-01,independent,access-02;access-07,0.2,2,19,2,access-13;aggregation-01,access-13;aggregation-01,0.0,0.0,0.0,0.0,2,4,0.5,0.2
independent-01,independent,access-02;access-07,0.2,4,0,6,access-02;access-07,aggregation-06;access-02,1.0,0.5,1.0,0.0,2,4,0.5,0.2
independent-01,independent,access-02;access-07,0.2,4,1,6,access-02;access-04,access-04;access-02,0.5,0.5,0.0,0.0,2,2,0.5,0.3333333333333333
independent-01,independent,access-02;access-07,0.2,4,2,6,access-02;access-07,access-02;access-07,1.0,1.0,1.0,1.0,2,2,1.0,1.0
independent-01,independent,access-02;access-07,0.2,4,3,5,access-02;access-08,core-03;access-02,0.5,0.5,0.0,0.0,2,7,0.5,0.125
independent-01,independent,access-02;access-07,0.2,4,4,5,access-07;access-12,access-14;core-02,0.5,0.0,0.0,0.0,2,7,0.5,0.125
independent-01,independent,access-02;access-07,0.2,4,5,6,access-02;access-07,access-02;access-07,1.0,1.0,1.0,1.0,2,2,1.0,1.0
independent-01,independent,access-02;access-07,0.2,4,6,5,access-02;access-17,access-02;core-03,0.5,0.5,0.0,0.0,2,7,0.5,0.125
independent-01,independent,access-02;access-07,0.2,4,7,5,aggregation-05;access-02,aggregation-05;access-14,0.5,0.0,0.0,0.0,2,3,0.0,0.0
independent-01,independent,access-02;access-07,0.2,4,8,5,access-07;access-08,access-08;access-07,0.5,0.5,0.0,0.0,2,2,0.5,0.3333333333333333
independent-01,independent,access-02;access-07,0.2,4,9,6,access-02;access-04,aggregation-03;access-02,0.5,0.5,0.0,0.0,2,4,1.0,0.5
independent-01,independent,access-02;access-07,0.2,4,10,6,access-02;access-07,access-02;access-07,1.0,1.0,1.0,1.0,2,2,1.0,1.0
independent-01,independent,access-02;access-07,0.2,4,11,6,aggregation-04;aggregation-01,aggregation-01;core-02,0.0,0.0,0.0,0.0,2,9,1.0,0.2222222222222222
independent-01,independent,access-02;access-07,0.2,4,12,6,access-02;access-07,access-02;access-07,1.0,1.0,1.0,1.0,2,2,1.0,1.0
independent-01,independent,access-02;access-07,0.2,4,13,4,access-03;access-08,access-03;access-08,0.0,0.0,0.0,0.0,2,2,0.0,0.0
independent-01,independent,access-02;access-07,0.2,4,14,5,aggregation-01;core-01,core-01;access-03,0.0,0.0,0.0,0.0,2,6,0.5,0.14285714285714285
independent-01,independent,access-02;access-07,0.2,4,15,6,aggregation-03;access-02,core-02;access-02,0.5,0.5,0.0,0.0,2,7,1.0,0.2857142857142857
independent-01,independent,access-02;access-07,0.2,4,16,5,access-01;access-07,core-01;core-02,0.5,0.0,0.0,0.0,2,12,1.0,0.16666666666666666
independent-01,independent,access-02;access-07,0.2,4,17,6,aggregation-03;access-02,aggregation-03;access-02,0.5,0.5,0.0,0.0,2,4,1.0,0.5
independent-01,independent,access-02;access-07,0.2,4,18,5,access-01;access-02,access-02;access-01,0.5,0.5,0.0,0.0,2,2,0.5,0.3333333333333333
independent-01,independent,access-02;access-07,0.2,4,19,4,access-05;access-10,access-05;access-18,0.0,0.0,0.0,0.0,2,2,0.0,0.0
independent-01,independent,access-02;access-07,0.4,0,0,1,access-02;aggregation-01,access-02;aggregation-01,0.5,0.5,0.0,0.0,2,3,0.5,0.25
independent-01,independent,access-02;access-07,0.4,0,1,2,access-02;access-07,access-02;access-07,1.0,1.0,1.0,1.0,2,2,1.0,1.0
independent-01,independent,access-02;access-07,0.4,0,2,2,access-02;access-07,access-02;access-07,1.0,1.0,1.0,1.0,2,2,1.0,1.0
independent-01,independent,access-02;access-07,0.4,0,3,1,access-02;aggregation-01,access-02;aggregation-01,0.5,0.5,0.0,0.0,2,3,0.5,0.25
independent-01,independent,access-02;access-07,0.4,0,4,2,access-02;access-07,access-02;access-07,1.0,1.0,1.0,1.0,2,2,1.0,1.0
independent-01,independent,access-02;access-07,0.4,0,5,2,access-02;access-07,access-02;access-07,1.0,1.0,1.0,1.0,2,2,1.0,1.0
independent-01,independent,access-02;access-07,0.4,0,6,2,access-02;access-07,access-02;access-07,1.0,1.0,1.0,1.0,2,2,1.0,1.0
independent-01,independent,access-02;access-07,0.4,0,7,1,access-07;aggregation-03,access-07;aggregation-03,0.5,0.5,0.0,0.0,2,3,0.5,0.25
independent-01,independent,access-02;access-07,0.4,0,8,2,access-02;access-07,access-02;access-07,1.0,1.0,1.0,1.0,2,2,1.0,1.0
independent-01,independent,access-02;access-07,0.4,0,9,2,access-02;access-07,access-02;access-07,1.0,1.0,1.0,1.0,2,2,1.0,1.0
independent-01,independent,access-02;access-07,0.4,0,10,0,access-01;access-02,access-01;access-02,0.5,0.5,0.0,0.0,2,2,0.5,0.3333333333333333
independent-01,independent,access-02;access-07,0.4,0,11,2,access-02;access-07,access-02;access-07,1.0,1.0,1.0,1.0,2,2,1.0,1.0
independent-01,independent,access-02;access-07,0.4,0,12,2,access-02;access-07,access-02;access-07,1.0,1.0,1.0,1.0,2,2,1.0,1.0
independent-01,independent,access-02;access-07,0.4,0,13,1,access-02;aggregation-01,access-02;aggregation-01,0.5,0.5,0.0,0.0,2,3,0.5,0.25
independent-01,independent,access-02;access-07,0.4,0,14,2,access-02;access-07,access-02;access-07,1.0,1.0,1.0,1.0,2,2,1.0,1.0
independent-01,independent,access-02;access-07,0.4,0,15,2,access-02;access-07,access-02;access-07,1.0,1.0,1.0,1.0,2,2,1.0,1.0
independent-01,independent,access-02;access-07,0.4,0,16,1,access-07;aggregation-03,access-07;aggregation-03,0.5,0.5,0.0,0.0,2,3,0.5,0.25
independent-01,independent,access-02;access-07,0.4,0,17,0,access-01;access-02,access-01;access-02,0.5,0.5,0.0,0.0,2,2,0.5,0.3333333333333333
independent-01,independent,access-02;access-07,0.4,0,18,0,access-01;access-02,access-01;access-02,0.5,0.5,0.0,0.0,2,2,0.5,0.3333333333333333
independent-01,independent,access-02;access-07,0.4,0,19,2,access-02;access-07,access-02;access-07,1.0,1.0,1.0,1.0,2,2,1.0,1.0
independent-01,independent,access-02;access-07,0.4,2,0,4,access-02;access-07,access-02;access-07,1.0,1.0,1.0,1.0,2,2,1.0,1.0
independent-01,independent,access-02;access-07,0.4,2,1,4,access-02;access-07,access-07;access-02,1.0,1.0,1.0,1.0,2,2,1.0,1.0
independent-01,independent,access-02;access-07,0.4,2,2,3,access-02;access-09,access-02;aggregation-01,0.5,0.5,0.0,0.0,2,3,0.5,0.25
independent-01,independent,access-02;access-07,0.4,2,3,4,access-02;access-07,aggregation-03;access-02,1.0,0.5,1.0,0.0,2,4,1.0,0.5
independent-01,independent,access-02;access-07,0.4,2,4,2,access-01;access-17,access-01;access-17,0.0,0.0,0.0,0.0,2,2,0.0,0.0
independent-01,independent,access-02;access-07,0.4,2,5,3,access-06;access-07,core-02;access-06,0.5,0.0,0.0,0.0,2,7,0.5,0.125
independent-01,independent,access-02;access-07,0.4,2,6,3,access-02;access-14,aggregation-05;access-02,0.5,0.5,0.0,0.0,2,4,0.5,0.2
independent-01,independent,access-02;access-07,0.4,2,7,4,access-02;access-07,access-02;access-07,1.0,1.0,1.0,1.0,2,2,1.0,1.0
independent-01,independent,access-02;access-07,0.4,2,8,3,core-02;aggregation-04,core-02;aggregation-04,0.0,0.0,0.0,0.0,2,6,0.5,0.14285714285714285
independent-01,independent,access-02;access-07,0.4,2,9,3,access-02;access-10,access-02;access-10,0.5,0.5,0.0,0.0,2,2,0.5,0.3333333333333333
independent-01,independent,access-02;access-07,0.4,2,10,3,aggregation-02;access-04,aggregation-02;access-04,0.0,0.0,0.0,0.0,2,3,0.0,0.0
independent-01,independent,access-02;access-07,0.4,2,11,3,core-01;access-02,core-01;access-02,0.5,0.5,0.0,0.0,2,6,0.5,0.14285714285714285
independent-01,independent,access-02;access-07,0.4,2,12,4,access-02;access-07,access-02;access-07,1.0,1.0,1.0,1.0,2,2,1.0,1.0
independent-01,independent,access-02;access-07,0.4,2,13,3,access-02;access-03,access-03;access-02,0.5,0.5,0.0,0.0,2,2,0.5,0.3333333333333333
independent-01,independent,access-02;access-07,0.4,2,14,2,access-05;access-13,access-05;access-13,0.0,0.0,0.0,0.0,2,2,0.0,0.0
independent-01,independent,access-02;access-07,0.4,2,15,2,core-03;access-13,core-03;access-13,0.0,0.0,0.0,0.0,2,6,0.0,0.0
independent-01,independent,access-02;access-07,0.4,2,16,3,core-02;aggregation-03,core-02;aggregation-03,0.0,0.0,0.0,0.0,2,6,0.5,0.14285714285714285
independent-01,independent,access-02;access-07,0.4,2,17,3,access-02;access-17,core-01;access-17,0.5,0.0,0.0,0.0,2,7,0.5,0.125
independent-01,independent,access-02;access-07,0.4,2,18,4,aggregation-04;access-02,aggregation-04;access-07,0.5,0.5,0.0,0.0,2,4,0.5,0.2
independent-01,independent,access-02;access-07,0.4,2,19,4,access-02;access-06,access-02;access-06,0.5,0.5,0.0,0.0,2,2,0.5,0.3333333333333333
independent-01,independent,access-02;access-07,0.4,4,0,4,core-02;access-03,access-03;aggregation-03,0.0,0.0,0.0,0.0,2,4,0.5,0.2
independent-01,independent,access-02;access-07,0.4,4,1,5,core-01;access-01,core-01;access-15,0.0,0.0,0.0,0.0,2,7,0.5,0.125
independent-01,independent,access-02;access-07,0.4,4,2,5,access-05;access-07,access-05;access-09,0.5,0.0,0.0,0.0,2,2,0.0,0.0
independent-01,independent,access-02;access-07,0.4,4,3,5,core-03;access-02,core-03;access-02,0.5,0.5,0.0,0.0,2,7,0.5,0.125
independent-01,independent,access-02;access-07,0.4,4,4,6,access-02;access-05,access-02;access-05,0.5,0.5,0.0,0.0,2,2,0.5,0.3333333333333333
independent-01,independent,access-02;access-07,0.4,4,5,5,aggregation-02;access-05,aggregation-02;access-07,0.0,0.5,0.0,0.0,2,4,0.5,0.2
independent-01,independent,access-02;access-07,0.4,4,6,5,core-01;access-02,access-04;core-01,0.5,0.0,0.0,0.0,2,6,0.5,0.14285714285714285
independent-01,independent,access-02;access-07,0.4,4,7,5,aggregation-03;access-07,access-07;aggregation-03,0.5,0.5,0.0,0.0,2,3,0.5,0.25
independent-01,independent,access-02;access-07,0.4,4,8,5,access-01;access-05,access-07;core-01,0.0,0.5,0.0,0.0,2,7,1.0,0.2857142857142857
independent-01,independent,access-02;access-07,0.4,4,9,5,access-02;access-17,access-02;aggregation-01,0.5,0.5,0.0,0.0,2,3,0.5,0.25
independent-01,independent,access-02;access-07,0.4,4,10,5,aggregation-06;access-02,aggregation-06;access-14,0.5,0.0,0.0,0.0,2,4,0.0,0.0
independent-01,independent,access-02;access-07,0.4,4,11,5,core-03;access-02,core-03;access-12,0.5,0.0,0.0,0.0,2,7,0.0,0.0
independent-01,independent,access-02;access-07,0.4,4,12,4,access-06;access-10,access-06;access-10,0.0,0.0,0.0,0.0,2,2,0.0,0.0
independent-01,independent,access-02;access-07,0.4,4,13,5,access-02;access-03,core-03;access-02,0.5,0.5,0.0,0.0,2,7,0.5,0.125
independent-01,independent,access-02;access-07,0.4,4,14,5,access-02;access-08,access-02;aggregation-04,0.5,0.5,0.0,0.0,2,4,0.5,0.2
independent-01,independent,access-02;access-07,0.4,4,15,4,access-05;access-08,core-02;access-05,0.0,0.0,0.0,0.0,2,7,0.5,0.125
independent-01,independent,access-02;access-07,0.4,4,16,6,access-02;access-06,access-07;core-01,0.5,0.5,0.0,0.0,2,7,1.0,0.2857142857142857
independent-01,independent,access-02;access-07,0.4,4,17,6,access-01;access-02,access-01;access-07,0.5,0.5,0.0,0.0,2,2,0.5,0.3333333333333333
independent-01,independent,access-02;access-07,0.4,4,18,6,access-02;access-07,access-07;access-02,1.0,1.0,1.0,1.0,2,2,1.0,1.0
independent-01,independent,access-02;access-07,0.4,4,19,5,core-03;access-07,core-03;access-07,0.5,0.5,0.0,0.0,2,7,0.5,0.125
independent-02,independent,access-02;aggregation-03,0.0,0,0,5,aggregation-03;core-02,aggregation-03;access-02,0.5,1.0,0.0,1.0,4,4,1.0,1.0
independent-02,independent,access-02;aggregation-03,0.0,0,1,5,aggregation-03;core-02,aggregation-03;access-02,0.5,1.0,0.0,1.0,4,4,1.0,1.0
independent-02,independent,access-02;aggregation-03,0.0,0,2,5,aggregation-03;core-02,aggregation-03;access-02,0.5,1.0,0.0,1.0,4,4,1.0,1.0
independent-02,independent,access-02;aggregation-03,0.0,0,3,5,aggregation-03;core-02,aggregation-03;access-02,0.5,1.0,0.0,1.0,4,4,1.0,1.0
independent-02,independent,access-02;aggregation-03,0.0,0,4,5,aggregation-03;core-02,aggregation-03;access-02,0.5,1.0,0.0,1.0,4,4,1.0,1.0
independent-02,independent,access-02;aggregation-03,0.0,0,5,5,aggregation-03;core-02,aggregation-03;access-02,0.5,1.0,0.0,1.0,4,4,1.0,1.0
independent-02,independent,access-02;aggregation-03,0.0,0,6,5,aggregation-03;core-02,aggregation-03;access-02,0.5,1.0,0.0,1.0,4,4,1.0,1.0
independent-02,independent,access-02;aggregation-03,0.0,0,7,5,aggregation-03;core-02,aggregation-03;access-02,0.5,1.0,0.0,1.0,4,4,1.0,1.0
independent-02,independent,access-02;aggregation-03,0.0,0,8,5,aggregation-03;core-02,aggregation-03;access-02,0.5,1.0,0.0,1.0,4,4,1.0,1.0
independent-02,independent,access-02;aggregation-03,0.0,0,9,5,aggregation-03;core-02,aggregation-03;access-02,0.5,1.0,0.0,1.0,4,4,1.0,1.0
independent-02,independent,access-02;aggregation-03,0.0,0,10,5,aggregation-03;core-02,aggregation-03;access-02,0.5,1.0,0.0,1.0,4,4,1.0,1.0
independent-02,independent,access-02;aggregation-03,0.0,0,11,5,aggregation-03;core-02,aggregation-03;access-02,0.5,1.0,0.0,1.0,4,4,1.0,1.0
independent-02,independent,access-02;aggregation-03,0.0,0,12,5,aggregation-03;core-02,aggregation-03;access-02,0.5,1.0,0.0,1.0,4,4,1.0,1.0
independent-02,independent,access-02;aggregation-03,0.0,0,13,5,aggregation-03;core-02,aggregation-03;access-02,0.5,1.0,0.0,1.0,4,4,1.0,1.0
independent-02,independent,access-02;aggregation-03,0.0,0,14,5,aggregation-03;core-02,aggregation-03;access-02,0.5,1.0,0.0,1.0,4,4,1.0,1.0
independent-02,independent,access-02;aggregation-03,0.0,0,15,5,aggregation-03;core-02,aggregation-03;access-02,0.5,1.0,0.0,1.0,4,4,1.0,1.0
independent-02,independent,access-02;aggregation-03,0.0,0,16,5,aggregation-03;core-02,aggregation-03;access-02,0.5,1.0,0.0,1.0,4,4,1.0,1.0
independent-02,independent,access-02;aggregation-03,0.0,0,17,5,aggregation-03;core-02,aggregation-03;access-02,0.5,1.0,0.0,1.0,4,4,1.0,1.0
independent-02,independent,access-02;aggregation-03,0.0,0,18,5,aggregation-03;core-02,aggregation-03;access-02,0.5,1.0,0.0,1.0,4,4,1.0,1.0
independent-02,independent,access-02;aggregation-03,0.0,0,19,5,aggregation-03;core-02,aggregation-03;access-02,0.5,1.0,0.0,1.0,4,4,1.0,1.0
independent-02,independent,access-02;aggregation-03,0.0,2,0,7,aggregation-03;core-02,aggregation-03;access-02,0.5,1.0,0.0,1.0,4,4,1.0,1.0
independent-02,independent,access-02;aggregation-03,0.0,2,1,7,aggregation-03;core-02,aggregation-03;core-01,0.5,0.5,0.0,0.0,4,9,1.0,0.4444444444444444
independent-02,independent,access-02;aggregation-03,0.0,2,2,7,aggregation-03;core-02,core-02;access-02,0.5,0.5,0.0,0.0,4,7,1.0,0.5714285714285714
independent-02,independent,access-02;aggregation-03,0.0,2,3,7,aggregation-03;core-02,aggregation-03;aggregation-05,0.5,0.5,0.0,0.0,4,6,0.75,0.42857142857142855
independent-02,independent,access-02;aggregation-03,0.0,2,4,7,aggregation-03;core-02,aggregation-03;core-01,0.5,0.5,0.0,0.0,4,9,1.0,0.4444444444444444
independent-02,independent,access-02;aggregation-03,0.0,2,5,7,aggregation-03;core-02,aggregation-03;access-02,0.5,1.0,0.0,1.0,4,4,1.0,1.0
independent-02,independent,access-02;aggregation-03,0.0,2,6,7,aggregation-03;core-02,aggregation-03;access-02,0.5,1.0,0.0,1.0,4,4,1.0,1.0
independent-02,independent,access-02;aggregation-03,0.0,2,7,7,aggregation-03;core-02,aggregation-03;access-02,0.5,1.0,0.0,1.0,4,4,1.0,1.0
independent-02,independent,access-02;aggregation-03,0.0,2,8,7,aggregation-03;core-02,aggregation-03;access-02,0.5,1.0,0.0,1.0,4,4,1.0,1.0
independent-02,independent,access-02;aggregation-03,0.0,2,9,7,aggregation-03;core-02,aggregation-03;core-01,0.5,0.5,0.0,0.0,4,9,1.0,0.4444444444444444
independent-02,independent,access-02;aggregation-03,0.0,2,10,7,aggregation-03;core-02,aggregation-03;access-02,0.5,1.0,0.0,1.0,4,4,1.0,1.0
independent-02,independent,access-02;aggregation-03,0.0,2,11,7,aggregation-03;core-02,aggregation-03;access-02,0.5,1.0,0.0,1.0,4,4,1.0,1.0
independent-02,independent,access-02;aggregation-03,0.0,2,12,7,aggregation-03;core-02,aggregation-03;access-02,0.5,1.0,0.0,1.0,4,4,1.0,1.0
independent-02,independent,access-02;aggregation-03,0.0,2,13,7,aggregation-03;core-02,aggregation-03;access-02,0.5,1.0,0.0,1.0,4,4,1.0,1.0
independent-02,independent,access-02;aggregation-03,0.0,2,14,7,aggregation-03;core-02,aggregation-03;core-01,0.5,0.5,0.0,0.0,4,9,1.0,0.4444444444444444
independent-02,independent,access-02;aggregation-03,0.0,2,15,7,aggregation-03;core-02,aggregation-03;access-02,0.5,1.0,0.0,1.0,4,4,1.0,1.0
independent-02,independent,access-02;aggregation-03,0.0,2,16,7,aggregation-03;core-02,aggregation-03;access-01,0.5,0.5,0.0,0.0,4,4,0.75,0.6
independent-02,independent,access-02;aggregation-03,0.0,2,17,7,aggregation-03;core-02,aggregation-03;access-02,0.5,1.0,0.0,1.0,4,4,1.0,1.0
independent-02,independent,access-02;aggregation-03,0.0,2,18,7,aggregation-03;core-02,aggregation-03;access-02,0.5,1.0,0.0,1.0,4,4,1.0,1.0
independent-02,independent,access-02;aggregation-03,0.0,2,19,7,aggregation-03;core-02,aggregation-03;access-02,0.5,1.0,0.0,1.0,4,4,1.0,1.0
independent-02,independent,access-02;aggregation-03,0.0,4,0,9,aggregation-03;core-02,aggregation-03;access-02,0.5,1.0,0.0,1.0,4,4,1.0,1.0
independent-02,independent,access-02;aggregation-03,0.0,4,1,9,aggregation-03;access-02,aggregation-03;access-02,1.0,1.0,1.0,1.0,4,4,1.0,1.0
independent-02,independent,access-02;aggregation-03,0.0,4,2,9,aggregation-03;access-02,aggregation-03;access-02,1.0,1.0,1.0,1.0,4,4,1.0,1.0
independent-02,independent,access-02;aggregation-03,0.0,4,3,9,aggregation-03;core-02,aggregation-03;access-02,0.5,1.0,0.0,1.0,4,4,1.0,1.0
independent-02,independent,access-02;aggregation-03,0.0,4,4,9,aggregation-03;core-02,aggregation-03;access-02,0.5,1.0,0.0,1.0,4,4,1.0,1.0
independent-02,independent,access-02;aggregation-03,0.0,4,5,9,aggregation-03;core-02,aggregation-03;access-02,0.5,1.0,0.0,1.0,4,4,1.0,1.0
independent-02,independent,access-02;aggregation-03,0.0,4,6,9,aggregation-03;core-02,aggregation-03;aggregation-02,0.5,0.5,0.0,0.0,4,6,0.75,0.42857142857142855
independent-02,independent,access-02;aggregation-03,0.0,4,7,9,aggregation-03;core-02,aggregation-03;core-01,0.5,0.5,0.0,0.0,4,9,1.0,0.4444444444444444
independent-02,independent,access-02;aggregation-03,0.0,4,8,9,aggregation-03;core-02,aggregation-03;core-01,0.5,0.5,0.0,0.0,4,9,1.0,0.4444444444444444
independent-02,independent,access-02;aggregation-03,0.0,4,9,9,aggregation-03;core-02,aggregation-03;core-01,0.5,0.5,0.0,0.0,4,9,1.0,0.4444444444444444
independent-02,independent,access-02;aggregation-03,0.0,4,10,9,aggregation-03;core-02,aggregation-03;access-02,0.5,1.0,0.0,1.0,4,4,1.0,1.0
independent-02,independent,access-02;aggregation-03,0.0,4,11,9,aggregation-03;core-02,aggregation-03;access-02,0.5,1.0,0.0,1.0,4,4,1.0,1.0
independent-02,independent,access-02;aggregation-03,0.0,4,12,9,aggregation-03;core-02,aggregation-03;access-02,0.5,1.0,0.0,1.0,4,4,1.0,1.0
independent-02,independent,access-02;aggregation-03,0.0,4,13,9,aggregation-03;core-02,aggregation-03;access-02,0.5,1.0,0.0,1.0,4,4,1.0,1.0
independent-02,independent,access-02;aggregation-03,0.0,4,14,9,aggregation-03;access-02,aggregation-03;access-02,1.0,1.0,1.0,1.0,4,4,1.0,1.0
independent-02,independent,access-02;aggregation-03,0.0,4,15,9,aggregation-03;access-02,aggregation-03;core-01,1.0,0.5,1.0,0.0,4,9,1.0,0.4444444444444444
independent-02,independent,access-02;aggregation-03,0.0,4,16,9,aggregation-03;core-02,aggregation-03;core-01,0.5,0.5,0.0,0.0,4,9,1.0,0.4444444444444444
independent-02,independent,access-02;aggregation-03,0.0,4,17,9,aggregation-03;core-02,aggregation-03;aggregation-01,0.5,0.5,0.0,0.0,4,6,1.0,0.6666666666666666
independent-02,independent,access-02;aggregation-03,0.0,4,18,9,aggregation-03;core-02,core-02;core-01,0.5,0.0,0.0,0.0,4,12,1.0,0.3333333333333333
independent-02,independent,access-02;aggregation-03,0.0,4,19,9,aggregation-03;core-02,aggregation-03;access-02,0.5,1.0,0.0,1.0,4,4,1.0,1.0
independent-02,independent,access-02;aggregation-03,0.2,0,0,3,aggregation-03;core-02,aggregation-03;core-02,0.5,0.5,0.0,0.0,4,6,0.75,0.42857142857142855
independent-02,independent,access-02;aggregation-03,0.2,0,1,2,aggregation-03;core-02,aggregation-03;core-02,0.5,0.5,0.0,0.0,4,6,0.75,0.42857142857142855
independent-02,independent,access-02;aggregation-03,0.2,0,2,3,aggregation-03;core-02,aggregation-03;core-02,0.5,0.5,0.0,0.0,4,6,0.75,0.42857142857142855
independent-02,independent,access-02;aggregation-03,0.2,0,3,5,aggregation-03;core-02,aggregation-03;access-02,0.5,1.0,0.0,1.0,4,4,1.0,1.0
independent-02,independent,access-02;aggregation-03,0.2,0,4,5,aggregation-03;core-02,aggregation-03;access-02,0.5,1.0,0.0,1.0,4,4,1.0,1.0
independent-02,independent,access-02;aggregation-03,0.2,0,5,3,aggregation-03;core-02,aggregation-03;access-02,0.5,1.0,0.0,1.0,4,4,1.0,1.0
independent-02,independent,access-02;aggregation-03,0.2,0,6,5,aggregation-03;core-02,aggregation-03;access-02,0.5,1.0,0.0,1.0,4,4,1.0,1.0
independent-02,independent,access-02;aggregation-03,0.2,0,7,4,aggregation-03;core-02,aggregation-03;access-02,0.5,1.0,0.0,1.0,4,4,1.0,1.0
independent-02,independent,access-02;aggregation-03,0.2,0,8,4,aggregation-03;core-02,aggregation-03;access-02,0.5,1.0,0.0,1.0,4,4,1.0,1.0
independent-02,independent,access-02;aggregation-03,0.2,0,9,2,aggregation-03;core-02,aggregation-03;core-02,0.5,0.5,0.0,0.0,4,6,0.75,0.42857142857142855
independent-02,independent,access-02;aggregation-03,0.2,0,10,4,aggregation-03;core-02,aggregation-03;access-02,0.5,1.0,0.0,1.0,4,4,1.0,1.0
independent-02,independent,access-02;aggregation-03,0.2,0,11,4,aggregation-03;core-02,aggregation-03;access-02,0.5,1.0,0.0,1.0,4,4,1.0,1.0
independent-02,independent,access-02;aggregation-03,0.2,0,12,5,aggregation-03;core-02,aggregation-03;access-02,0.5,1.0,0.0,1.0,4,4,1.0,1.0
independent-02,independent,access-02;aggregation-03,0.2,0,13,3,aggregation-03;core-02,aggregation-03;core-02,0.5,0.5,0.0,0.0,4,6,0.75,0.42857142857142855
independent-02,independent,access-02;aggregation-03,0.2,0,14,4,aggregation-03;core-02,aggregation-03;core-02,0.5,0.5,0.0,0.0,4,6,0.75,0.42857142857142855
independent-02,independent,access-02;aggregation-03,0.2,0,15,5,aggregation-03;core-02,aggregation-03;access-02,0.5,1.0,0.0,1.0,4,4,1.0,1.0
independent-02,independent,access-02;aggregation-03,0.2,0,16,4,aggregation-03;core-02,aggregation-03;access-02,0.5,1.0,0.0,1.0,4,4,1.0,1.0
independent-02,independent,access-02;aggregation-03,0.2,0,17,4,aggregation-03;core-02,aggregation-03;access-02,0.5,1.0,0.0,1.0,4,4,1.0,1.0
independent-02,independent,access-02;aggregation-03,0.2,0,18,5,aggregation-03;core-02,aggregation-03;access-02,0.5,1.0,0.0,1.0,4,4,1.0,1.0
independent-02,independent,access-02;aggregation-03,0.2,0,19,4,aggregation-03;core-02,aggregation-03;access-02,0.5,1.0,0.0,1.0,4,4,1.0,1.0
independent-02,independent,access-02;aggregation-03,0.2,2,0,6,aggregation-03;core-02,aggregation-03;aggregation-01,0.5,0.5,0.0,0.0,4,6,1.0,0.6666666666666666
independent-02,independent,access-02;aggregation-03,0.2,2,1,7,aggregation-03;core-02,aggregation-03;core-01,0.5,0.5,0.0,0.0,4,9,1.0,0.4444444444444444
independent-02,independent,access-02;aggregation-03,0.2,2,2,7,aggregation-03;core-02,aggregation-03;access-02,0.5,1.0,0.0,1.0,4,4,1.0,1.0
independent-02,independent,access-02;aggregation-03,0.2,2,3,7,aggregation-03;core-02,aggregation-03;aggregation-01,0.5,0.5,0.0,0.0,4,6,1.0,0.6666666666666666
independent-02,independent,access-02;aggregation-03,0.2,2,4,7,aggregation-03;core-02,aggregation-03;core-01,0.5,0.5,0.0,0.0,4,9,1.0,0.4444444444444444
independent-02,independent,access-02;aggregation-03,0.2,2,5,6,aggregation-03;core-02,aggregation-03;access-02,0.5,1.0,0.0,1.0,4,4,1.0,1.0
independent-02,independent,access-02;aggregation-03,0.2,2,6,7,aggregation-03;core-02,aggregation-03;access-02,0.5,1.0,0.0,1.0,4,4,1.0,1.0
independent-02,independent,access-02;aggregation-03,0.2,2,7,7,aggregation-03;core-02,aggregation-03;access-02,0.5,1.0,0.0,1.0,4,4,1.0,1.0
independent-02,independent,access-02;aggregation-03,0.2,2,8,6,aggregation-03;core-02,aggregation-03;access-02,0.5,1.0,0.0,1.0,4,4,1.0,1.0
independent-02,independent,access-02;aggregation-03,0.2,2,9,7,aggregation-03;core-02,aggregation-03;access-02,0.5,1.0,0.0,1.0,4,4,1.0,1.0
independent-02,independent,access-02;aggregation-03,0.2,2,10,5,aggregation-03;access-02,aggregation-03;access-02,1.0,1.0,1.0,1.0,4,4,1.0,1.0
independent-02,independent,access-02;aggregation-03,0.2,2,11,7,aggregation-03;core-02,aggregation-03;core-03,0.5,0.5,0.0,0.0,4,9,0.75,0.3
independent-02,independent,access-02;aggregation-03,0.2,2,12,4,access-02;access-09,access-09;access-02,0.5,0.5,0.0,0.0,4,2,0.5,0.5
independent-02,independent,access-02;aggregation-03,0.2,2,13,5,aggregation-03;core-02,aggregation-03;core-03,0.5,0.5,0.0,0.0,4,9,0.75,0.3
independent-02,independent,access-02;aggregation-03,0.2,2,14,7,aggregation-03;core-02,aggregation-03;access-02,0.5,1.0,0.0,1.0,4,4,1.0,1.0
independent-02,independent,access-02;aggregation-03,0.2,2,15,5,aggregation-03;access-02,access-02;aggregation-03,1.0,1.0,1.0,1.0,4,4,1.0,1.0
independent-02,independent,access-02;aggregation-03,0.2,2,16,7,aggregation-03;core-02,aggregation-03;access-02,0.5,1.0,0.0,1.0,4,4,1.0,1.0
independent-02,independent,access-02;aggregation-03,0.2,2,17,6,aggregation-03;core-02,aggregation-03;access-02,0.5,1.0,0.0,1.0,4,4,1.0,1.0
independent-02,independent,access-02;aggregation-03,0.2,2,18,5,aggregation-03;access-02,access-02;aggregation-03,1.0,1.0,1.0,1.0,4,4,1.0,1.0
independent-02,independent,access-02;aggregation-03,0.2,2,19,6,aggregation-03;core-02,aggregation-03;access-02,0.5,1.0,0.0,1.0,4,4,1.0,1.0
independent-02,independent,access-02;aggregation-03,0.2,4,0,6,access-06;access-07,core-01;aggregation-03,0.0,0.5,0.0,0.0,4,9,1.0,0.4444444444444444
independent-02,independent,access-02;aggregation-03,0.2,4,1,8,aggregation-03;access-02,aggregation-03;access-02,1.0,1.0,1.0,1.0,4,4,1.0,1.0
independent-02,independent,access-02;aggregation-03,0.2,4,2,7,aggregation-05;aggregation-03,aggregation-03;aggregation-05,0.5,0.5,0.0,0.0,4,6,0.75,0.42857142857142855
independent-02,independent,access-02;aggregation-03,0.2,4,3,8,aggregation-03;core-02,core-01;aggregation-03,0.5,0.5,0.0,0.0,4,9,1.0,0.4444444444444444
independent-02,independent,access-02;aggregation-03,0.2,4,4,8,core-02;aggregation-03,core-02;access-02,0.5,0.5,0.0,0.0,4,7,1.0,0.5714285714285714
independent-02,independent,access-02;aggregation-03,0.2,4,5,7,core-02;access-02,core-02;aggregation-05,0.5,0.0,0.0,0.0,4,9,0.75,0.3
independent-02,independent,access-02;aggregation-03,0.2,4,6,9,aggregation-03;core-02,core-02;aggregation-01,0.5,0.0,0.0,0.0,4,9,1.0,0.4444444444444444
independent-02,independent,access-02;aggregation-03,0.2,4,7,9,aggregation-03;core-02,aggregation-03;access-02,0.5,1.0,0.0,1.0,4,4,1.0,1.0
independent-02,independent,access-02;aggregation-03,0.2,4,8,7,access-02;access-07,access-02;aggregation-03,0.5,1.0,0.0,1.0,4,4,1.0,1.0
independent-02,independent,access-02;aggregation-03,0.2,4,9,7,aggregation-05;access-02,aggregation-05;core-01,0.5,0.0,0.0,0.0,4,9,0.25,0.08333333333333333
independent-02,independent,access-02;aggregation-03,0.2,4,10,7,aggregation-03;core-02,aggregation-03;core-03,0.5,0.5,0.0,0.0,4,9,0.75,0.3
independent-02,independent,access-02;aggregation-03,0.2,4,11,7,aggregation-03;core-02,aggregation-03;access-16,0.5,0.5,0.0,0.0,4,4,0.75,0.6
independent-02,independent,access-02;aggregation-03,0.2,4,12,6,access-02;access-08,access-02;core-02,0.5,0.5,0.0,0.0,4,7,1.0,0.5714285714285714
independent-02,independent,access-02;aggregation-03,0.2,4,13,8,aggregation-03;access-01,aggregation-03;core-01,0.5,0.5,0.0,0.0,4,9,1.0,0.4444444444444444
independent-02,independent,access-02;aggregation-03,0.2,4,14,8,aggregation-03;core-02,aggregation-03;access-02,0.5,1.0,0.0,1.0,4,4,1.0,1.0
independent-02,independent,access-02;aggregation-03,0.2,4,15,7,aggregation-03;core-02,aggregation-03;aggregation-04,0.5,0.5,0.0,0.0,4,6,0.75,0.42857142857142855
independent-02,independent,access-02;aggregation-03,0.2,4,16,8,core-02;aggregation-03,core-02;aggregation-01,0.5,0.0,0.0,0.0,4,9,1.0,0.4444444444444444
independent-02,independent,access-02;aggregation-03,0.2,4,17,8,aggregation-03;access-02,aggregation-03;aggregation-01,1.0,0.5,1.0,0.0,4,6,1.0,0.6666666666666666
independent-02,independent,access-02;aggregation-03,0.2,4,18,8,core-02;aggregation-03,core-02;access-02,0.5,0.5,0.0,0.0,4,7,1.0,0.5714285714285714
independent-02,independent,access-02;aggregation-03,0.2,4,19,8,aggregation-03;access-02,aggregation-03;access-02,1.0,1.0,1.0,1.0,4,4,1.0,1.0
independent-02,independent,access-02;aggregation-03,0.4,0,0,4,aggregation-03;core-02,aggregation-03;core-02,0.5,0.5,0.0,0.0,4,6,0.75,0.42857142857142855
independent-02,independent,access-02;aggregation-03,0.4,0,1,5,aggregation-03;core-02,aggregation-03;access-02,0.5,1.0,0.0,1.0,4,4,1.0,1.0
independent-02,independent,access-02;aggregation-03,0.4,0,2,3,aggregation-03;core-02,aggregation-03;access-02,0.5,1.0,0.0,1.0,4,4,1.0,1.0
independent-02,independent,access-02;aggregation-03,0.4,0,3,3,aggregation-03;core-02,aggregation-03;access-02,0.5,1.0,0.0,1.0,4,4,1.0,1.0
independent-02,independent,access-02;aggregation-03,0.4,0,4,2,aggregation-03;core-02,aggregation-03;core-02,0.5,0.5,0.0,0.0,4,6,0.75,0.42857142857142855
independent-02,independent,access-02;aggregation-03,0.4,0,5,3,aggregation-03;core-02,aggregation-03;access-02,0.5,1.0,0.0,1.0,4,4,1.0,1.0
independent-02,independent,access-02;aggregation-03,0.4,0,6,3,aggregation-03;core-02,aggregation-03;core-02,0.5,0.5,0.0,0.0,4,6,0.75,0.42857142857142855
independent-02,independent,access-02;aggregation-03,0.4,0,7,4,aggregation-03;core-02,aggregation-03;access-02,0.5,1.0,0.0,1.0,4,4,1.0,1.0
independent-02,independent,access-02;aggregation-03,0.4,0,8,2,aggregation-03;core-02,aggregation-03;core-02,0.5,0.5,0.0,0.0,4,6,0.75,0.42857142857142855
independent-02,independent,access-02;aggregation-03,0.4,0,9,1,aggregation-03;core-02,aggregation-03;core-02,0.5,0.5,0.0,0.0,4,6,0.75,0.42857142857142855
independent-02,independent,access-02;aggregation-03,0.4,0,10,5,aggregation-03;core-02,aggregation-03;access-02,0.5,1.0,0.0,1.0,4,4,1.0,1.0
independent-02,independent,access-02;aggregation-03,0.4,0,11,3,aggregation-03;core-02,aggregation-03;core-02,0.5,0.5,0.0,0.0,4,6,0.75,0.42857142857142855
independent-02,independent,access-02;aggregation-03,0.4,0,12,3,aggregation-03;core-02,aggregation-03;core-02,0.5,0.5,0.0,0.0,4,6,0.75,0.42857142857142855
independent-02,independent,access-02;aggregation-03,0.4,0,13,3,aggregation-03;core-02,aggregation-03;access-02,0.5,1.0,0.0,1.0,4,4,1.0,1.0
independent-02,independent,access-02;aggregation-03,0.4,0,14,1,access-02;aggregation-01,access-02;aggregation-01,0.5,0.5,0.0,0.0,4,3,0.25,0.16666666666666666
independent-02,independent,access-02;aggregation-03,0.4,0,15,4,aggregation-03;core-02,aggregation-03;access-02,0.5,1.0,0.0,1.0,4,4,1.0,1.0
independent-02,independent,access-02;aggregation-03,0.4,0,16,4,aggregation-03;core-02,aggregation-03;access-02,0.5,1.0,0.0,1.0,4,4,1.0,1.0
independent-02,independent,access-02;aggregation-03,0.4,0,17,2,aggregation-03;core-02,aggregation-03;core-02,0.5,0.5,0.0,0.0,4,6,0.75,0.42857142857142855
independent-02,independent,access-02;aggregation-03,0.4,0,18,3,aggregation-03;core-02,aggregation-03;access-02,0.5,1.0,0.0,1.0,4,4,1.0,1.0
independent-02,independent,access-02;aggregation-03,0.4,0,19,4,aggregation-03;core-02,aggregation-03;access-02,0.5,1.0,0.0,1.0,4,4,1.0,1.0
independent-02,independent,access-02;aggregation-03,0.4,2,0,4,aggregation-03;access-07,aggregation-03;aggregation-04,0.5,0.5,0.0,0.0,4,6,0.75,0.42857142857142855
independent-02,independent,access-02;aggregation-03,0.4,2,1,4,access-02;access-14,access-02;access-17,0.5,0.5,0.0,0.0,4,2,0.25,0.2
independent-02,independent,access-02;aggregation-03,0.4,2,2,6,aggregation-03;core-02,aggregation-03;access-02,0.5,1.0,0.0,1.0,4,4,1.0,1.0
independent-02,independent,access-02;aggregation-03,0.4,2,3,5,aggregation-03;core-02,aggregation-03;access-03,0.5,0.5,0.0,0.0,4,4,0.75,0.6
independent-02,independent,access-02;aggregation-03,0.4,2,4,6,aggregation-03;core-02,aggregation-03;core-02,0.5,0.5,0.0,0.0,4,6,0.75,0.42857142857142855
independent-02,independent,access-02;aggregation-03,0.4,2,5,7,aggregation-03;core-02,aggregation-03;access-02,0.5,1.0,0.0,1.0,4,4,1.0,1.0
independent-02,independent,access-02;aggregation-03,0.4,2,6,5,aggregation-03;core-02,aggregation-03;access-04,0.5,0.5,0.0,0.0,4,4,0.75,0.6
independent-02,independent,access-02;aggregation-03,0.4,2,7,6,core-02;aggregation-03,core-02;core-01,0.5,0.0,0.0,0.0,4,12,1.0,0.3333333333333333
independent-02,independent,access-02;aggregation-03,0.4,2,8,5,access-02;access-06,aggregation-03;core-01,0.5,0.5,0.0,0.0,4,9,1.0,0.4444444444444444
independent-02,independent,access-02;aggregation-03,0.4,2,9,4,aggregation-03;access-07,aggregation-03;aggregation-05,0.5,0.5,0.0,0.0,4,6,0.75,0.42857142857142855
independent-02,independent,access-02;aggregation-03,0.4,2,10,6,aggregation-03;core-02,aggregation-03;access-18,0.5,0.5,0.0,0.0,4,4,0.75,0.6
independent-02,independent,access-02;aggregation-03,0.4,2,11,4,access-02;access-07,access-02;access-07,0.5,0.5,0.0,0.0,4,2,0.5,0.5
independent-02,independent,access-02;aggregation-03,0.4,2,12,5,aggregation-03;core-02,aggregation-03;core-01,0.5,0.5,0.0,0.0,4,9,1.0,0.4444444444444444
independent-02,independent,access-02;aggregation-03,0.4,2,13,4,access-02;access-07,access-07;access-02,0.5,0.5,0.0,0.0,4,2,0.5,0.5
independent-02,independent,access-02;aggregation-03,0.4,2,14,5,aggregation-03;access-01,aggregation-01;aggregation-03,0.5,0.5,0.0,0.0,4,6,1.0,0.6666666666666666
independent-02,independent,access-02;aggregation-03,0.4,2,15,6,core-02;aggregation-03,core-02;access-02,0.5,0.5,0.0,0.0,4,7,1.0,0.5714285714285714
independent-02,independent,access-02;aggregation-03,0.4,2,16,6,aggregation-03;core-02,aggregation-03;access-15,0.5,0.5,0.0,0.0,4,4,0.75,0.6
independent-02,independent,access-02;aggregation-03,0.4,2,17,4,access-02;access-08,access-02;access-08,0.5,0.5,0.0,0.0,4,2,0.5,0.5
independent-02,independent,access-02;aggregation-03,0.4,2,18,4,aggregation-03;access-04,aggregation-03;core-01,0.5,0.5,0.0,0.0,4,9,1.0,0.4444444444444444
independent-02,independent,access-02;aggregation-03,0.4,2,19,5,aggregation-03;access-02,aggregation-03;access-02,1.0,1.0,1.0,1.0,4,4,1.0,1.0
independent-02,independent,access-02;aggregation-03,0.4,4,0,6,access-02;access-08,access-02;access-08,0.5,0.5,0.0,0.0,4,2,0.5,0.5
independent-02,independent,access-02;aggregation-03,0.4,4,1,6,access-02;access-06,access-06;access-02,0.5,0.5,0.0,0.0,4,2,0.25,0.2
independent-02,independent,access-02;aggregation-03,0.4,4,2,7,aggregation-03;core-02,aggregation-03;access-06,0.5,0.5,0.0,0.0,4,4,0.75,0.6
independent-02,independent,access-02;aggregation-03,0.4,4,3,8,aggregation-03;core-02,aggregation-03;core-02,0.5,0.5,0.0,0.0,4,6,0.75,0.42857142857142855
independent-02,independent,access-02;aggregation-03,0.4,4,4,8,aggregation-03;aggregation-05,aggregation-03;core-03,0.5,0.5,0.0,0.0,4,9,0.75,0.3
independent-02,independent,access-02;aggregation-03,0.4,4,5,7,aggregation-03;core-02,aggregation-03;aggregation-04,0.5,0.5,0.0,0.0,4,6,0.75,0.42857142857142855
independent-02,independent,access-02;aggregation-03,0.4,4,6,5,access-04;access-05,access-04;access-05,0.0,0.0,0.0,0.0,4,2,0.0,0.0
independent-02,independent,access-02;aggregation-03,0.4,4,7,5,aggregation-02;core-01,core-01;core-02,0.0,0.0,0.0,0.0,4,12,1.0,0.3333333333333333
independent-02,independent,access-02;aggregation-03,0.4,4,8,8,core-02;aggregation-03,core-02;access-02,0.5,0.5,0.0,0.0,4,7,1.0,0.5714285714285714
independent-02,independent,access-02;aggregation-03,0.4,4,9,8,aggregation-03;core-02,aggregation-03;access-02,0.5,1.0,0.0,1.0,4,4,1.0,1.0
independent-02,independent,access-02;aggregation-03,0.4,4,10,8,aggregation-03;core-02,aggregation-03;access-02,0.5,1.0,0.0,1.0,4,4,1.0,1.0
independent-02,independent,access-02;aggregation-03,0.4,4,11,7,access-02;access-07,access-02;aggregation-03,0.5,1.0,0.0,1.0,4,4,1.0,1.0
independent-02,independent,access-02;aggregation-03,0.4,4,12,6,access-03;access-05,aggregation-03;access-18,0.0,0.5,0.0,0.0,4,4,0.75,0.6
independent-02,independent,access-02;aggregation-03,0.4,4,13,8,aggregation-03;access-01,aggregation-03;core-01,0.5,0.5,0.0,0.0,4,9,1.0,0.4444444444444444
independent-02,independent,access-02;aggregation-03,0.4,4,14,7,aggregation-03;core-02,aggregation-03;access-04,0.5,0.5,0.0,0.0,4,4,0.75,0.6
independent-02,independent,access-02;aggregation-03,0.4,4,15,6,aggregation-03;access-01,aggregation-03;access-01,0.5,0.5,0.0,0.0,4,4,0.75,0.6
independent-02,independent,access-02;aggregation-03,0.4,4,16,8,aggregation-03;core-02,aggregation-03;access-12,0.5,0.5,0.0,0.0,4,4,0.75,0.6
independent-02,independent,access-02;aggregation-03,0.4,4,17,7,aggregation-03;core-02,aggregation-03;core-01,0.5,0.5,0.0,0.0,4,9,1.0,0.4444444444444444
independent-02,independent,access-02;aggregation-03,0.4,4,18,6,aggregation-01;access-01,aggregation-01;aggregation-03,0.0,0.5,0.0,0.0,4,6,1.0,0.6666666666666666
independent-02,independent,access-02;aggregation-03,0.4,4,19,8,aggregation-03;core-02,aggregation-03;aggregation-01,0.5,0.5,0.0,0.0,4,6,1.0,0.6666666666666666
independent-03,independent,aggregation-01;aggregation-04,0.0,0,0,8,aggregation-01;aggregation-04,aggregation-01;aggregation-04,1.0,1.0,1.0,1.0,6,6,1.0,1.0
independent-03,independent,aggregation-01;aggregation-04,0.0,0,1,8,aggregation-04;aggregation-01,aggregation-04;aggregation-01,1.0,1.0,1.0,1.0,6,6,1.0,1.0
independent-03,independent,aggregation-01;aggregation-04,0.0,0,2,8,aggregation-01;aggregation-04,aggregation-01;aggregation-04,1.0,1.0,1.0,1.0,6,6,1.0,1.0
independent-03,independent,aggregation-01;aggregation-04,0.0,0,3,8,aggregation-04;aggregation-01,aggregation-04;aggregation-01,1.0,1.0,1.0,1.0,6,6,1.0,1.0
independent-03,independent,aggregation-01;aggregation-04,0.0,0,4,8,aggregation-01;aggregation-04,aggregation-01;aggregation-04,1.0,1.0,1.0,1.0,6,6,1.0,1.0
independent-03,independent,aggregation-01;aggregation-04,0.0,0,5,8,aggregation-01;aggregation-04,aggregation-01;aggregation-04,1.0,1.0,1.0,1.0,6,6,1.0,1.0
independent-03,independent,aggregation-01;aggregation-04,0.0,0,6,8,aggregation-01;aggregation-04,aggregation-01;aggregation-04,1.0,1.0,1.0,1.0,6,6,1.0,1.0
independent-03,independent,aggregation-01;aggregation-04,0.0,0,7,8,aggregation-04;aggregation-01,aggregation-04;aggregation-01,1.0,1.0,1.0,1.0,6,6,1.0,1.0
independent-03,independent,aggregation-01;aggregation-04,0.0,0,8,8,aggregation-04;aggregation-01,aggregation-04;aggregation-01,1.0,1.0,1.0,1.0,6,6,1.0,1.0
independent-03,independent,aggregation-01;aggregation-04,0.0,0,9,8,aggregation-01;aggregation-04,aggregation-01;aggregation-04,1.0,1.0,1.0,1.0,6,6,1.0,1.0
independent-03,independent,aggregation-01;aggregation-04,0.0,0,10,8,aggregation-04;aggregation-01,aggregation-04;aggregation-01,1.0,1.0,1.0,1.0,6,6,1.0,1.0
independent-03,independent,aggregation-01;aggregation-04,0.0,0,11,8,aggregation-01;aggregation-04,aggregation-01;aggregation-04,1.0,1.0,1.0,1.0,6,6,1.0,1.0
independent-03,independent,aggregation-01;aggregation-04,0.0,0,12,8,aggregation-01;aggregation-04,aggregation-01;aggregation-04,1.0,1.0,1.0,1.0,6,6,1.0,1.0
independent-03,independent,aggregation-01;aggregation-04,0.0,0,13,8,aggregation-04;aggregation-01,aggregation-04;aggregation-01,1.0,1.0,1.0,1.0,6,6,1.0,1.0
independent-03,independent,aggregation-01;aggregation-04,0.0,0,14,8,aggregation-04;aggregation-01,aggregation-04;aggregation-01,1.0,1.0,1.0,1.0,6,6,1.0,1.0
independent-03,independent,aggregation-01;aggregation-04,0.0,0,15,8,aggregation-01;aggregation-04,aggregation-01;aggregation-04,1.0,1.0,1.0,1.0,6,6,1.0,1.0
independent-03,independent,aggregation-01;aggregation-04,0.0,0,16,8,aggregation-01;aggregation-04,aggregation-01;aggregation-04,1.0,1.0,1.0,1.0,6,6,1.0,1.0
independent-03,independent,aggregation-01;aggregation-04,0.0,0,17,8,aggregation-01;aggregation-04,aggregation-01;aggregation-04,1.0,1.0,1.0,1.0,6,6,1.0,1.0
independent-03,independent,aggregation-01;aggregation-04,0.0,0,18,8,aggregation-04;aggregation-01,aggregation-04;aggregation-01,1.0,1.0,1.0,1.0,6,6,1.0,1.0
independent-03,independent,aggregation-01;aggregation-04,0.0,0,19,8,aggregation-01;aggregation-04,aggregation-01;aggregation-04,1.0,1.0,1.0,1.0,6,6,1.0,1.0
independent-03,independent,aggregation-01;aggregation-04,0.0,2,0,10,aggregation-01;aggregation-04,aggregation-01;aggregation-04,1.0,1.0,1.0,1.0,6,6,1.0,1.0
independent-03,independent,aggregation-01;aggregation-04,0.0,2,1,10,aggregation-01;aggregation-04,aggregation-01;aggregation-04,1.0,1.0,1.0,1.0,6,6,1.0,1.0
independent-03,independent,aggregation-01;aggregation-04,0.0,2,2,10,aggregation-01;aggregation-04,aggregation-01;aggregation-04,1.0,1.0,1.0,1.0,6,6,1.0,1.0
independent-03,independent,aggregation-01;aggregation-04,0.0,2,3,10,aggregation-01;aggregation-04,aggregation-04;aggregation-01,1.0,1.0,1.0,1.0,6,6,1.0,1.0
independent-03,independent,aggregation-01;aggregation-04,0.0,2,4,10,aggregation-01;aggregation-04,aggregation-01;aggregation-04,1.0,1.0,1.0,1.0,6,6,1.0,1.0
independent-03,independent,aggregation-01;aggregation-04,0.0,2,5,10,aggregation-01;aggregation-04,aggregation-01;aggregation-04,1.0,1.0,1.0,1.0,6,6,1.0,1.0
independent-03,independent,aggregation-01;aggregation-04,0.0,2,6,10,aggregation-01;aggregation-04,aggregation-04;aggregation-01,1.0,1.0,1.0,1.0,6,6,1.0,1.0
independent-03,independent,aggregation-01;aggregation-04,0.0,2,7,10,aggregation-01;aggregation-04,aggregation-01;aggregation-04,1.0,1.0,1.0,1.0,6,6,1.0,1.0
independent-03,independent,aggregation-01;aggregation-04,0.0,2,8,10,aggregation-04;aggregation-01,aggregation-01;aggregation-04,1.0,1.0,1.0,1.0,6,6,1.0,1.0
independent-03,independent,aggregation-01;aggregation-04,0.0,2,9,10,aggregation-04;aggregation-01,aggregation-04;aggregation-01,1.0,1.0,1.0,1.0,6,6,1.0,1.0
independent-03,independent,aggregation-01;aggregation-04,0.0,2,10,10,aggregation-01;aggregation-04,aggregation-01;aggregation-04,1.0,1.0,1.0,1.0,6,6,1.0,1.0
independent-03,independent,aggregation-01;aggregation-04,0.0,2,11,10,aggregation-04;aggregation-01,aggregation-04;aggregation-01,1.0,1.0,1.0,1.0,6,6,1.0,1.0
independent-03,independent,aggregation-01;aggregation-04,0.0,2,12,10,aggregation-04;aggregation-01,aggregation-04;aggregation-01,1.0,1.0,1.0,1.0,6,6,1.0,1.0
independent-03,independent,aggregation-01;aggregation-04,0.0,2,13,10,aggregation-01;aggregation-04,aggregation-01;aggregation-04,1.0,1.0,1.0,1.0,6,6,1.0,1.0
independent-03,independent,aggregation-01;aggregation-04,0.0,2,14,10,aggregation-04;aggregation-01,aggregation-04;aggregation-01,1.0,1.0,1.0,1.0,6,6,1.0,1.0
independent-03,independent,aggregation-01;aggregation-04,0.0,2,15,10,aggregation-01;aggregation-04,aggregation-01;aggregation-04,1.0,1.0,1.0,1.0,6,6,1.0,1.0
independent-03,independent,aggregation-01;aggregation-04,0.0,2,16,10,aggregation-01;aggregation-04,aggregation-01;aggregation-04,1.0,1.0,1.0,1.0,6,6,1.0,1.0
independent-03,independent,aggregation-01;aggregation-04,0.0,2,17,10,aggregation-04;aggregation-01,aggregation-01;aggregation-04,1.0,1.0,1.0,1.0,6,6,1.0,1.0
independent-03,independent,aggregation-01;aggregation-04,0.0,2,18,10,aggregation-04;aggregation-01,aggregation-01;aggregation-04,1.0,1.0,1.0,1.0,6,6,1.0,1.0
independent-03,independent,aggregation-01;aggregation-04,0.0,2,19,10,aggregation-01;aggregation-04,aggregation-01;aggregation-04,1.0,1.0,1.0,1.0,6,6,1.0,1.0
independent-03,independent,aggregation-01;aggregation-04,0.0,4,0,12,aggregation-04;aggregation-01,aggregation-01;aggregation-04,1.0,1.0,1.0,1.0,6,6,1.0,1.0
independent-03,independent,aggregation-01;aggregation-04,0.0,4,1,12,aggregation-01;aggregation-04,aggregation-04;aggregation-01,1.0,1.0,1.0,1.0,6,6,1.0,1.0
independent-03,independent,aggregation-01;aggregation-04,0.0,4,2,12,aggregation-01;aggregation-04,aggregation-01;aggregation-04,1.0,1.0,1.0,1.0,6,6,1.0,1.0
independent-03,independent,aggregation-01;aggregation-04,0.0,4,3,12,aggregation-01;aggregation-04,aggregation-01;aggregation-04,1.0,1.0,1.0,1.0,6,6,1.0,1.0
independent-03,independent,aggregation-01;aggregation-04,0.0,4,4,12,aggregation-04;aggregation-01,aggregation-01;aggregation-04,1.0,1.0,1.0,1.0,6,6,1.0,1.0
independent-03,independent,aggregation-01;aggregation-04,0.0,4,5,12,aggregation-01;aggregation-04,aggregation-01;aggregation-04,1.0,1.0,1.0,1.0,6,6,1.0,1.0
independent-03,independent,aggregation-01;aggregation-04,0.0,4,6,12,aggregation-01;aggregation-04,aggregation-01;aggregation-04,1.0,1.0,1.0,1.0,6,6,1.0,1.0
independent-03,independent,aggregation-01;aggregation-04,0.0,4,7,12,aggregation-04;aggregation-01,aggregation-01;aggregation-04,1.0,1.0,1.0,1.0,6,6,1.0,1.0
independent-03,independent,aggregation-01;aggregation-04,0.0,4,8,12,aggregation-04;aggregation-01,aggregation-04;aggregation-01,1.0,1.0,1.0,1.0,6,6,1.0,1.0
independent-03,independent,aggregation-01;aggregation-04,0.0,4,9,12,aggregation-01;aggregation-04,aggregation-04;aggregation-01,1.0,1.0,1.0,1.0,6,6,1.0,1.0
independent-03,independent,aggregation-01;aggregation-04,0.0,4,10,12,aggregation-04;aggregation-01,aggregation-01;aggregation-04,1.0,1.0,1.0,1.0,6,6,1.0,1.0
independent-03,independent,aggregation-01;aggregation-04,0.0,4,11,12,aggregation-04;aggregation-01,aggregation-04;aggregation-01,1.0,1.0,1.0,1.0,6,6,1.0,1.0
independent-03,independent,aggregation-01;aggregation-04,0.0,4,12,12,aggregation-04;aggregation-01,aggregation-04;aggregation-01,1.0,1.0,1.0,1.0,6,6,1.0,1.0
independent-03,independent,aggregation-01;aggregation-04,0.0,4,13,12,aggregation-04;aggregation-01,aggregation-04;aggregation-01,1.0,1.0,1.0,1.0,6,6,1.0,1.0
independent-03,independent,aggregation-01;aggregation-04,0.0,4,14,12,aggregation-04;aggregation-01,aggregation-01;aggregation-04,1.0,1.0,1.0,1.0,6,6,1.0,1.0
independent-03,independent,aggregation-01;aggregation-04,0.0,4,15,12,aggregation-01;aggregation-04,aggregation-04;aggregation-01,1.0,1.0,1.0,1.0,6,6,1.0,1.0
independent-03,independent,aggregation-01;aggregation-04,0.0,4,16,12,aggregation-04;aggregation-01,aggregation-04;aggregation-01,1.0,1.0,1.0,1.0,6,6,1.0,1.0
independent-03,independent,aggregation-01;aggregation-04,0.0,4,17,12,aggregation-04;aggregation-01,aggregation-04;aggregation-01,1.0,1.0,1.0,1.0,6,6,1.0,1.0
independent-03,independent,aggregation-01;aggregation-04,0.0,4,18,12,aggregation-04;aggregation-01,aggregation-04;aggregation-01,1.0,1.0,1.0,1.0,6,6,1.0,1.0
independent-03,independent,aggregation-01;aggregation-04,0.0,4,19,12,aggregation-01;aggregation-04,aggregation-01;aggregation-04,1.0,1.0,1.0,1.0,6,6,1.0,1.0
independent-03,independent,aggregation-01;aggregation-04,0.2,0,0,7,aggregation-04;core-02,aggregation-04;aggregation-01,0.5,1.0,0.0,1.0,6,6,1.0,1.0
independent-03,independent,aggregation-01;aggregation-04,0.2,0,1,7,aggregation-01;aggregation-04,aggregation-01;aggregation-04,1.0,1.0,1.0,1.0,6,6,1.0,1.0
independent-03,independent,aggregation-01;aggregation-04,0.2,0,2,8,aggregation-01;aggregation-04,aggregation-01;aggregation-04,1.0,1.0,1.0,1.0,6,6,1.0,1.0
independent-03,independent,aggregation-01;aggregation-04,0.2,0,3,6,aggregation-01;aggregation-04,aggregation-01;aggregation-04,1.0,1.0,1.0,1.0,6,6,1.0,1.0
independent-03,independent,aggregation-01;aggregation-04,0.2,0,4,8,aggregation-04;aggregation-01,aggregation-04;aggregation-01,1.0,1.0,1.0,1.0,6,6,1.0,1.0
independent-03,independent,aggregation-01;aggregation-04,0.2,0,5,7,aggregation-04;aggregation-01,aggregation-04;aggregation-01,1.0,1.0,1.0,1.0,6,6,1.0,1.0
independent-03,independent,aggregation-01;aggregation-04,0.2,0,6,6,aggregation-04;core-02,aggregation-04;aggregation-01,0.5,1.0,0.0,1.0,6,6,1.0,1.0
independent-03,independent,aggregation-01;aggregation-04,0.2,0,7,6,aggregation-01;aggregation-04,aggregation-01;aggregation-04,1.0,1.0,1.0,1.0,6,6,1.0,1.0
independent-03,independent,aggregation-01;aggregation-04,0.2,0,8,7,aggregation-01;aggregation-04,aggregation-01;aggregation-04,1.0,1.0,1.0,1.0,6,6,1.0,1.0
independent-03,independent,aggregation-01;aggregation-04,0.2,0,9,8,aggregation-04;aggregation-01,aggregation-04;aggregation-01,1.0,1.0,1.0,1.0,6,6,1.0,1.0
independent-03,independent,aggregation-01;aggregation-04,0.2,0,10,6,aggregation-01;core-01,aggregation-01;aggregation-04,0.5,1.0,0.0,1.0,6,6,1.0,1.0
independent-03,independent,aggregation-01;aggregation-04,0.2,0,11,6,aggregation-01;core-01,aggregation-01;aggregation-04,0.5,1.0,0.0,1.0,6,6,1.0,1.0
independent-03,independent,aggregation-01;aggregation-04,0.2,0,12,8,aggregation-04;aggregation-01,aggregation-04;aggregation-01,1.0,1.0,1.0,1.0,6,6,1.0,1.0
independent-03,independent,aggregation-01;aggregation-04,0.2,0,13,8,aggregation-04;aggregation-01,aggregation-04;aggregation-01,1.0,1.0,1.0,1.0,6,6,1.0,1.0
independent-03,independent,aggregation-01;aggregation-04,0.2,0,14,6,aggregation-04;aggregation-01,aggregation-04;aggregation-01,1.0,1.0,1.0,1.0,6,6,1.0,1.0
independent-03,independent,aggregation-01;aggregation-04,0.2,0,15,5,aggregation-04;core-02,aggregation-04;aggregation-01,0.5,1.0,0.0,1.0,6,6,1.0,1.0
independent-03,independent,aggregation-01;aggregation-04,0.2,0,16,8,aggregation-04;aggregation-01,aggregation-04;aggregation-01,1.0,1.0,1.0,1.0,6,6,1.0,1.0
independent-03,independent,aggregation-01;aggregation-04,0.2,0,17,4,aggregation-01;aggregation-04,aggregation-01;aggregation-04,1.0,1.0,1.0,1.0,6,6,1.0,1.0
independent-03,independent,aggregation-01;aggregation-04,0.2,0,18,6,aggregation-01;aggregation-04,aggregation-01;aggregation-04,1.0,1.0,1.0,1.0,6,6,1.0,1.0
independent-03,independent,aggregation-01;aggregation-04,0.2,0,19,6,aggregation-04;aggregation-01,aggregation-04;aggregation-01,1.0,1.0,1.0,1.0,6,6,1.0,1.0
independent-03,independent,aggregation-01;aggregation-04,0.2,2,0,9,aggregation-04;aggregation-01,aggregation-01;aggregation-04,1.0,1.0,1.0,1.0,6,6,1.0,1.0
independent-03,independent,aggregation-01;aggregation-04,0.2,2,1,9,aggregation-04;aggregation-01,aggregation-04;aggregation-01,1.0,1.0,1.0,1.0,6,6,1.0,1.0
independent-03,independent,aggregation-01;aggregation-04,0.2,2,2,8,aggregation-01;core-01,aggregation-01;core-02,0.5,0.5,0.0,0.0,6,9,1.0,0.6666666666666666
independent-03,independent,aggregation-01;aggregation-04,0.2,2,3,9,aggregation-01;aggregation-04,aggregation-01;aggregation-04,1.0,1.0,1.0,1.0,6,6,1.0,1.0
independent-03,independent,aggregation-01;aggregation-04,0.2,2,4,10,aggregation-04;aggregation-01,aggregation-04;aggregation-01,1.0,1.0,1.0,1.0,6,6,1.0,1.0
independent-03,independent,aggregation-01;aggregation-04,0.2,2,5,10,aggregation-04;aggregation-01,aggregation-04;aggregation-01,1.0,1.0,1.0,1.0,6,6,1.0,1.0
independent-03,independent,aggregation-01;aggregation-04,0.2,2,6,8,aggregation-01;aggregation-04,aggregation-04;core-01,1.0,0.5,1.0,0.0,6,9,1.0,0.6666666666666666
independent-03,independent,aggregation-01;aggregation-04,0.2,2,7,7,aggregation-01;core-01,aggregation-01;aggregation-04,0.5,1.0,0.0,1.0,6,6,1.0,1.0
independent-03,independent,aggregation-01;aggregation-04,0.2,2,8,10,aggregation-01;aggregation-04,aggregation-04;aggregation-01,1.0,1.0,1.0,1.0,6,6,1.0,1.0
independent-03,independent,aggregation-01;aggregation-04,0.2,2,9,8,aggregation-01;aggregation-04,aggregation-01;aggregation-04,1.0,1.0,1.0,1.0,6,6,1.0,1.0
independent-03,independent,aggregation-01;aggregation-04,0.2,2,10,8,aggregation-01;aggregation-04,aggregation-01;aggregation-04,1.0,1.0,1.0,1.0,6,6,1.0,1.0
independent-03,independent,aggregation-01;aggregation-04,0.2,2,11,9,aggregation-04;aggregation-01,aggregation-01;aggregation-04,1.0,1.0,1.0,1.0,6,6,1.0,1.0
independent-03,independent,aggregation-01;aggregation-04,0.2,2,12,8,aggregation-04;aggregation-01,aggregation-04;aggregation-01,1.0,1.0,1.0,1.0,6,6,1.0,1.0
independent-03,independent,aggregation-01;aggregation-04,0.2,2,13,9,aggregation-01;aggregation-04,aggregation-01;aggregation-04,1.0,1.0,1.0,1.0,6,6,1.0,1.0
independent-03,independent,aggregation-01;aggregation-04,0.2,2,14,10,aggregation-01;aggregation-04,aggregation-01;aggregation-04,1.0,1.0,1.0,1.0,6,6,1.0,1.0
independent-03,independent,aggregation-01;aggregation-04,0.2,2,15,8,aggregation-01;core-01,aggregation-01;aggregation-04,0.5,1.0,0.0,1.0,6,6,1.0,1.0
independent-03,independent,aggregation-01;aggregation-04,0.2,2,16,8,aggregation-01;aggregation-04,aggregation-01;aggregation-04,1.0,1.0,1.0,1.0,6,6,1.0,1.0
independent-03,independent,aggregation-01;aggregation-04,0.2,2,17,9,aggregation-04;aggregation-01,aggregation-04;aggregation-01,1.0,1.0,1.0,1.0,6,6,1.0,1.0
independent-03,independent,aggregation-01;aggregation-04,0.2,2,18,10,aggregation-01;aggregation-04,aggregation-04;aggregation-01,1.0,1.0,1.0,1.0,6,6,1.0,1.0
independent-03,independent,aggregation-01;aggregation-04,0.2,2,19,10,aggregation-04;aggregation-01,aggregation-04;aggregation-01,1.0,1.0,1.0,1.0,6,6,1.0,1.0
independent-03,independent,aggregation-01;aggregation-04,0.2,4,0,10,aggregation-01;core-01,aggregation-01;core-02,0.5,0.5,0.0,0.0,6,9,1.0,0.6666666666666666
independent-03,independent,aggregation-01;aggregation-04,0.2,4,1,12,aggregation-04;aggregation-01,aggregation-01;aggregation-04,1.0,1.0,1.0,1.0,6,6,1.0,1.0
independent-03,independent,aggregation-01;aggregation-04,0.2,4,2,9,aggregation-01;aggregation-04,aggregation-01;aggregation-04,1.0,1.0,1.0,1.0,6,6,1.0,1.0
independent-03,independent,aggregation-01;aggregation-04,0.2,4,3,11,aggregation-04;aggregation-01,aggregation-04;aggregation-01,1.0,1.0,1.0,1.0,6,6,1.0,1.0
independent-03,independent,aggregation-01;aggregation-04,0.2,4,4,12,aggregation-04;aggregation-01,aggregation-04;aggregation-01,1.0,1.0,1.0,1.0,6,6,1.0,1.0
independent-03,independent,aggregation-01;aggregation-04,0.2,4,5,11,aggregation-04;aggregation-01,aggregation-04;aggregation-01,1.0,1.0,1.0,1.0,6,6,1.0,1.0
independent-03,independent,aggregation-01;aggregation-04,0.2,4,6,11,aggregation-04;aggregation-01,aggregation-04;core-01,1.0,0.5,1.0,0.0,6,9,1.0,0.6666666666666666
independent-03,independent,aggregation-01;aggregation-04,0.2,4,7,12,aggregation-04;aggregation-01,aggregation-04;aggregation-01,1.0,1.0,1.0,1.0,6,6,1.0,1.0
independent-03,independent,aggregation-01;aggregation-04,0.2,4,8,11,aggregation-04;aggregation-01,aggregation-04;aggregation-01,1.0,1.0,1.0,1.0,6,6,1.0,1.0
independent-03,independent,aggregation-01;aggregation-04,0.2,4,9,10,aggregation-04;core-02,core-01;aggregation-04,0.5,0.5,0.0,0.0,6,9,1.0,0.6666666666666666
independent-03,independent,aggregation-01;aggregation-04,0.2,4,10,10,aggregation-01;aggregation-04,aggregation-01;aggregation-04,1.0,1.0,1.0,1.0,6,6,1.0,1.0
independent-03,independent,aggregation-01;aggregation-04,0.2,4,11,11,aggregation-04;aggregation-01,aggregation-04;aggregation-01,1.0,1.0,1.0,1.0,6,6,1.0,1.0
independent-03,independent,aggregation-01;aggregation-04,0.2,4,12,11,aggregation-01;aggregation-04,aggregation-01;aggregation-04,1.0,1.0,1.0,1.0,6,6,1.0,1.0
independent-03,independent,aggregation-01;aggregation-04,0.2,4,13,11,aggregation-04;aggregation-01,aggregation-04;aggregation-01,1.0,1.0,1.0,1.0,6,6,1.0,1.0
independent-03,independent,aggregation-01;aggregation-04,0.2,4,14,11,aggregation-04;aggregation-01,aggregation-01;aggregation-04,1.0,1.0,1.0,1.0,6,6,1.0,1.0
independent-03,independent,aggregation-01;aggregation-04,0.2,4,15,11,aggregation-04;aggregation-01,aggregation-04;aggregation-01,1.0,1.0,1.0,1.0,6,6,1.0,1.0
independent-03,independent,aggregation-01;aggregation-04,0.2,4,16,10,aggregation-04;aggregation-01,aggregation-01;core-02,1.0,0.5,1.0,0.0,6,9,1.0,0.6666666666666666
independent-03,independent,aggregation-01;aggregation-04,0.2,4,17,12,aggregation-04;aggregation-01,aggregation-04;aggregation-01,1.0,1.0,1.0,1.0,6,6,1.0,1.0
independent-03,independent,aggregation-01;aggregation-04,0.2,4,18,8,core-02;aggregation-04,aggregation-04;core-02,0.5,0.5,0.0,0.0,6,6,0.5,0.3333333333333333
independent-03,independent,aggregation-01;aggregation-04,0.2,4,19,11,aggregation-04;aggregation-01,aggregation-04;aggregation-01,1.0,1.0,1.0,1.0,6,6,1.0,1.0
independent-03,independent,aggregation-01;aggregation-04,0.4,0,0,2,aggregation-01;core-01,aggregation-01;core-01,0.5,0.5,0.0,0.0,6,6,0.5,0.3333333333333333
independent-03,independent,aggregation-01;aggregation-04,0.4,0,1,2,access-01;aggregation-04,access-01;aggregation-04,0.5,0.5,0.0,0.0,6,4,0.6666666666666666,0.6666666666666666
independent-03,independent,aggregation-01;aggregation-04,0.4,0,2,3,aggregation-04;core-02,aggregation-04;access-02,0.5,0.5,0.0,0.0,6,4,0.6666666666666666,0.6666666666666666
independent-03,independent,aggregation-01;aggregation-04,0.4,0,3,5,aggregation-04;core-02,aggregation-04;aggregation-01,0.5,1.0,0.0,1.0,6,6,1.0,1.0
independent-03,independent,aggregation-01;aggregation-04,0.4,0,4,5,aggregation-01;core-01,aggregation-01;aggregation-04,0.5,1.0,0.0,1.0,6,6,1.0,1.0
independent-03,independent,aggregation-01;aggregation-04,0.4,0,5,7,aggregation-01;aggregation-04,aggregation-01;aggregation-04,1.0,1.0,1.0,1.0,6,6,1.0,1.0
independent-03,independent,aggregation-01;aggregation-04,0.4,0,6,7,aggregation-04;core-02,aggregation-04;aggregation-01,0.5,1.0,0.0,1.0,6,6,1.0,1.0
independent-03,independent,aggregation-01;aggregation-04,0.4,0,7,5,aggregation-04;core-02,aggregation-04;aggregation-01,0.5,1.0,0.0,1.0,6,6,1.0,1.0
independent-03,independent,aggregation-01;aggregation-04,0.4,0,8,4,aggregation-04;aggregation-01,aggregation-04;aggregation-01,1.0,1.0,1.0,1.0,6,6,1.0,1.0
independent-03,independent,aggregation-01;aggregation-04,0.4,0,9,3,aggregation-01;core-01,aggregation-01;aggregation-04,0.5,1.0,0.0,1.0,6,6,1.0,1.0
independent-03,independent,aggregation-01;aggregation-04,0.4,0,10,4,aggregation-04;core-02,aggregation-04;access-03,0.5,0.5,0.0,0.0,6,4,0.6666666666666666,0.6666666666666666
independent-03,independent,aggregation-01;aggregation-04,0.4,0,11,5,aggregation-04;core-02,aggregation-04;aggregation-01,0.5,1.0,0.0,1.0,6,6,1.0,1.0
independent-03,independent,aggregation-01;aggregation-04,0.4,0,12,4,aggregation-04;core-02,aggregation-04;aggregation-01,0.5,1.0,0.0,1.0,6,6,1.0,1.0
independent-03,independent,aggregation-01;aggregation-04,0.4,0,13,5,aggregation-01;core-01,aggregation-01;aggregation-04,0.5,1.0,0.0,1.0,6,6,1.0,1.0
independent-03,independent,aggregation-01;aggregation-04,0.4,0,14,2,access-03;access-11,access-03;access-11,0.0,0.0,0.0,0.0,6,2,0.3333333333333333,0.3333333333333333
independent-03,independent,aggregation-01;aggregation-04,0.4,0,15,6,aggregation-01;aggregation-04,aggregation-01;aggregation-04,1.0,1.0,1.0,1.0,6,6,1.0,1.0
independent-03,independent,aggregation-01;aggregation-04,0.4,0,16,5,aggregation-01;core-01,aggregation-01;aggregation-04,0.5,1.0,0.0,1.0,6,6,1.0,1.0
independent-03,independent,aggregation-01;aggregation-04,0.4,0,17,5,aggregation-01;core-01,aggregation-01;aggregation-04,0.5,1.0,0.0,1.0,6,6,1.0,1.0
independent-03,independent,aggregation-01;aggregation-04,0.4,0,18,7,aggregation-01;core-01,aggregation-01;aggregation-04,0.5,1.0,0.0,1.0,6,6,1.0,1.0
independent-03,independent,aggregation-01;aggregation-04,0.4,0,19,4,aggregation-04;aggregation-01,aggregation-04;aggregation-01,1.0,1.0,1.0,1.0,6,6,1.0,1.0
independent-03,independent,aggregation-01;aggregation-04,0.4,2,0,7,aggregation-04;core-02,aggregation-04;aggregation-01,0.5,1.0,0.0,1.0,6,6,1.0,1.0
independent-03,independent,aggregation-01;aggregation-04,0.4,2,1,6,access-01;access-03,core-02;aggregation-01,0.0,0.5,0.0,0.0,6,9,1.0,0.6666666666666666
independent-03,independent,aggregation-01;aggregation-04,0.4,2,2,6,aggregation-04;core-02,aggregation-04;access-01,0.5,0.5,0.0,0.0,6,4,0.6666666666666666,0.6666666666666666
independent-03,independent,aggregation-01;aggregation-04,0.4,2,3,8,aggregation-04;core-02,aggregation-04;aggregation-01,0.5,1.0,0.0,1.0,6,6,1.0,1.0
independent-03,independent,aggregation-01;aggregation-04,0.4,2,4,6,aggregation-01;core-01,aggregation-01;access-06,0.5,0.5,0.0,0.0,6,4,0.5,0.42857142857142855
independent-03,independent,aggregation-01;aggregation-04,0.4,2,5,8,aggregation-04;aggregation-01,aggregation-04;aggregation-01,1.0,1.0,1.0,1.0,6,6,1.0,1.0
independent-03,independent,aggregation-01;aggregation-04,0.4,2,6,8,aggregation-01;aggregation-04,aggregation-01;aggregation-04,1.0,1.0,1.0,1.0,6,6,1.0,1.0
independent-03,independent,aggregation-01;aggregation-04,0.4,2,7,7,aggregation-04;aggregation-01,aggregation-04;aggregation-01,1.0,1.0,1.0,1.0,6,6,1.0,1.0
independent-03,independent,aggregation-01;aggregation-04,0.4,2,8,9,aggregation-04;core-02,aggregation-01;aggregation-04,0.5,1.0,0.0,1.0,6,6,1.0,1.0
independent-03,independent,aggregation-01;aggregation-04,0.4,2,9,8,aggregation-04;aggregation-01,aggregation-04;aggregation-01,1.0,1.0,1.0,1.0,6,6,1.0,1.0
independent-03,independent,aggregation-01;aggregation-04,0.4,2,10,7,aggregation-01;core-01,aggregation-01;aggregation-04,0.5,1.0,0.0,1.0,6,6,1.0,1.0
independent-03,independent,aggregation-01;aggregation-04,0.4,2,11,6,aggregation-01;access-02,aggregation-01;aggregation-04,0.5,1.0,0.0,1.0,6,6,1.0,1.0
independent-03,independent,aggregation-01;aggregation-04,0.4,2,12,7,aggregation-04;core-02,core-02;core-01,0.5,0.0,0.0,0.0,6,12,1.0,0.5
independent-03,independent,aggregation-01;aggregation-04,0.4,2,13,8,aggregation-01;core-01,aggregation-01;core-02,0.5,0.5,0.0,0.0,6,9,1.0,0.6666666666666666
independent-03,independent,aggregation-01;aggregation-04,0.4,2,14,9,aggregation-04;aggregation-01,aggregation-04;aggregation-01,1.0,1.0,1.0,1.0,6,6,1.0,1.0
independent-03,independent,aggregation-01;aggregation-04,0.4,2,15,7,aggregation-01;core-01,aggregation-01;aggregation-04,0.5,1.0,0.0,1.0,6,6,1.0,1.0
independent-03,independent,aggregation-01;aggregation-04,0.4,2,16,8,aggregation-04;aggregation-01,aggregation-04;aggregation-01,1.0,1.0,1.0,1.0,6,6,1.0,1.0
independent-03,independent,aggregation-01;aggregation-04,0.4,2,17,7,aggregation-01;core-01,aggregation-01;access-11,0.5,0.5,0.0,0.0,6,4,0.6666666666666666,0.6666666666666666
independent-03,independent,aggregation-01;aggregation-04,0.4,2,18,8,aggregation-01;core-01,aggregation-01;aggregation-04,0.5,1.0,0.0,1.0,6,6,1.0,1.0
independent-03,independent,aggregation-01;aggregation-04,0.4,2,19,9,aggregation-04;aggregation-01,aggregation-04;aggregation-01,1.0,1.0,1.0,1.0,6,6,1.0,1.0
independent-03,independent,aggregation-01;aggregation-04,0.4,4,0,8,aggregation-04;access-02,aggregation-04;core-03,0.5,0.5,0.0,0.0,6,9,0.5,0.25
independent-03,independent,aggregation-01;aggregation-04,0.4,4,1,11,aggregation-04;aggregation-01,aggregation-04;core-01,1.0,0.5,1.0,0.0,6,9,1.0,0.6666666666666666
independent-03,independent,aggregation-01;aggregation-04,0.4,4,2,8,core-02;aggregation-04,core-02;access-01,0.5,0.0,0.0,0.0,6,7,0.6666666666666666,0.4444444444444444
independent-03,independent,aggregation-01;aggregation-04,0.4,4,3,10,aggregation-01;aggregation-04,aggregation-04;aggregation-01,1.0,1.0,1.0,1.0,6,6,1.0,1.0
independent-03,independent,aggregation-01;aggregation-04,0.4,4,4,9,core-01;aggregation-01,core-01;aggregation-04,0.5,0.5,0.0,0.0,6,9,1.0,0.6666666666666666
independent-03,independent,aggregation-01;aggregation-04,0.4,4,5,10,aggregation-04;aggregation-01,aggregation-04;aggregation-01,1.0,1.0,1.0,1.0,6,6,1.0,1.0
independent-03,independent,aggregation-01;aggregation-04,0.4,4,6,11,aggregation-01;aggregation-04,aggregation-01;aggregation-04,1.0,1.0,1.0,1.0,6,6,1.0,1.0
independent-03,independent,aggregation-01;aggregation-04,0.4,4,7,9,aggregation-01;access-01,aggregation-01;aggregation-04,0.5,1.0,0.0,1.0,6,6,1.0,1.0
independent-03,independent,aggregation-01;aggregation-04,0.4,4,8,9,aggregation-01;aggregation-04,aggregation-01;aggregation-04,1.0,1.0,1.0,1.0,6,6,1.0,1.0
independent-03,independent,aggregation-01;aggregation-04,0.4,4,9,9,aggregation-01;aggregation-04,aggregation-01;aggregation-06,1.0,0.5,1.0,0.0,6,6,0.5,0.3333333333333333
independent-03,independent,aggregation-01;aggregation-04,0.4,4,10,10,aggregation-04;aggregation-01,core-02;aggregation-01,1.0,0.5,1.0,0.0,6,9,1.0,0.6666666666666666
independent-03,independent,aggregation-01;aggregation-04,0.4,4,11,9,aggregation-04;aggregation-01,aggregation-04;aggregation-01,1.0,1.0,1.0,1.0,6,6,1.0,1.0
independent-03,independent,aggregation-01;aggregation-04,0.4,4,12,7,aggregation-01;access-03,aggregation-01;core-02,0.5,0.5,0.0,0.0,6,9,1.0,0.6666666666666666
independent-03,independent,aggregation-01;aggregation-04,0.4,4,13,11,aggregation-01;aggregation-04,aggregation-04;aggregation-01,1.0,1.0,1.0,1.0,6,6,1.0,1.0
independent-03,independent,aggregation-01;aggregation-04,0.4,4,14,9,aggregation-04;access-01,aggregation-04;core-01,0.5,0.5,0.0,0.0,6,9,1.0,0.6666666666666666
independent-03,independent,aggregation-01;aggregation-04,0.4,4,15,8,aggregation-04;core-02,aggregation-04;access-03,0.5,0.5,0.0,0.0,6,4,0.6666666666666666,0.6666666666666666
independent-03,independent,aggregation-01;aggregation-04,0.4,4,16,9,aggregation-01;core-01,core-01;aggregation-04,0.5,0.5,0.0,0.0,6,9,1.0,0.6666666666666666
independent-03,independent,aggregation-01;aggregation-04,0.4,4,17,9,aggregation-01;access-01,aggregation-01;core-02,0.5,0.5,0.0,0.0,6,9,1.0,0.6666666666666666
independent-03,independent,aggregation-01;aggregation-04,0.4,4,18,9,aggregation-01;aggregation-04,aggregation-01;aggregation-04,1.0,1.0,1.0,1.0,6,6,1.0,1.0
independent-03,independent,aggregation-01;aggregation-04,0.4,4,19,9,aggregation-01;aggregation-04,aggregation-01;aggregation-04,1.0,1.0,1.0,1.0,6,6,1.0,1.0
independent-04,independent,core-01;access-12,0.0,0,0,10,core-01;aggregation-02,core-01;access-12,0.5,1.0,0.0,1.0,7,7,1.0,1.0
independent-04,independent,core-01;access-12,0.0,0,1,10,core-01;aggregation-01,core-01;access-12,0.5,1.0,0.0,1.0,7,7,1.0,1.0
independent-04,independent,core-01;access-12,0.0,0,2,10,core-01;aggregation-01,core-01;access-12,0.5,1.0,0.0,1.0,7,7,1.0,1.0
independent-04,independent,core-01;access-12,0.0,0,3,10,core-01;aggregation-01,core-01;access-12,0.5,1.0,0.0,1.0,7,7,1.0,1.0
independent-04,independent,core-01;access-12,0.0,0,4,10,core-01;aggregation-02,core-01;access-12,0.5,1.0,0.0,1.0,7,7,1.0,1.0
independent-04,independent,core-01;access-12,0.0,0,5,10,core-01;aggregation-01,core-01;access-12,0.5,1.0,0.0,1.0,7,7,1.0,1.0
independent-04,independent,core-01;access-12,0.0,0,6,10,core-01;aggregation-01,core-01;access-12,0.5,1.0,0.0,1.0,7,7,1.0,1.0
independent-04,independent,core-01;access-12,0.0,0,7,10,core-01;aggregation-01,core-01;access-12,0.5,1.0,0.0,1.0,7,7,1.0,1.0
independent-04,independent,core-01;access-12,0.0,0,8,10,core-01;aggregation-01,core-01;access-12,0.5,1.0,0.0,1.0,7,7,1.0,1.0
independent-04,independent,core-01;access-12,0.0,0,9,10,core-01;aggregation-01,core-01;access-12,0.5,1.0,0.0,1.0,7,7,1.0,1.0
independent-04,independent,core-01;access-12,0.0,0,10,10,core-01;aggregation-01,core-01;access-12,0.5,1.0,0.0,1.0,7,7,1.0,1.0
independent-04,independent,core-01;access-12,0.0,0,11,10,core-01;aggregation-02,core-01;access-12,0.5,1.0,0.0,1.0,7,7,1.0,1.0
independent-04,independent,core-01;access-12,0.0,0,12,10,core-01;aggregation-02,core-01;access-12,0.5,1.0,0.0,1.0,7,7,1.0,1.0
independent-04,independent,core-01;access-12,0.0,0,13,10,core-01;aggregation-02,core-01;access-12,0.5,1.0,0.0,1.0,7,7,1.0,1.0
independent-04,independent,core-01;access-12,0.0,0,14,10,core-01;aggregation-01,core-01;access-12,0.5,1.0,0.0,1.0,7,7,1.0,1.0
independent-04,independent,core-01;access-12,0.0,0,15,10,core-01;aggregation-02,core-01;access-12,0.5,1.0,0.0,1.0,7,7,1.0,1.0
independent-04,independent,core-01;access-12,0.0,0,16,10,core-01;aggregation-02,core-01;access-12,0.5,1.0,0.0,1.0,7,7,1.0,1.0
independent-04,independent,core-01;access-12,0.0,0,17,10,core-01;aggregation-01,core-01;access-12,0.5,1.0,0.0,1.0,7,7,1.0,1.0
independent-04,independent,core-01;access-12,0.0,0,18,10,core-01;aggregation-01,core-01;access-12,0.5,1.0,0.0,1.0,7,7,1.0,1.0
independent-04,independent,core-01;access-12,0.0,0,19,10,core-01;aggregation-01,core-01;access-12,0.5,1.0,0.0,1.0,7,7,1.0,1.0
independent-04,independent,core-01;access-12,0.0,2,0,12,core-01;aggregation-01,core-01;core-02,0.5,0.5,0.0,0.0,7,12,1.0,0.5833333333333334
independent-04,independent,core-01;access-12,0.0,2,1,12,core-01;aggregation-01,core-01;core-02,0.5,0.5,0.0,0.0,7,12,1.0,0.5833333333333334
independent-04,independent,core-01;access-12,0.0,2,2,12,core-01;aggregation-02,core-01;access-12,0.5,1.0,0.0,1.0,7,7,1.0,1.0
independent-04,independent,core-01;access-12,0.0,2,3,12,core-01;aggregation-02,core-01;access-12,0.5,1.0,0.0,1.0,7,7,1.0,1.0
independent-04,independent,core-01;access-12,0.0,2,4,12,core-01;aggregation-01,core-01;core-02,0.5,0.5,0.0,0.0,7,12,1.0,0.5833333333333334
independent-04,independent,core-01;access-12,0.0,2,5,12,core-01;aggregation-02,core-01;access-07,0.5,0.5,0.0,0.0,7,7,0.8571428571428571,0.75
independent-04,independent,core-01;access-12,0.0,2,6,12,core-01;aggregation-02,core-01;access-12,0.5,1.0,0.0,1.0,7,7,1.0,1.0
independent-04,independent,core-01;access-12,0.0,2,7,12,core-01;aggregation-02,core-01;aggregation-04,0.5,0.5,0.0,0.0,7,9,1.0,0.7777777777777778
independent-04,independent,core-01;access-12,0.0,2,8,12,core-01;aggregation-02,core-01;aggregation-04,0.5,0.5,0.0,0.0,7,9,1.0,0.7777777777777778
independent-04,independent,core-01;access-12,0.0,2,9,12,core-01;aggregation-02,core-01;core-02,0.5,0.5,0.0,0.0,7,12,1.0,0.5833333333333334
independent-04,independent,core-01;access-12,0.0,2,10,12,core-01;aggregation-02,core-01;access-12,0.5,1.0,0.0,1.0,7,7,1.0,1.0
independent-04,independent,core-01;access-12,0.0,2,11,12,core-01;aggregation-01,core-01;access-12,0.5,1.0,0.0,1.0,7,7,1.0,1.0
independent-04,independent,core-01;access-12,0.0,2,12,12,core-01;aggregation-02,core-01;aggregation-04,0.5,0.5,0.0,0.0,7,9,1.0,0.7777777777777778
independent-04,independent,core-01;access-12,0.0,2,13,12,core-01;aggregation-01,core-01;access-12,0.5,1.0,0.0,1.0,7,7,1.0,1.0
independent-04,independent,core-01;access-12,0.0,2,14,12,core-01;aggregation-01,core-01;access-12,0.5,1.0,0.0,1.0,7,7,1.0,1.0
independent-04,independent,core-01;access-12,0.0,2,15,12,core-01;aggregation-02,core-01;aggregation-05,0.5,0.5,0.0,0.0,7,9,0.8571428571428571,0.6
independent-04,independent,core-01;access-12,0.0,2,16,12,core-01;aggregation-02,core-01;access-11,0.5,0.5,0.0,0.0,7,7,0.8571428571428571,0.75
independent-04,independent,core-01;access-12,0.0,2,17,12,core-01;aggregation-01,core-01;core-02,0.5,0.5,0.0,0.0,7,12,1.0,0.5833333333333334
independent-04,independent,core-01;access-12,0.0,2,18,12,core-01;aggregation-01,core-01;access-12,0.5,1.0,0.0,1.0,7,7,1.0,1.0
independent-04,independent,core-01;access-12,0.0,2,19,12,core-01;aggregation-02,core-01;aggregation-04,0.5,0.5,0.0,0.0,7,9,1.0,0.7777777777777778
independent-04,independent,core-01;access-12,0.0,4,0,14,core-01;aggregation-02,core-01;core-02,0.5,0.5,0.0,0.0,7,12,1.0,0.5833333333333334
independent-04,independent,core-01;access-12,0.0,4,1,14,core-01;aggregation-01,core-01;core-02,0.5,0.5,0.0,0.0,7,12,1.0,0.5833333333333334
independent-04,independent,core-01;access-12,0.0,4,2,14,core-01;aggregation-01,core-01;core-02,0.5,0.5,0.0,0.0,7,12,1.0,0.5833333333333334
independent-04,independent,core-01;access-12,0.0,4,3,14,core-01;aggregation-02,core-01;access-09,0.5,0.5,0.0,0.0,7,7,0.8571428571428571,0.75
independent-04,independent,core-01;access-12,0.0,4,4,14,core-01;aggregation-01,core-01;aggregation-04,0.5,0.5,0.0,0.0,7,9,1.0,0.7777777777777778
independent-04,independent,core-01;access-12,0.0,4,5,14,core-01;aggregation-01,core-01;core-02,0.5,0.5,0.0,0.0,7,12,1.0,0.5833333333333334
independent-04,independent,core-01;access-12,0.0,4,6,14,core-01;aggregation-02,core-01;aggregation-05,0.5,0.5,0.0,0.0,7,9,0.8571428571428571,0.6
independent-04,independent,core-01;access-12,0.0,4,7,14,core-01;aggregation-02,core-01;access-12,0.5,1.0,0.0,1.0,7,7,1.0,1.0
independent-04,independent,core-01;access-12,0.0,4,8,14,core-01;aggregation-01,core-01;access-12,0.5,1.0,0.0,1.0,7,7,1.0,1.0
independent-04,independent,core-01;access-12,0.0,4,9,14,core-01;aggregation-02,core-01;access-12,0.5,1.0,0.0,1.0,7,7,1.0,1.0
independent-04,independent,core-01;access-12,0.0,4,10,14,core-01;aggregation-02,core-01;access-12,0.5,1.0,0.0,1.0,7,7,1.0,1.0
independent-04,independent,core-01;access-12,0.0,4,11,14,core-01;aggregation-01,core-01;access-08,0.5,0.5,0.0,0.0,7,7,0.8571428571428571,0.75
independent-04,independent,core-01;access-12,0.0,4,12,14,core-01;aggregation-01,core-01;access-12,0.5,1.0,0.0,1.0,7,7,1.0,1.0
independent-04,independent,core-01;access-12,0.0,4,13,14,core-01;aggregation-01,core-01;aggregation-05,0.5,0.5,0.0,0.0,7,9,0.8571428571428571,0.6
independent-04,independent,core-01;access-12,0.0,4,14,14,core-01;aggregation-01,core-01;access-12,0.5,1.0,0.0,1.0,7,7,1.0,1.0
independent-04,independent,core-01;access-12,0.0,4,15,14,core-01;aggregation-01,core-01;access-12,0.5,1.0,0.0,1.0,7,7,1.0,1.0
independent-04,independent,core-01;access-12,0.0,4,16,14,core-01;aggregation-01,core-01;core-02,0.5,0.5,0.0,0.0,7,12,1.0,0.5833333333333334
independent-04,independent,core-01;access-12,0.0,4,17,14,core-01;aggregation-01,core-01;access-11,0.5,0.5,0.0,0.0,7,7,0.8571428571428571,0.75
independent-04,independent,core-01;access-12,0.0,4,18,14,core-01;aggregation-02,core-01;access-12,0.5,1.0,0.0,1.0,7,7,1.0,1.0
independent-04,independent,core-01;access-12,0.0,4,19,14,core-01;aggregation-02,core-01;access-07,0.5,0.5,0.0,0.0,7,7,0.8571428571428571,0.75
independent-04,independent,core-01;access-12,0.2,0,0,7,core-01;aggregation-02,core-01;access-12,0.5,1.0,0.0,1.0,7,7,1.0,1.0
independent-04,independent,core-01;access-12,0.2,0,1,9,core-01;aggregation-01,core-01;access-12,0.5,1.0,0.0,1.0,7,7,1.0,1.0
independent-04,independent,core-01;access-12,0.2,0,2,9,core-01;aggregation-01,core-01;access-12,0.5,1.0,0.0,1.0,7,7,1.0,1.0
independent-04,independent,core-01;access-12,0.2,0,3,8,core-01;aggregation-01,core-01;aggregation-01,0.5,0.5,0.0,0.0,7,6,0.8571428571428571,0.8571428571428571
independent-04,independent,core-01;access-12,0.2,0,4,7,core-01;aggregation-01,core-01;access-12,0.5,1.0,0.0,1.0,7,7,1.0,1.0
independent-04,independent,core-01;access-12,0.2,0,5,6,core-01;access-01,core-01;access-12,0.5,1.0,0.0,1.0,7,7,1.0,1.0
independent-04,independent,core-01;access-12,0.2,0,6,8,core-01;aggregation-02,core-01;access-12,0.5,1.0,0.0,1.0,7,7,1.0,1.0
independent-04,independent,core-01;access-12,0.2,0,7,9,core-01;aggregation-01,core-01;access-12,0.5,1.0,0.0,1.0,7,7,1.0,1.0
independent-04,independent,core-01;access-12,0.2,0,8,9,core-01;aggregation-02,core-01;aggregation-02,0.5,0.5,0.0,0.0,7,6,0.8571428571428571,0.8571428571428571
independent-04,independent,core-01;access-12,0.2,0,9,8,core-01;aggregation-01,core-01;access-12,0.5,1.0,0.0,1.0,7,7,1.0,1.0
independent-04,independent,core-01;access-12,0.2,0,10,7,core-01;aggregation-01,core-01;access-12,0.5,1.0,0.0,1.0,7,7,1.0,1.0
independent-04,independent,core-01;access-12,0.2,0,11,9,core-01;aggregation-02,core-01;access-12,0.5,1.0,0.0,1.0,7,7,1.0,1.0
independent-04,independent,core-01;access-12,0.2,0,12,8,core-01;aggregation-01,core-01;aggregation-01,0.5,0.5,0.0,0.0,7,6,0.8571428571428571,0.8571428571428571
independent-04,independent,core-01;access-12,0.2,0,13,10,core-01;aggregation-02,core-01;access-12,0.5,1.0,0.0,1.0,7,7,1.0,1.0
independent-04,independent,core-01;access-12,0.2,0,14,10,core-01;aggregation-01,core-01;access-12,0.5,1.0,0.0,1.0,7,7,1.0,1.0
independent-04,independent,core-01;access-12,0.2,0,15,7,core-01;aggregation-02,core-01;aggregation-02,0.5,0.5,0.0,0.0,7,6,0.8571428571428571,0.8571428571428571
independent-04,independent,core-01;access-12,0.2,0,16,9,core-01;aggregation-01,core-01;access-12,0.5,1.0,0.0,1.0,7,7,1.0,1.0
independent-04,independent,core-01;access-12,0.2,0,17,7,core-01;aggregation-01,core-01;access-12,0.5,1.0,0.0,1.0,7,7,1.0,1.0
independent-04,independent,core-01;access-12,0.2,0,18,8,core-01;aggregation-02,core-01;access-12,0.5,1.0,0.0,1.0,7,7,1.0,1.0
independent-04,independent,core-01;access-12,0.2,0,19,9,core-01;aggregation-01,core-01;access-12,0.5,1.0,0.0,1.0,7,7,1.0,1.0
independent-04,independent,core-01;access-12,0.2,2,0,9,core-01;aggregation-01,core-01;core-02,0.5,0.5,0.0,0.0,7,12,1.0,0.5833333333333334
independent-04,independent,core-01;access-12,0.2,2,1,9,core-01;aggregation-01,core-01;core-02,0.5,0.5,0.0,0.0,7,12,1.0,0.5833333333333334
independent-04,independent,core-01;access-12,0.2,2,2,11,core-01;aggregation-02,core-01;aggregation-04,0.5,0.5,0.0,0.0,7,9,1.0,0.7777777777777778
independent-04,independent,core-01;access-12,0.2,2,3,11,core-01;aggregation-02,core-01;access-12,0.5,1.0,0.0,1.0,7,7,1.0,1.0
independent-04,independent,core-01;access-12,0.2,2,4,7,core-01;aggregation-01,core-01;aggregation-05,0.5,0.5,0.0,0.0,7,9,0.8571428571428571,0.6
independent-04,independent,core-01;access-12,0.2,2,5,10,core-01;aggregation-02,core-01;access-12,0.5,1.0,0.0,1.0,7,7,1.0,1.0
independent-04,independent,core-01;access-12,0.2,2,6,8,core-01;aggregation-02,core-01;core-02,0.5,0.5,0.0,0.0,7,12,1.0,0.5833333333333334
independent-04,independent,core-01;access-12,0.2,2,7,9,core-01;aggregation-01,core-01;access-12,0.5,1.0,0.0,1.0,7,7,1.0,1.0
independent-04,independent,core-01;access-12,0.2,2,8,10,core-01;aggregation-01,core-01;aggregation-06,0.5,0.5,0.0,0.0,7,9,0.8571428571428571,0.6
independent-04,independent,core-01;access-12,0.2,2,9,9,core-01;aggregation-01,core-01;access-07,0.5,0.5,0.0,0.0,7,7,0.8571428571428571,0.75
independent-04,independent,core-01;access-12,0.2,2,10,11,core-01;aggregation-01,core-01;access-12,0.5,1.0,0.0,1.0,7,7,1.0,1.0
independent-04,independent,core-01;access-12,0.2,2,11,11,core-01;aggregation-02,core-01;aggregation-04,0.5,0.5,0.0,0.0,7,9,1.0,0.7777777777777778
independent-04,independent,core-01;access-12,0.2,2,12,10,core-01;aggregation-01,core-01;access-12,0.5,1.0,0.0,1.0,7,7,1.0,1.0
independent-04,independent,core-01;access-12,0.2,2,13,11,core-01;aggregation-01,core-01;access-09,0.5,0.5,0.0,0.0,7,7,0.8571428571428571,0.75
independent-04,independent,core-01;access-12,0.2,2,14,12,core-01;aggregation-01,core-01;access-12,0.5,1.0,0.0,1.0,7,7,1.0,1.0
independent-04,independent,core-01;access-12,0.2,2,15,12,core-01;aggregation-01,core-01;access-12,0.5,1.0,0.0,1.0,7,7,1.0,1.0
independent-04,independent,core-01;access-12,0.2,2,16,9,core-01;aggregation-01,core-01;aggregation-01,0.5,0.5,0.0,0.0,7,6,0.8571428571428571,0.8571428571428571
independent-04,independent,core-01;access-12,0.2,2,17,11,core-01;aggregation-01,core-01;access-12,0.5,1.0,0.0,1.0,7,7,1.0,1.0
independent-04,independent,core-01;access-12,0.2,2,18,10,core-01;aggregation-01,core-01;access-12,0.5,1.0,0.0,1.0,7,7,1.0,1.0
independent-04,independent,core-01;access-12,0.2,2,19,9,core-01;aggregation-02,core-01;core-02,0.5,0.5,0.0,0.0,7,12,1.0,0.5833333333333334
independent-04,independent,core-01;access-12,0.2,4,0,12,core-01;aggregation-01,core-01;core-02,0.5,0.5,0.0,0.0,7,12,1.0,0.5833333333333334
independent-04,independent,core-01;access-12,0.2,4,1,10,core-01;aggregation-01,core-01;access-07,0.5,0.5,0.0,0.0,7,7,0.8571428571428571,0.75
independent-04,independent,core-01;access-12,0.2,4,2,12,core-01;aggregation-02,core-01;access-12,0.5,1.0,0.0,1.0,7,7,1.0,1.0
independent-04,independent,core-01;access-12,0.2,4,3,13,core-01;aggregation-02,core-01;access-17,0.5,0.5,0.0,0.0,7,7,0.8571428571428571,0.75
independent-04,independent,core-01;access-12,0.2,4,4,12,core-01;aggregation-02,core-01;access-12,0.5,1.0,0.0,1.0,7,7,1.0,1.0
independent-04,independent,core-01;access-12,0.2,4,5,11,core-01;aggregation-02,core-01;access-08,0.5,0.5,0.0,0.0,7,7,0.8571428571428571,0.75
independent-04,independent,core-01;access-12,0.2,4,6,11,core-01;aggregation-01,core-01;access-12,0.5,1.0,0.0,1.0,7,7,1.0,1.0
independent-04,independent,core-01;access-12,0.2,4,7,10,core-01;aggregation-01,core-01;core-02,0.5,0.5,0.0,0.0,7,12,1.0,0.5833333333333334
independent-04,independent,core-01;access-12,0.2,4,8,11,core-01;aggregation-01,core-01;core-02,0.5,0.5,0.0,0.0,7,12,1.0,0.5833333333333334
independent-04,independent,core-01;access-12,0.2,4,9,13,core-01;aggregation-02,core-01;core-02,0.5,0.5,0.0,0.0,7,12,1.0,0.5833333333333334
independent-04,independent,core-01;access-12,0.2,4,10,13,core-01;aggregation-02,core-01;aggregation-03,0.5,0.5,0.0,0.0,7,9,0.8571428571428571,0.6
independent-04,independent,core-01;access-12,0.2,4,11,12,core-01;aggregation-02,core-01;aggregation-06,0.5,0.5,0.0,0.0,7,9,0.8571428571428571,0.6
independent-04,independent,core-01;access-12,0.2,4,12,11,core-01;aggregation-01,core-01;core-03,0.5,0.5,0.0,0.0,7,12,0.8571428571428571,0.46153846153846156
independent-04,independent,core-01;access-12,0.2,4,13,13,core-01;aggregation-02,core-01;access-12,0.5,1.0,0.0,1.0,7,7,1.0,1.0
independent-04,independent,core-01;access-12,0.2,4,14,12,core-01;aggregation-02,core-01;aggregation-03,0.5,0.5,0.0,0.0,7,9,0.8571428571428571,0.6
independent-04,independent,core-01;access-12,0.2,4,15,13,core-01;aggregation-02,core-01;aggregation-06,0.5,0.5,0.0,0.0,7,9,0.8571428571428571,0.6
independent-04,independent,core-01;access-12,0.2,4,16,12,core-01;aggregation-01,core-01;access-12,0.5,1.0,0.0,1.0,7,7,1.0,1.0
independent-04,independent,core-01;access-12,0.2,4,17,14,core-01;aggregation-01,core-01;aggregation-05,0.5,0.5,0.0,0.0,7,9,0.8571428571428571,0.6
independent-04,independent,core-01;access-12,0.2,4,18,13,core-01;aggregation-02,core-01;core-02,0.5,0.5,0.0,0.0,7,12,1.0,0.5833333333333334
independent-04,independent,core-01;access-12,0.2,4,19,11,core-01;aggregation-01,core-01;aggregation-03,0.5,0.5,0.0,0.0,7,9,0.8571428571428571,0.6
independent-04,independent,core-01;access-12,0.4,0,0,5,core-01;aggregation-01,core-01;access-12,0.5,1.0,0.0,1.0,7,7,1.0,1.0
independent-04,independent,core-01;access-12,0.4,0,1,4,core-01;aggregation-02,core-01;aggregation-02,0.5,0.5,0.0,0.0,7,6,0.8571428571428571,0.8571428571428571
independent-04,independent,core-01;access-12,0.4,0,2,5,core-01;aggregation-02,core-01;access-12,0.5,1.0,0.0,1.0,7,7,1.0,1.0
independent-04,independent,core-01;access-12,0.4,0,3,5,core-01;aggregation-01,core-01;aggregation-01,0.5,0.5,0.0,0.0,7,6,0.8571428571428571,0.8571428571428571
independent-04,independent,core-01;access-12,0.4,0,4,6,core-01;access-01,core-01;access-12,0.5,1.0,0.0,1.0,7,7,1.0,1.0
independent-04,independent,core-01;access-12,0.4,0,5,6,core-01;aggregation-01,core-01;aggregation-01,0.5,0.5,0.0,0.0,7,6,0.8571428571428571,0.8571428571428571
independent-04,independent,core-01;access-12,0.4,0,6,8,core-01;aggregation-02,core-01;access-12,0.5,1.0,0.0,1.0,7,7,1.0,1.0
independent-04,independent,core-01;access-12,0.4,0,7,4,core-01;aggregation-01,core-01;aggregation-01,0.5,0.5,0.0,0.0,7,6,0.8571428571428571,0.8571428571428571
independent-04,independent,core-01;access-12,0.4,0,8,9,core-01;aggregation-02,core-01;access-12,0.5,1.0,0.0,1.0,7,7,1.0,1.0
independent-04,independent,core-01;access-12,0.4,0,9,7,core-01;aggregation-02,core-01;access-12,0.5,1.0,0.0,1.0,7,7,1.0,1.0
independent-04,independent,core-01;access-12,0.4,0,10,4,core-01;aggregation-02,core-01;aggregation-02,0.5,0.5,0.0,0.0,7,6,0.8571428571428571,0.8571428571428571
independent-04,independent,core-01;access-12,0.4,0,11,3,core-01;aggregation-01,core-01;aggregation-01,0.5,0.5,0.0,0.0,7,6,0.8571428571428571,0.8571428571428571
independent-04,independent,core-01;access-12,0.4,0,12,9,core-01;aggregation-02,core-01;access-12,0.5,1.0,0.0,1.0,7,7,1.0,1.0
independent-04,independent,core-01;access-12,0.4,0,13,7,core-01;aggregation-02,core-01;aggregation-02,0.5,0.5,0.0,0.0,7,6,0.8571428571428571,0.8571428571428571
independent-04,independent,core-01;access-12,0.4,0,14,9,core-01;aggregation-01,core-01;access-12,0.5,1.0,0.0,1.0,7,7,1.0,1.0
independent-04,independent,core-01;access-12,0.4,0,15,6,core-01;aggregation-01,core-01;aggregation-01,0.5,0.5,0.0,0.0,7,6,0.8571428571428571,0.8571428571428571
independent-04,independent,core-01;access-12,0.4,0,16,5,core-01;aggregation-02,core-01;aggregation-02,0.5,0.5,0.0,0.0,7,6,0.8571428571428571,0.8571428571428571
independent-04,independent,core-01;access-12,0.4,0,17,6,core-01;aggregation-01,core-01;aggregation-01,0.5,0.5,0.0,0.0,7,6,0.8571428571428571,0.8571428571428571
independent-04,independent,core-01;access-12,0.4,0,18,9,core-01;aggregation-02,core-01;access-12,0.5,1.0,0.0,1.0,7,7,1.0,1.0
independent-04,independent,core-01;access-12,0.4,0,19,7,core-01;aggregation-01,core-01;access-12,0.5,1.0,0.0,1.0,7,7,1.0,1.0
independent-04,independent,core-01;access-12,0.4,2,0,9,core-01;aggregation-01,core-01;core-03,0.5,0.5,0.0,0.0,7,12,0.8571428571428571,0.46153846153846156
independent-04,independent,core-01;access-12,0.4,2,1,8,core-01;aggregation-01,core-01;aggregation-06,0.5,0.5,0.0,0.0,7,9,0.8571428571428571,0.6
independent-04,independent,core-01;access-12,0.4,2,2,7,aggregation-01;core-01,core-01;core-03,0.5,0.5,0.0,0.0,7,12,0.8571428571428571,0.46153846153846156
independent-04,independent,core-01;access-12,0.4,2,3,9,core-01;aggregation-02,core-01;aggregation-03,0.5,0.5,0.0,0.0,7,9,0.8571428571428571,0.6
independent-04,independent,core-01;access-12,0.4,2,4,8,core-01;aggregation-02,core-01;access-12,0.5,1.0,0.0,1.0,7,7,1.0,1.0
independent-04,independent,core-01;access-12,0.4,2,5,7,core-01;aggregation-01,core-01;access-10,0.5,0.5,0.0,0.0,7,7,0.8571428571428571,0.75
independent-04,independent,core-01;access-12,0.4,2,6,11,core-01;aggregation-01,core-01;access-12,0.5,1.0,0.0,1.0,7,7,1.0,1.0
independent-04,independent,core-01;access-12,0.4,2,7,10,core-01;aggregation-01,core-01;access-12,0.5,1.0,0.0,1.0,7,7,1.0,1.0
independent-04,independent,core-01;access-12,0.4,2,8,7,core-01;aggregation-01,core-01;access-13,0.5,0.5,0.0,0.0,7,7,0.8571428571428571,0.75
independent-04,independent,core-01;access-12,0.4,2,9,7,core-01;aggregation-02,core-01;access-12,0.5,1.0,0.0,1.0,7,7,1.0,1.0
independent-04,independent,core-01;access-12,0.4,2,10,8,core-01;aggregation-01,core-01;access-12,0.5,1.0,0.0,1.0,7,7,1.0,1.0
independent-04,independent,core-01;access-12,0.4,2,11,7,core-01;aggregation-01,core-01;core-02,0.5,0.5,0.0,0.0,7,12,1.0,0.5833333333333334
independent-04,independent,core-01;access-12,0.4,2,12,8,core-01;aggregation-02,core-01;access-10,0.5,0.5,0.0,0.0,7,7,0.8571428571428571,0.75
independent-04,independent,core-01;access-12,0.4,2,13,5,core-01;aggregation-01,core-01;access-10,0.5,0.5,0.0,0.0,7,7,0.8571428571428571,0.75
independent-04,independent,core-01;access-12,0.4,2,14,7,aggregation-01;core-01,core-01;aggregation-05,0.5,0.5,0.0,0.0,7,9,0.8571428571428571,0.6
independent-04,independent,core-01;access-12,0.4,2,15,4,core-01;access-14,core-01;core-03,0.5,0.5,0.0,0.0,7,12,0.8571428571428571,0.46153846153846156
independent-04,independent,core-01;access-12,0.4,2,16,9,core-01;aggregation-02,core-01;access-12,0.5,1.0,0.0,1.0,7,7,1.0,1.0
independent-04,independent,core-01;access-12,0.4,2,17,7,core-01;aggregation-01,core-01;access-18,0.5,0.5,0.0,0.0,7,7,0.8571428571428571,0.75
independent-04,independent,core-01;access-12,0.4,2,18,7,core-01;aggregation-01,core-01;aggregation-06,0.5,0.5,0.0,0.0,7,9,0.8571428571428571,0.6
independent-04,independent,core-01;access-12,0.4,2,19,6,core-01;access-03,core-01;core-02,0.5,0.5,0.0,0.0,7,12,1.0,0.5833333333333334
independent-04,independent,core-01;access-12,0.4,4,0,10,core-01;aggregation-01,core-01;aggregation-05,0.5,0.5,0.0,0.0,7,9,0.8571428571428571,0.6
independent-04,independent,core-01;access-12,0.4,4,1,8,access-02;access-03,core-02;core-01,0.0,0.5,0.0,0.0,7,12,1.0,0.5833333333333334
independent-04,independent,core-01;access-12,0.4,4,2,10,core-01;access-02,core-01;core-02,0.5,0.5,0.0,0.0,7,12,1.0,0.5833333333333334
independent-04,independent,core-01;access-12,0.4,4,3,12,core-01;aggregation-02,core-01;access-12,0.5,1.0,0.0,1.0,7,7,1.0,1.0
independent-04,independent,core-01;access-12,0.4,4,4,11,core-01;aggregation-01,core-01;core-03,0.5,0.5,0.0,0.0,7,12,0.8571428571428571,0.46153846153846156
independent-04,independent,core-01;access-12,0.4,4,5,10,core-01;access-02,core-01;access-12,0.5,1.0,0.0,1.0,7,7,1.0,1.0
independent-04,independent,core-01;access-12,0.4,4,6,9,aggregation-02;core-01,aggregation-02;aggregation-04,0.5,0.0,0.0,0.0,7,6,0.5714285714285714,0.4444444444444444
independent-04,independent,core-01;access-12,0.4,4,7,10,core-01;aggregation-01,core-01;aggregation-05,0.5,0.5,0.0,0.0,7,9,0.8571428571428571,0.6
independent-04,independent,core-01;access-12,0.4,4,8,9,aggregation-02;core-01,aggregation-02;access-12,0.5,0.5,0.0,0.0,7,4,0.5714285714285714,0.5714285714285714
independent-04,independent,core-01;access-12,0.4,4,9,9,core-01;aggregation-01,core-01;access-14,0.5,0.5,0.0,0.0,7,7,0.8571428571428571,0.75
independent-04,independent,core-01;access-12,0.4,4,10,7,core-01;access-04,core-01;aggregation-03,0.5,0.5,0.0,0.0,7,9,0.8571428571428571,0.6
independent-04,independent,core-01;access-12,0.4,4,11,9,core-01;aggregation-02,core-01;access-10,0.5,0.5,0.0,0.0,7,7,0.8571428571428571,0.75
independent-04,independent,core-01;access-12,0.4,4,12,9,aggregation-01;core-01,aggregation-01;access-07,0.5,0.0,0.0,0.0,7,4,0.42857142857142855,0.375
independent-04,independent,core-01;access-12,0.4,4,13,10,core-01;aggregation-02,core-01;aggregation-04,0.5,0.5,0.0,0.0,7,9,1.0,0.7777777777777778
independent-04,independent,core-01;access-12,0.4,4,14,10,core-01;aggregation-02,core-01;access-07,0.5,0.5,0.0,0.0,7,7,0.8571428571428571,0.75
independent-04,independent,core-01;access-12,0.4,4,15,11,core-01;aggregation-01,core-01;access-12,0.5,1.0,0.0,1.0,7,7,1.0,1.0
independent-04,independent,core-01;access-12,0.4,4,16,11,core-01;aggregation-02,core-01;access-12,0.5,1.0,0.0,1.0,7,7,1.0,1.0
independent-04,independent,core-01;access-12,0.4,4,17,10,core-01;aggregation-01,core-01;access-09,0.5,0.5,0.0,0.0,7,7,0.8571428571428571,0.75
independent-04,independent,core-01;access-12,0.4,4,18,9,core-01;aggregation-01,core-01;aggregation-06,0.5,0.5,0.0,0.0,7,9,0.8571428571428571,0.6
independent-04,independent,core-01;access-12,0.4,4,19,9,core-01;access-01,core-01;access-08,0.5,0.5,0.0,0.0,7,7,0.8571428571428571,0.75
independent-05,independent,core-01;core-03,0.0,0,0,18,core-01;core-03,core-01;core-03,1.0,1.0,1.0,1.0,12,12,1.0,1.0
independent-05,independent,core-01;core-03,0.0,0,1,18,core-03;core-01,core-03;core-01,1.0,1.0,1.0,1.0,12,12,1.0,1.0
independent-05,independent,core-01;core-03,0.0,0,2,18,core-01;core-03,core-01;core-03,1.0,1.0,1.0,1.0,12,12,1.0,1.0
independent-05,independent,core-01;core-03,0.0,0,3,18,core-03;core-01,core-03;core-01,1.0,1.0,1.0,1.0,12,12,1.0,1.0
independent-05,independent,core-01;core-03,0.0,0,4,18,core-03;core-01,core-03;core-01,1.0,1.0,1.0,1.0,12,12,1.0,1.0
independent-05,independent,core-01;core-03,0.0,0,5,18,core-01;core-03,core-01;core-03,1.0,1.0,1.0,1.0,12,12,1.0,1.0
independent-05,independent,core-01;core-03,0.0,0,6,18,core-01;core-03,core-01;core-03,1.0,1.0,1.0,1.0,12,12,1.0,1.0
independent-05,independent,core-01;core-03,0.0,0,7,18,core-01;core-03,core-01;core-03,1.0,1.0,1.0,1.0,12,12,1.0,1.0
independent-05,independent,core-01;core-03,0.0,0,8,18,core-01;core-03,core-01;core-03,1.0,1.0,1.0,1.0,12,12,1.0,1.0
independent-05,independent,core-01;core-03,0.0,0,9,18,core-01;core-03,core-01;core-03,1.0,1.0,1.0,1.0,12,12,1.0,1.0
independent-05,independent,core-01;core-03,0.0,0,10,18,core-01;core-03,core-01;core-03,1.0,1.0,1.0,1.0,12,12,1.0,1.0
independent-05,independent,core-01;core-03,0.0,0,11,18,core-01;core-03,core-01;core-03,1.0,1.0,1.0,1.0,12,12,1.0,1.0
independent-05,independent,core-01;core-03,0.0,0,12,18,core-01;core-03,core-01;core-03,1.0,1.0,1.0,1.0,12,12,1.0,1.0
independent-05,independent,core-01;core-03,0.0,0,13,18,core-01;core-03,core-01;core-03,1.0,1.0,1.0,1.0,12,12,1.0,1.0
independent-05,independent,core-01;core-03,0.0,0,14,18,core-01;core-03,core-01;core-03,1.0,1.0,1.0,1.0,12,12,1.0,1.0
independent-05,independent,core-01;core-03,0.0,0,15,18,core-03;core-01,core-03;core-01,1.0,1.0,1.0,1.0,12,12,1.0,1.0
independent-05,independent,core-01;core-03,0.0,0,16,18,core-01;core-03,core-01;core-03,1.0,1.0,1.0,1.0,12,12,1.0,1.0
independent-05,independent,core-01;core-03,0.0,0,17,18,core-03;core-01,core-03;core-01,1.0,1.0,1.0,1.0,12,12,1.0,1.0
independent-05,independent,core-01;core-03,0.0,0,18,18,core-01;core-03,core-01;core-03,1.0,1.0,1.0,1.0,12,12,1.0,1.0
independent-05,independent,core-01;core-03,0.0,0,19,18,core-03;core-01,core-03;core-01,1.0,1.0,1.0,1.0,12,12,1.0,1.0
independent-05,independent,core-01;core-03,0.0,2,0,20,core-03;core-01,core-03;core-01,1.0,1.0,1.0,1.0,12,12,1.0,1.0
independent-05,independent,core-01;core-03,0.0,2,1,20,core-03;core-01,core-03;core-01,1.0,1.0,1.0,1.0,12,12,1.0,1.0
independent-05,independent,core-01;core-03,0.0,2,2,20,core-03;core-01,core-03;core-01,1.0,1.0,1.0,1.0,12,12,1.0,1.0
independent-05,independent,core-01;core-03,0.0,2,3,20,core-03;core-01,core-01;core-03,1.0,1.0,1.0,1.0,12,12,1.0,1.0
independent-05,independent,core-01;core-03,0.0,2,4,20,core-03;core-01,core-03;core-01,1.0,1.0,1.0,1.0,12,12,1.0,1.0
independent-05,independent,core-01;core-03,0.0,2,5,20,core-01;core-03,core-01;core-03,1.0,1.0,1.0,1.0,12,12,1.0,1.0
independent-05,independent,core-01;core-03,0.0,2,6,20,core-03;core-01,core-03;core-01,1.0,1.0,1.0,1.0,12,12,1.0,1.0
independent-05,independent,core-01;core-03,0.0,2,7,20,core-01;core-03,core-01;core-03,1.0,1.0,1.0,1.0,12,12,1.0,1.0
independent-05,independent,core-01;core-03,0.0,2,8,20,core-03;core-01,core-03;core-01,1.0,1.0,1.0,1.0,12,12,1.0,1.0
independent-05,independent,core-01;core-03,0.0,2,9,20,core-03;core-01,core-03;core-01,1.0,1.0,1.0,1.0,12,12,1.0,1.0
independent-05,independent,core-01;core-03,0.0,2,10,20,core-01;core-03,core-03;core-01,1.0,1.0,1.0,1.0,12,12,1.0,1.0
independent-05,independent,core-01;core-03,0.0,2,11,20,core-03;core-01,core-03;core-01,1.0,1.0,1.0,1.0,12,12,1.0,1.0
independent-05,independent,core-01;core-03,0.0,2,12,20,core-01;core-03,core-01;core-03,1.0,1.0,1.0,1.0,12,12,1.0,1.0
independent-05,independent,core-01;core-03,0.0,2,13,20,core-03;core-01,core-03;core-01,1.0,1.0,1.0,1.0,12,12,1.0,1.0
independent-05,independent,core-01;core-03,0.0,2,14,20,core-03;core-01,core-03;core-01,1.0,1.0,1.0,1.0,12,12,1.0,1.0
independent-05,independent,core-01;core-03,0.0,2,15,20,core-03;core-01,core-01;core-03,1.0,1.0,1.0,1.0,12,12,1.0,1.0
independent-05,independent,core-01;core-03,0.0,2,16,20,core-03;core-01,core-03;core-01,1.0,1.0,1.0,1.0,12,12,1.0,1.0
independent-05,independent,core-01;core-03,0.0,2,17,20,core-03;core-01,core-03;core-01,1.0,1.0,1.0,1.0,12,12,1.0,1.0
independent-05,independent,core-01;core-03,0.0,2,18,20,core-01;core-03,core-03;core-01,1.0,1.0,1.0,1.0,12,12,1.0,1.0
independent-05,independent,core-01;core-03,0.0,2,19,20,core-03;core-01,core-03;core-01,1.0,1.0,1.0,1.0,12,12,1.0,1.0
independent-05,independent,core-01;core-03,0.0,4,0,22,core-01;core-03,core-03;core-01,1.0,1.0,1.0,1.0,12,12,1.0,1.0
independent-05,independent,core-01;core-03,0.0,4,1,22,core-01;core-03,core-01;core-03,1.0,1.0,1.0,1.0,12,12,1.0,1.0
independent-05,independent,core-01;core-03,0.0,4,2,22,core-01;core-03,core-01;core-03,1.0,1.0,1.0,1.0,12,12,1.0,1.0
independent-05,independent,core-01;core-03,0.0,4,3,22,core-01;core-03,core-01;core-03,1.0,1.0,1.0,1.0,12,12,1.0,1.0
independent-05,independent,core-01;core-03,0.0,4,4,22,core-03;core-01,core-03;core-01,1.0,1.0,1.0,1.0,12,12,1.0,1.0
independent-05,independent,core-01;core-03,0.0,4,5,22,core-03;core-01,core-03;core-01,1.0,1.0,1.0,1.0,12,12,1.0,1.0
independent-05,independent,core-01;core-03,0.0,4,6,22,core-01;core-03,core-01;core-03,1.0,1.0,1.0,1.0,12,12,1.0,1.0
independent-05,independent,core-01;core-03,0.0,4,7,22,core-01;core-03,core-03;core-01,1.0,1.0,1.0,1.0,12,12,1.0,1.0
independent-05,independent,core-01;core-03,0.0,4,8,22,core-03;core-01,core-03;core-01,1.0,1.0,1.0,1.0,12,12,1.0,1.0
independent-05,independent,core-01;core-03,0.0,4,9,22,core-01;core-03,core-03;core-01,1.0,1.0,1.0,1.0,12,12,1.0,1.0
independent-05,independent,core-01;core-03,0.0,4,10,22,core-03;core-01,core-03;core-01,1.0,1.0,1.0,1.0,12,12,1.0,1.0
independent-05,independent,core-01;core-03,0.0,4,11,22,core-01;core-03,core-01;core-03,1.0,1.0,1.0,1.0,12,12,1.0,1.0
independent-05,independent,core-01;core-03,0.0,4,12,22,core-01;core-03,core-01;core-03,1.0,1.0,1.0,1.0,12,12,1.0,1.0
independent-05,independent,core-01;core-03,0.0,4,13,22,core-01;core-03,core-01;core-03,1.0,1.0,1.0,1.0,12,12,1.0,1.0
independent-05,independent,core-01;core-03,0.0,4,14,22,core-03;core-01,core-03;core-01,1.0,1.0,1.0,1.0,12,12,1.0,1.0
independent-05,independent,core-01;core-03,0.0,4,15,22,core-03;core-01,core-03;core-01,1.0,1.0,1.0,1.0,12,12,1.0,1.0
independent-05,independent,core-01;core-03,0.0,4,16,22,core-01;core-03,core-01;core-03,1.0,1.0,1.0,1.0,12,12,1.0,1.0
independent-05,independent,core-01;core-03,0.0,4,17,22,core-01;core-03,core-01;core-03,1.0,1.0,1.0,1.0,12,12,1.0,1.0
independent-05,independent,core-01;core-03,0.0,4,18,22,core-01;core-03,core-01;core-03,1.0,1.0,1.0,1.0,12,12,1.0,1.0
independent-05,independent,core-01;core-03,0.0,4,19,22,core-01;core-03,core-01;core-03,1.0,1.0,1.0,1.0,12,12,1.0,1.0
independent-05,independent,core-01;core-03,0.2,0,0,14,core-01;aggregation-01,core-01;core-03,0.5,1.0,0.0,1.0,12,12,1.0,1.0
independent-05,independent,core-01;core-03,0.2,0,1,11,core-01;aggregation-01,core-01;core-03,0.5,1.0,0.0,1.0,12,12,1.0,1.0
independent-05,independent,core-01;core-03,0.2,0,2,15,core-01;aggregation-01,core-01;core-03,0.5,1.0,0.0,1.0,12,12,1.0,1.0
independent-05,independent,core-01;core-03,0.2,0,3,15,core-03;core-01,core-03;core-01,1.0,1.0,1.0,1.0,12,12,1.0,1.0
independent-05,independent,core-01;core-03,0.2,0,4,16,core-01;aggregation-02,core-01;core-03,0.5,1.0,0.0,1.0,12,12,1.0,1.0
independent-05,independent,core-01;core-03,0.2,0,5,15,core-03;core-01,core-03;core-01,1.0,1.0,1.0,1.0,12,12,1.0,1.0
independent-05,independent,core-01;core-03,0.2,0,6,11,core-01;core-03,core-01;core-03,1.0,1.0,1.0,1.0,12,12,1.0,1.0
independent-05,independent,core-01;core-03,0.2,0,7,15,core-03;core-01,core-03;core-01,1.0,1.0,1.0,1.0,12,12,1.0,1.0
independent-05,independent,core-01;core-03,0.2,0,8,13,core-01;core-03,core-01;core-03,1.0,1.0,1.0,1.0,12,12,1.0,1.0
independent-05,independent,core-01;core-03,0.2,0,9,15,core-01;core-03,core-01;core-03,1.0,1.0,1.0,1.0,12,12,1.0,1.0
independent-05,independent,core-01;core-03,0.2,0,10,16,core-01;core-03,core-01;core-03,1.0,1.0,1.0,1.0,12,12,1.0,1.0
independent-05,independent,core-01;core-03,0.2,0,11,16,core-03;core-01,core-03;core-01,1.0,1.0,1.0,1.0,12,12,1.0,1.0
independent-05,independent,core-01;core-03,0.2,0,12,13,core-01;aggregation-01,core-01;core-03,0.5,1.0,0.0,1.0,12,12,1.0,1.0
independent-05,independent,core-01;core-03,0.2,0,13,15,core-01;core-03,core-01;core-03,1.0,1.0,1.0,1.0,12,12,1.0,1.0
independent-05,independent,core-01;core-03,0.2,0,14,16,core-03;core-01,core-03;core-01,1.0,1.0,1.0,1.0,12,12,1.0,1.0
independent-05,independent,core-01;core-03,0.2,0,15,17,core-01;core-03,core-01;core-03,1.0,1.0,1.0,1.0,12,12,1.0,1.0
independent-05,independent,core-01;core-03,0.2,0,16,14,core-03;core-01,core-03;core-01,1.0,1.0,1.0,1.0,12,12,1.0,1.0
independent-05,independent,core-01;core-03,0.2,0,17,13,core-03;aggregation-05,core-03;core-01,0.5,1.0,0.0,1.0,12,12,1.0,1.0
independent-05,independent,core-01;core-03,0.2,0,18,14,core-01;core-03,core-01;core-03,1.0,1.0,1.0,1.0,12,12,1.0,1.0
independent-05,independent,core-01;core-03,0.2,0,19,15,core-03;core-01,core-03;core-01,1.0,1.0,1.0,1.0,12,12,1.0,1.0
independent-05,independent,core-01;core-03,0.2,2,0,19,core-03;core-01,core-03;core-01,1.0,1.0,1.0,1.0,12,12,1.0,1.0
independent-05,independent,core-01;core-03,0.2,2,1,16,core-01;core-03,core-03;core-01,1.0,1.0,1.0,1.0,12,12,1.0,1.0
independent-05,independent,core-01;core-03,0.2,2,2,17,core-01;core-03,core-01;core-03,1.0,1.0,1.0,1.0,12,12,1.0,1.0
independent-05,independent,core-01;core-03,0.2,2,3,19,core-01;core-03,core-01;core-03,1.0,1.0,1.0,1.0,12,12,1.0,1.0
independent-05,independent,core-01;core-03,0.2,2,4,17,core-03;core-01,core-03;core-01,1.0,1.0,1.0,1.0,12,12,1.0,1.0
independent-05,independent,core-01;core-03,0.2,2,5,16,core-01;aggregation-06,core-01;core-03,0.5,1.0,0.0,1.0,12,12,1.0,1.0
independent-05,independent,core-01;core-03,0.2,2,6,16,core-01;aggregation-02,core-01;core-03,0.5,1.0,0.0,1.0,12,12,1.0,1.0
independent-05,independent,core-01;core-03,0.2,2,7,16,core-03;aggregation-06,core-03;core-01,0.5,1.0,0.0,1.0,12,12,1.0,1.0
independent-05,independent,core-01;core-03,0.2,2,8,19,core-03;core-01,core-01;core-03,1.0,1.0,1.0,1.0,12,12,1.0,1.0
independent-05,independent,core-01;core-03,0.2,2,9,19,core-01;core-03,core-01;core-03,1.0,1.0,1.0,1.0,12,12,1.0,1.0
independent-05,independent,core-01;core-03,0.2,2,10,17,core-01;core-03,core-03;core-01,1.0,1.0,1.0,1.0,12,12,1.0,1.0
independent-05,independent,core-01;core-03,0.2,2,11,14,core-03;aggregation-06,core-03;core-01,0.5,1.0,0.0,1.0,12,12,1.0,1.0
independent-05,independent,core-01;core-03,0.2,2,12,16,aggregation-01;core-01,core-01;core-03,0.5,1.0,0.0,1.0,12,12,1.0,1.0
independent-05,independent,core-01;core-03,0.2,2,13,16,core-01;aggregation-05,core-03;core-01,0.5,1.0,0.0,1.0,12,12,1.0,1.0
independent-05,independent,core-01;core-03,0.2,2,14,17,core-01;core-03,core-01;core-03,1.0,1.0,1.0,1.0,12,12,1.0,1.0
independent-05,independent,core-01;core-03,0.2,2,15,13,core-01;aggregation-01,core-01;core-03,0.5,1.0,0.0,1.0,12,12,1.0,1.0
independent-05,independent,core-01;core-03,0.2,2,16,20,core-03;core-01,core-03;core-01,1.0,1.0,1.0,1.0,12,12,1.0,1.0
independent-05,independent,core-01;core-03,0.2,2,17,16,core-03;aggregation-01,core-03;core-01,0.5,1.0,0.0,1.0,12,12,1.0,1.0
independent-05,independent,core-01;core-03,0.2,2,18,17,core-01;aggregation-02,core-01;core-03,0.5,1.0,0.0,1.0,12,12,1.0,1.0
independent-05,independent,core-01;core-03,0.2,2,19,17,core-03;aggregation-05,core-03;core-01,0.5,1.0,0.0,1.0,12,12,1.0,1.0
independent-05,independent,core-01;core-03,0.2,4,0,18,core-01;aggregation-01,core-01;core-03,0.5,1.0,0.0,1.0,12,12,1.0,1.0
independent-05,independent,core-01;core-03,0.2,4,1,17,core-01;aggregation-02,core-03;core-01,0.5,1.0,0.0,1.0,12,12,1.0,1.0
independent-05,independent,core-01;core-03,0.2,4,2,19,core-03;aggregation-05,core-03;core-01,0.5,1.0,0.0,1.0,12,12,1.0,1.0
independent-05,independent,core-01;core-03,0.2,4,3,18,core-03;aggregation-06,core-03;core-01,0.5,1.0,0.0,1.0,12,12,1.0,1.0
independent-05,independent,core-01;core-03,0.2,4,4,20,core-03;core-01,core-03;core-01,1.0,1.0,1.0,1.0,12,12,1.0,1.0
independent-05,independent,core-01;core-03,0.2,4,5,16,core-01;core-03,core-01;core-03,1.0,1.0,1.0,1.0,12,12,1.0,1.0
independent-05,independent,core-01;core-03,0.2,4,6,19,core-03;core-01,core-03;core-01,1.0,1.0,1.0,1.0,12,12,1.0,1.0
independent-05,independent,core-01;core-03,0.2,4,7,18,core-01;core-03,core-03;core-01,1.0,1.0,1.0,1.0,12,12,1.0,1.0
independent-05,independent,core-01;core-03,0.2,4,8,19,core-03;aggregation-05,core-03;core-01,0.5,1.0,0.0,1.0,12,12,1.0,1.0
independent-05,independent,core-01;core-03,0.2,4,9,16,aggregation-01;core-03,core-03;core-01,0.5,1.0,0.0,1.0,12,12,1.0,1.0
independent-05,independent,core-01;core-03,0.2,4,10,19,core-01;core-03,core-01;core-03,1.0,1.0,1.0,1.0,12,12,1.0,1.0
independent-05,independent,core-01;core-03,0.2,4,11,17,core-01;aggregation-01,core-01;core-03,0.5,1.0,0.0,1.0,12,12,1.0,1.0
independent-05,independent,core-01;core-03,0.2,4,12,16,core-03;core-01,core-03;core-01,1.0,1.0,1.0,1.0,12,12,1.0,1.0
independent-05,independent,core-01;core-03,0.2,4,13,20,core-01;core-03,core-01;core-03,1.0,1.0,1.0,1.0,12,12,1.0,1.0
independent-05,independent,core-01;core-03,0.2,4,14,18,core-01;core-03,core-01;core-03,1.0,1.0,1.0,1.0,12,12,1.0,1.0
independent-05,independent,core-01;core-03,0.2,4,15,17,core-03;aggregation-05,core-03;core-01,0.5,1.0,0.0,1.0,12,12,1.0,1.0
independent-05,independent,core-01;core-03,0.2,4,16,18,core-01;aggregation-01,core-01;core-03,0.5,1.0,0.0,1.0,12,12,1.0,1.0
independent-05,independent,core-01;core-03,0.2,4,17,20,core-01;core-03,core-01;core-03,1.0,1.0,1.0,1.0,12,12,1.0,1.0
independent-05,independent,core-01;core-03,0.2,4,18,19,core-03;aggregation-06,core-03;core-01,0.5,1.0,0.0,1.0,12,12,1.0,1.0
independent-05,independent,core-01;core-03,0.2,4,19,17,aggregation-05;core-01,core-01;core-03,0.5,1.0,0.0,1.0,12,12,1.0,1.0
independent-05,independent,core-01;core-03,0.4,0,0,14,core-01;aggregation-02,core-01;core-03,0.5,1.0,0.0,1.0,12,12,1.0,1.0
independent-05,independent,core-01;core-03,0.4,0,1,12,core-03;core-01,core-03;core-01,1.0,1.0,1.0,1.0,12,12,1.0,1.0
independent-05,independent,core-01;core-03,0.4,0,2,12,core-03;core-01,core-03;core-01,1.0,1.0,1.0,1.0,12,12,1.0,1.0
independent-05,independent,core-01;core-03,0.4,0,3,8,core-03;aggregation-05,core-03;core-01,0.5,1.0,0.0,1.0,12,12,1.0,1.0
independent-05,independent,core-01;core-03,0.4,0,4,10,core-01;aggregation-01,core-01;core-03,0.5,1.0,0.0,1.0,12,12,1.0,1.0
independent-05,independent,core-01;core-03,0.4,0,5,9,core-01;aggregation-02,core-01;core-03,0.5,1.0,0.0,1.0,12,12,1.0,1.0
independent-05,independent,core-01;core-03,0.4,0,6,12,core-03;aggregation-06,core-03;core-01,0.5,1.0,0.0,1.0,12,12,1.0,1.0
independent-05,independent,core-01;core-03,0.4,0,7,13,core-01;core-03,core-01;core-03,1.0,1.0,1.0,1.0,12,12,1.0,1.0
independent-05,independent,core-01;core-03,0.4,0,8,13,core-03;core-01,core-03;core-01,1.0,1.0,1.0,1.0,12,12,1.0,1.0
independent-05,independent,core-01;core-03,0.4,0,9,8,core-01;core-03,core-01;core-03,1.0,1.0,1.0,1.0,12,12,1.0,1.0
independent-05,independent,core-01;core-03,0.4,0,10,7,core-03;aggregation-06,core-03;core-01,0.5,1.0,0.0,1.0,12,12,1.0,1.0
independent-05,independent,core-01;core-03,0.4,0,11,9,core-01;aggregation-02,core-01;core-03,0.5,1.0,0.0,1.0,12,12,1.0,1.0
independent-05,independent,core-01;core-03,0.4,0,12,10,aggregation-02;core-01,core-01;core-03,0.5,1.0,0.0,1.0,12,12,1.0,1.0
independent-05,independent,core-01;core-03,0.4,0,13,8,core-01;aggregation-01,core-01;aggregation-05,0.5,0.5,0.0,0.0,12,9,0.75,0.75
independent-05,independent,core-01;core-03,0.4,0,14,9,aggregation-06;core-03,aggregation-06;core-01,0.5,0.5,0.0,0.0,12,9,0.75,0.75
independent-05,independent,core-01;core-03,0.4,0,15,10,aggregation-01;core-03,core-03;core-01,0.5,1.0,0.0,1.0,12,12,1.0,1.0
independent-05,independent,core-01;core-03,0.4,0,16,10,core-01;core-03,core-01;core-03,1.0,1.0,1.0,1.0,12,12,1.0,1.0
independent-05,independent,core-01;core-03,0.4,0,17,11,core-03;core-01,core-03;core-01,1.0,1.0,1.0,1.0,12,12,1.0,1.0
independent-05,independent,core-01;core-03,0.4,0,18,13,core-01;aggregation-06,core-01;core-03,0.5,1.0,0.0,1.0,12,12,1.0,1.0
independent-05,independent,core-01;core-03,0.4,0,19,9,core-03;aggregation-06,core-03;core-01,0.5,1.0,0.0,1.0,12,12,1.0,1.0
independent-05,independent,core-01;core-03,0.4,2,0,12,aggregation-02;core-01,core-01;core-03,0.5,1.0,0.0,1.0,12,12,1.0,1.0
independent-05,independent,core-01;core-03,0.4,2,1,11,aggregation-05;core-03,core-03;core-01,0.5,1.0,0.0,1.0,12,12,1.0,1.0
independent-05,independent,core-01;core-03,0.4,2,2,15,core-03;core-01,core-03;core-01,1.0,1.0,1.0,1.0,12,12,1.0,1.0
independent-05,independent,core-01;core-03,0.4,2,3,14,aggregation-01;aggregation-06,core-01;core-03,0.0,1.0,0.0,1.0,12,12,1.0,1.0
independent-05,independent,core-01;core-03,0.4,2,4,10,aggregation-02;core-01,core-01;core-03,0.5,1.0,0.0,1.0,12,12,1.0,1.0
independent-05,independent,core-01;core-03,0.4,2,5,16,core-01;aggregation-02,core-03;core-01,0.5,1.0,0.0,1.0,12,12,1.0,1.0
independent-05,independent,core-01;core-03,0.4,2,6,13,core-01;core-03,core-03;core-01,1.0,1.0,1.0,1.0,12,12,1.0,1.0
independent-05,independent,core-01;core-03,0.4,2,7,15,core-03;core-01,core-01;core-03,1.0,1.0,1.0,1.0,12,12,1.0,1.0
independent-05,independent,core-01;core-03,0.4,2,8,13,core-03;core-01,core-01;core-03,1.0,1.0,1.0,1.0,12,12,1.0,1.0
independent-05,independent,core-01;core-03,0.4,2,9,10,aggregation-01;core-01,core-01;core-03,0.5,1.0,0.0,1.0,12,12,1.0,1.0
independent-05,independent,core-01;core-03,0.4,2,10,10,core-01;aggregation-02,core-03;core-01,0.5,1.0,0.0,1.0,12,12,1.0,1.0
independent-05,independent,core-01;core-03,0.4,2,11,18,core-01;core-03,core-01;core-03,1.0,1.0,1.0,1.0,12,12,1.0,1.0
independent-05,independent,core-01;core-03,0.4,2,12,13,core-01;aggregation-02,core-01;core-03,0.5,1.0,0.0,1.0,12,12,1.0,1.0
independent-05,independent,core-01;core-03,0.4,2,13,14,core-01;aggregation-01,core-01;core-03,0.5,1.0,0.0,1.0,12,12,1.0,1.0
independent-05,independent,core-01;core-03,0.4,2,14,15,core-01;core-03,core-01;core-03,1.0,1.0,1.0,1.0,12,12,1.0,1.0
independent-05,independent,core-01;core-03,0.4,2,15,10,core-03;core-01,core-03;core-01,1.0,1.0,1.0,1.0,12,12,1.0,1.0
independent-05,independent,core-01;core-03,0.4,2,16,10,core-03;aggregation-05,core-03;core-01,0.5,1.0,0.0,1.0,12,12,1.0,1.0
independent-05,independent,core-01;core-03,0.4,2,17,9,core-01;aggregation-05,core-03;core-01,0.5,1.0,0.0,1.0,12,12,1.0,1.0
independent-05,independent,core-01;core-03,0.4,2,18,12,core-03;core-01,core-03;core-01,1.0,1.0,1.0,1.0,12,12,1.0,1.0
independent-05,independent,core-01;core-03,0.4,2,19,11,core-01;aggregation-01,core-01;core-03,0.5,1.0,0.0,1.0,12,12,1.0,1.0
independent-05,independent,core-01;core-03,0.4,4,0,14,core-03;aggregation-06,core-01;core-03,0.5,1.0,0.0,1.0,12,12,1.0,1.0
independent-05,independent,core-01;core-03,0.4,4,1,15,core-01;aggregation-01,core-01;core-03,0.5,1.0,0.0,1.0,12,12,1.0,1.0
independent-05,independent,core-01;core-03,0.4,4,2,16,aggregation-01;aggregation-05,core-03;core-01,0.0,1.0,0.0,1.0,12,12,1.0,1.0
independent-05,independent,core-01;core-03,0.4,4,3,14,core-03;aggregation-05,core-03;aggregation-01,0.5,0.5,0.0,0.0,12,9,0.75,0.75
independent-05,independent,core-01;core-03,0.4,4,4,14,core-01;core-03,core-01;core-03,1.0,1.0,1.0,1.0,12,12,1.0,1.0
independent-05,independent,core-01;core-03,0.4,4,5,18,core-01;core-03,core-01;core-03,1.0,1.0,1.0,1.0,12,12,1.0,1.0
independent-05,independent,core-01;core-03,0.4,4,6,14,core-03;aggregation-05,core-03;core-01,0.5,1.0,0.0,1.0,12,12,1.0,1.0
independent-05,independent,core-01;core-03,0.4,4,7,15,aggregation-06;aggregation-01,core-01;aggregation-06,0.0,0.5,0.0,0.0,12,9,0.75,0.75
independent-05,independent,core-01;core-03,0.4,4,8,19,core-03;aggregation-01,core-03;core-01,0.5,1.0,0.0,1.0,12,12,1.0,1.0
independent-05,independent,core-01;core-03,0.4,4,9,13,core-01;aggregation-01,core-01;core-03,0.5,1.0,0.0,1.0,12,12,1.0,1.0
independent-05,independent,core-01;core-03,0.4,4,10,15,core-03;core-01,core-01;core-03,1.0,1.0,1.0,1.0,12,12,1.0,1.0
independent-05,independent,core-01;core-03,0.4,4,11,16,core-01;core-03,core-01;core-03,1.0,1.0,1.0,1.0,12,12,1.0,1.0
independent-05,independent,core-01;core-03,0.4,4,12,15,core-01;aggregation-01,core-01;core-03,0.5,1.0,0.0,1.0,12,12,1.0,1.0
independent-05,independent,core-01;core-03,0.4,4,13,14,core-03;aggregation-06,core-03;core-01,0.5,1.0,0.0,1.0,12,12,1.0,1.0
independent-05,independent,core-01;core-03,0.4,4,14,12,aggregation-01;core-01,core-03;core-01,0.5,1.0,0.0,1.0,12,12,1.0,1.0
independent-05,independent,core-01;core-03,0.4,4,15,14,core-03;aggregation-05,core-03;core-01,0.5,1.0,0.0,1.0,12,12,1.0,1.0
independent-05,independent,core-01;core-03,0.4,4,16,14,core-01;aggregation-02,core-01;core-03,0.5,1.0,0.0,1.0,12,12,1.0,1.0
independent-05,independent,core-01;core-03,0.4,4,17,14,aggregation-01;core-01,aggregation-01;core-03,0.5,0.5,0.0,0.0,12,9,0.75,0.75
independent-05,independent,core-01;core-03,0.4,4,18,13,core-01;aggregation-01,core-01;aggregation-05,0.5,0.5,0.0,0.0,12,9,0.75,0.75
independent-05,independent,core-01;core-03,0.4,4,19,16,core-01;aggregation-01,core-01;core-03,0.5,1.0,0.0,1.0,12,12,1.0,1.0
independent-06,independent,aggregation-02;access-16,0.0,0,0,5,aggregation-02;core-01,aggregation-02;access-16,0.5,1.0,0.0,1.0,4,4,1.0,1.0
independent-06,independent,aggregation-02;access-16,0.0,0,1,5,aggregation-02;core-01,aggregation-02;access-16,0.5,1.0,0.0,1.0,4,4,1.0,1.0
independent-06,independent,aggregation-02;access-16,0.0,0,2,5,aggregation-02;core-01,aggregation-02;access-16,0.5,1.0,0.0,1.0,4,4,1.0,1.0
independent-06,independent,aggregation-02;access-16,0.0,0,3,5,aggregation-02;core-01,aggregation-02;access-16,0.5,1.0,0.0,1.0,4,4,1.0,1.0
independent-06,independent,aggregation-02;access-16,0.0,0,4,5,aggregation-02;core-01,aggregation-02;access-16,0.5,1.0,0.0,1.0,4,4,1.0,1.0
independent-06,independent,aggregation-02;access-16,0.0,0,5,5,aggregation-02;core-01,aggregation-02;access-16,0.5,1.0,0.0,1.0,4,4,1.0,1.0
independent-06,independent,aggregation-02;access-16,0.0,0,6,5,aggregation-02;core-01,aggregation-02;access-16,0.5,1.0,0.0,1.0,4,4,1.0,1.0
independent-06,independent,aggregation-02;access-16,0.0,0,7,5,aggregation-02;core-01,aggregation-02;access-16,0.5,1.0,0.0,1.0,4,4,1.0,1.0
independent-06,independent,aggregation-02;access-16,0.0,0,8,5,aggregation-02;core-01,aggregation-02;access-16,0.5,1.0,0.0,1.0,4,4,1.0,1.0
independent-06,independent,aggregation-02;access-16,0.0,0,9,5,aggregation-02;core-01,aggregation-02;access-16,0.5,1.0,0.0,1.0,4,4,1.0,1.0
independent-06,independent,aggregation-02;access-16,0.0,0,10,5,aggregation-02;core-01,aggregation-02;access-16,0.5,1.0,0.0,1.0,4,4,1.0,1.0
independent-06,independent,aggregation-02;access-16,0.0,0,11,5,aggregation-02;core-01,aggregation-02;access-16,0.5,1.0,0.0,1.0,4,4,1.0,1.0
independent-06,independent,aggregation-02;access-16,0.0,0,12,5,aggregation-02;core-01,aggregation-02;access-16,0.5,1.0,0.0,1.0,4,4,1.0,1.0
independent-06,independent,aggregation-02;access-16,0.0,0,13,5,aggregation-02;core-01,aggregation-02;access-16,0.5,1.0,0.0,1.0,4,4,1.0,1.0
independent-06,independent,aggregation-02;access-16,0.0,0,14,5,aggregation-02;core-01,aggregation-02;access-16,0.5,1.0,0.0,1.0,4,4,1.0,1.0
independent-06,independent,aggregation-02;access-16,0.0,0,15,5,aggregation-02;core-01,aggregation-02;access-16,0.5,1.0,0.0,1.0,4,4,1.0,1.0
independent-06,independent,aggregation-02;access-16,0.0,0,16,5,aggregation-02;core-01,aggregation-02;access-16,0.5,1.0,0.0,1.0,4,4,1.0,1.0
independent-06,independent,aggregation-02;access-16,0.0,0,17,5,aggregation-02;core-01,aggregation-02;access-16,0.5,1.0,0.0,1.0,4,4,1.0,1.0
independent-06,independent,aggregation-02;access-16,0.0,0,18,5,aggregation-02;core-01,aggregation-02;access-16,0.5,1.0,0.0,1.0,4,4,1.0,1.0
independent-06,independent,aggregation-02;access-16,0.0,0,19,5,aggregation-02;core-01,aggregation-02;access-16,0.5,1.0,0.0,1.0,4,4,1.0,1.0
independent-06,independent,aggregation-02;access-16,0.0,2,0,7,aggregation-02;core-01,aggregation-02;access-16,0.5,1.0,0.0,1.0,4,4,1.0,1.0
independent-06,independent,aggregation-02;access-16,0.0,2,1,7,aggregation-02;core-01,aggregation-02;aggregation-04,0.5,0.5,0.0,0.0,4,6,0.75,0.42857142857142855
independent-06,independent,aggregation-02;access-16,0.0,2,2,7,aggregation-02;core-01,aggregation-02;aggregation-06,0.5,0.5,0.0,0.0,4,6,1.0,0.6666666666666666
independent-06,independent,aggregation-02;access-16,0.0,2,3,7,aggregation-02;core-01,aggregation-02;access-16,0.5,1.0,0.0,1.0,4,4,1.0,1.0
independent-06,independent,aggregation-02;access-16,0.0,2,4,7,aggregation-02;core-01,aggregation-02;access-16,0.5,1.0,0.0,1.0,4,4,1.0,1.0
independent-06,independent,aggregation-02;access-16,0.0,2,5,7,aggregation-02;core-01,aggregation-02;access-09,0.5,0.5,0.0,0.0,4,4,0.75,0.6
independent-06,independent,aggregation-02;access-16,0.0,2,6,7,aggregation-02;core-01,aggregation-02;access-02,0.5,0.5,0.0,0.0,4,4,0.75,0.6
independent-06,independent,aggregation-02;access-16,0.0,2,7,7,aggregation-02;core-01,aggregation-02;access-01,0.5,0.5,0.0,0.0,4,4,0.75,0.6
independent-06,independent,aggregation-02;access-16,0.0,2,8,7,aggregation-02;core-01,aggregation-02;access-16,0.5,1.0,0.0,1.0,4,4,1.0,1.0
independent-06,independent,aggregation-02;access-16,0.0,2,9,7,aggregation-02;core-01,aggregation-02;access-02,0.5,0.5,0.0,0.0,4,4,0.75,0.6
independent-06,independent,aggregation-02;access-16,0.0,2,10,7,aggregation-02;core-01,aggregation-02;aggregation-06,0.5,0.5,0.0,0.0,4,6,1.0,0.6666666666666666
independent-06,independent,aggregation-02;access-16,0.0,2,11,7,aggregation-02;core-01,aggregation-02;aggregation-06,0.5,0.5,0.0,0.0,4,6,1.0,0.6666666666666666
independent-06,independent,aggregation-02;access-16,0.0,2,12,7,aggregation-02;core-01,aggregation-02;access-01,0.5,0.5,0.0,0.0,4,4,0.75,0.6
independent-06,independent,aggregation-02;access-16,0.0,2,13,7,aggregation-02;core-01,aggregation-02;access-16,0.5,1.0,0.0,1.0,4,4,1.0,1.0
independent-06,independent,aggregation-02;access-16,0.0,2,14,7,aggregation-02;core-01,aggregation-02;access-16,0.5,1.0,0.0,1.0,4,4,1.0,1.0
independent-06,independent,aggregation-02;access-16,0.0,2,15,7,aggregation-02;core-01,aggregation-02;access-08,0.5,0.5,0.0,0.0,4,4,0.75,0.6
independent-06,independent,aggregation-02;access-16,0.0,2,16,7,aggregation-02;core-01,aggregation-02;access-11,0.5,0.5,0.0,0.0,4,4,0.75,0.6
independent-06,independent,aggregation-02;access-16,0.0,2,17,7,aggregation-02;core-01,aggregation-02;access-03,0.5,0.5,0.0,0.0,4,4,0.75,0.6
independent-06,independent,aggregation-02;access-16,0.0,2,18,7,aggregation-02;core-01,aggregation-02;aggregation-06,0.5,0.5,0.0,0.0,4,6,1.0,0.6666666666666666
independent-06,independent,aggregation-02;access-16,0.0,2,19,7,aggregation-02;core-01,aggregation-02;access-16,0.5,1.0,0.0,1.0,4,4,1.0,1.0
independent-06,independent,aggregation-02;access-16,0.0,4,0,9,aggregation-02;access-04,aggregation-02;access-16,0.5,1.0,0.0,1.0,4,4,1.0,1.0
independent-06,independent,aggregation-02;access-16,0.0,4,1,9,aggregation-02;core-01,aggregation-02;core-03,0.5,0.5,0.0,0.0,4,9,1.0,0.4444444444444444
independent-06,independent,aggregation-02;access-16,0.0,4,2,9,aggregation-02;core-01,aggregation-02;access-16,0.5,1.0,0.0,1.0,4,4,1.0,1.0
independent-06,independent,aggregation-02;access-16,0.0,4,3,9,aggregation-02;access-02,aggregation-02;access-02,0.5,0.5,0.0,0.0,4,4,0.75,0.6
independent-06,independent,aggregation-02;access-16,0.0,4,4,9,aggregation-02;core-01,aggregation-02;access-02,0.5,0.5,0.0,0.0,4,4,0.75,0.6
independent-06,independent,aggregation-02;access-16,0.0,4,5,9,aggregation-02;core-01,aggregation-02;core-02,0.5,0.5,0.0,0.0,4,9,0.75,0.3
independent-06,independent,aggregation-02;access-16,0.0,4,6,9,aggregation-02;core-01,aggregation-02;access-02,0.5,0.5,0.0,0.0,4,4,0.75,0.6
independent-06,independent,aggregation-02;access-16,0.0,4,7,9,aggregation-02;access-02,aggregation-02;access-02,0.5,0.5,0.0,0.0,4,4,0.75,0.6
independent-06,independent,aggregation-02;access-16,0.0,4,8,9,aggregation-02;core-01,aggregation-02;access-07,0.5,0.5,0.0,0.0,4,4,0.75,0.6
independent-06,independent,aggregation-02;access-16,0.0,4,9,9,aggregation-02;core-01,aggregation-02;aggregation-06,0.5,0.5,0.0,0.0,4,6,1.0,0.6666666666666666
independent-06,independent,aggregation-02;access-16,0.0,4,10,9,aggregation-02;core-01,aggregation-02;core-03,0.5,0.5,0.0,0.0,4,9,1.0,0.4444444444444444
independent-06,independent,aggregation-02;access-16,0.0,4,11,9,aggregation-02;core-01,aggregation-02;core-03,0.5,0.5,0.0,0.0,4,9,1.0,0.4444444444444444
independent-06,independent,aggregation-02;access-16,0.0,4,12,9,aggregation-02;access-03,aggregation-02;access-03,0.5,0.5,0.0,0.0,4,4,0.75,0.6
independent-06,independent,aggregation-02;access-16,0.0,4,13,9,aggregation-02;core-01,aggregation-02;access-09,0.5,0.5,0.0,0.0,4,4,0.75,0.6
independent-06,independent,aggregation-02;access-16,0.0,4,14,9,aggregation-02;core-01,aggregation-02;access-08,0.5,0.5,0.0,0.0,4,4,0.75,0.6
independent-06,independent,aggregation-02;access-16,0.0,4,15,9,aggregation-02;core-01,aggregation-02;aggregation-06,0.5,0.5,0.0,0.0,4,6,1.0,0.6666666666666666
independent-06,independent,aggregation-02;access-16,0.0,4,16,9,aggregation-02;core-01,aggregation-02;access-08,0.5,0.5,0.0,0.0,4,4,0.75,0.6
independent-06,independent,aggregation-02;access-16,0.0,4,17,9,aggregation-02;core-01,aggregation-02;core-03,0.5,0.5,0.0,0.0,4,9,1.0,0.4444444444444444
independent-06,independent,aggregation-02;access-16,0.0,4,18,9,aggregation-02;core-01,aggregation-02;access-07,0.5,0.5,0.0,0.0,4,4,0.75,0.6
independent-06,independent,aggregation-02;access-16,0.0,4,19,9,aggregation-02;access-03,aggregation-02;access-03,0.5,0.5,0.0,0.0,4,4,0.75,0.6
independent-06,independent,aggregation-02;access-16,0.2,0,0,4,aggregation-02;core-01,aggregation-02;access-16,0.5,1.0,0.0,1.0,4,4,1.0,1.0
independent-06,independent,aggregation-02;access-16,0.2,0,1,4,aggregation-02;core-01,aggregation-02;core-01,0.5,0.5,0.0,0.0,4,6,0.75,0.42857142857142855
independent-06,independent,aggregation-02;access-16,0.2,0,2,4,aggregation-02;core-01,aggregation-02;access-16,0.5,1.0,0.0,1.0,4,4,1.0,1.0
independent-06,independent,aggregation-02;access-16,0.2,0,3,2,access-04;access-16,access-04;access-16,0.5,0.5,0.0,0.0,4,2,0.5,0.5
independent-06,independent,aggregation-02;access-16,0.2,0,4,5,aggregation-02;core-01,aggregation-02;access-16,0.5,1.0,0.0,1.0,4,4,1.0,1.0
independent-06,independent,aggregation-02;access-16,0.2,0,5,3,aggregation-02;core-01,aggregation-02;core-01,0.5,0.5,0.0,0.0,4,6,0.75,0.42857142857142855
independent-06,independent,aggregation-02;access-16,0.2,0,6,5,aggregation-02;core-01,aggregation-02;access-16,0.5,1.0,0.0,1.0,4,4,1.0,1.0
independent-06,independent,aggregation-02;access-16,0.2,0,7,4,aggregation-02;core-01,aggregation-02;access-16,0.5,1.0,0.0,1.0,4,4,1.0,1.0
independent-06,independent,aggregation-02;access-16,0.2,0,8,4,aggregation-02;core-01,aggregation-02;access-16,0.5,1.0,0.0,1.0,4,4,1.0,1.0
independent-06,independent,aggregation-02;access-16,0.2,0,9,4,aggregation-02;core-01,aggregation-02;access-16,0.5,1.0,0.0,1.0,4,4,1.0,1.0
independent-06,independent,aggregation-02;access-16,0.2,0,10,5,aggregation-02;core-01,aggregation-02;access-16,0.5,1.0,0.0,1.0,4,4,1.0,1.0
independent-06,independent,aggregation-02;access-16,0.2,0,11,5,aggregation-02;core-01,aggregation-02;access-16,0.5,1.0,0.0,1.0,4,4,1.0,1.0
independent-06,independent,aggregation-02;access-16,0.2,0,12,5,aggregation-02;core-01,aggregation-02;access-16,0.5,1.0,0.0,1.0,4,4,1.0,1.0
independent-06,independent,aggregation-02;access-16,0.2,0,13,2,aggregation-02;core-01,aggregation-02;core-01,0.5,0.5,0.0,0.0,4,6,0.75,0.42857142857142855
independent-06,independent,aggregation-02;access-16,0.2,0,14,5,aggregation-02;core-01,aggregation-02;access-16,0.5,1.0,0.0,1.0,4,4,1.0,1.0
independent-06,independent,aggregation-02;access-16,0.2,0,15,4,aggregation-02;core-01,aggregation-02;access-16,0.5,1.0,0.0,1.0,4,4,1.0,1.0
independent-06,independent,aggregation-02;access-16,0.2,0,16,4,aggregation-02;core-01,aggregation-02;access-16,0.5,1.0,0.0,1.0,4,4,1.0,1.0
independent-06,independent,aggregation-02;access-16,0.2,0,17,4,aggregation-02;core-01,aggregation-02;core-01,0.5,0.5,0.0,0.0,4,6,0.75,0.42857142857142855
independent-06,independent,aggregation-02;access-16,0.2,0,18,5,aggregation-02;core-01,aggregation-02;access-16,0.5,1.0,0.0,1.0,4,4,1.0,1.0
independent-06,independent,aggregation-02;access-16,0.2,0,19,3,aggregation-02;core-01,aggregation-02;core-01,0.5,0.5,0.0,0.0,4,6,0.75,0.42857142857142855
independent-06,independent,aggregation-02;access-16,0.2,2,0,7,aggregation-02;core-01,aggregation-02;access-16,0.5,1.0,0.0,1.0,4,4,1.0,1.0
independent-06,independent,aggregation-02;access-16,0.2,2,1,7,aggregation-02;core-01,aggregation-02;access-07,0.5,0.5,0.0,0.0,4,4,0.75,0.6
independent-06,independent,aggregation-02;access-16,0.2,2,2,5,aggregation-02;access-04,aggregation-02;core-03,0.5,0.5,0.0,0.0,4,9,1.0,0.4444444444444444
independent-06,independent,aggregation-02;access-16,0.2,2,3,7,aggregation-02;core-01,aggregation-02;access-08,0.5,0.5,0.0,0.0,4,4,0.75,0.6
independent-06,independent,aggregation-02;access-16,0.2,2,4,7,aggregation-02;core-01,aggregation-02;access-10,0.5,0.5,0.0,0.0,4,4,0.75,0.6
independent-06,independent,aggregation-02;access-16,0.2,2,5,7,aggregation-02;core-01,aggregation-02;access-16,0.5,1.0,0.0,1.0,4,4,1.0,1.0
independent-06,independent,aggregation-02;access-16,0.2,2,6,6,aggregation-02;core-01,aggregation-02;access-16,0.5,1.0,0.0,1.0,4,4,1.0,1.0
independent-06,independent,aggregation-02;access-16,0.2,2,7,5,aggregation-02;access-05,aggregation-02;aggregation-06,0.5,0.5,0.0,0.0,4,6,1.0,0.6666666666666666
independent-06,independent,aggregation-02;access-16,0.2,2,8,6,aggregation-02;core-01,aggregation-02;core-03,0.5,0.5,0.0,0.0,4,9,1.0,0.4444444444444444
independent-06,independent,aggregation-02;access-16,0.2,2,9,6,aggregation-02;core-01,aggregation-02;access-01,0.5,0.5,0.0,0.0,4,4,0.75,0.6
independent-06,independent,aggregation-02;access-16,0.2,2,10,5,aggregation-02;access-05,aggregation-02;access-11,0.5,0.5,0.0,0.0,4,4,0.75,0.6
independent-06,independent,aggregation-02;access-16,0.2,2,11,5,core-01;aggregation-02,core-01;aggregation-06,0.5,0.0,0.0,0.0,4,9,1.0,0.4444444444444444
independent-06,independent,aggregation-02;access-16,0.2,2,12,7,aggregation-02;core-01,aggregation-02;access-16,0.5,1.0,0.0,1.0,4,4,1.0,1.0
independent-06,independent,aggregation-02;access-16,0.2,2,13,5,aggregation-02;core-01,aggregation-02;core-01,0.5,0.5,0.0,0.0,4,6,0.75,0.42857142857142855
independent-06,independent,aggregation-02;access-16,0.2,2,14,7,aggregation-02;core-01,aggregation-02;access-16,0.5,1.0,0.0,1.0,4,4,1.0,1.0
independent-06,independent,aggregation-02;access-16,0.2,2,15,7,aggregation-02;core-01,aggregation-02;access-10,0.5,0.5,0.0,0.0,4,4,0.75,0.6
independent-06,independent,aggregation-02;access-16,0.2,2,16,5,aggregation-02;access-05,core-01;aggregation-06,0.5,0.0,0.0,0.0,4,9,1.0,0.4444444444444444
independent-06,independent,aggregation-02;access-16,0.2,2,17,5,aggregation-02;core-01,aggregation-02;access-14,0.5,0.5,0.0,0.0,4,4,0.75,0.6
independent-06,independent,aggregation-02;access-16,0.2,2,18,6,aggregation-02;core-01,aggregation-02;aggregation-06,0.5,0.5,0.0,0.0,4,6,1.0,0.6666666666666666
independent-06,independent,aggregation-02;access-16,0.2,2,19,7,aggregation-02;core-01,aggregation-02;access-16,0.5,1.0,0.0,1.0,4,4,1.0,1.0
independent-06,independent,aggregation-02;access-16,0.2,4,0,8,aggregation-02;access-04,aggregation-02;access-16,0.5,1.0,0.0,1.0,4,4,1.0,1.0
independent-06,independent,aggregation-02;access-16,0.2,4,1,9,aggregation-02;core-01,aggregation-02;aggregation-06,0.5,0.5,0.0,0.0,4,6,1.0,0.6666666666666666
independent-06,independent,aggregation-02;access-16,0.2,4,2,8,aggregation-02;core-01,aggregation-02;access-11,0.5,0.5,0.0,0.0,4,4,0.75,0.6
independent-06,independent,aggregation-02;access-16,0.2,4,3,9,aggregation-02;core-01,aggregation-02;access-16,0.5,1.0,0.0,1.0,4,4,1.0,1.0
independent-06,independent,aggregation-02;access-16,0.2,4,4,9,aggregation-02;core-01,aggregation-02;access-16,0.5,1.0,0.0,1.0,4,4,1.0,1.0
independent-06,independent,aggregation-02;access-16,0.2,4,5,8,aggregation-02;core-01,aggregation-02;access-02,0.5,0.5,0.0,0.0,4,4,0.75,0.6
independent-06,independent,aggregation-02;access-16,0.2,4,6,7,aggregation-02;access-04,aggregation-02;core-03,0.5,0.5,0.0,0.0,4,9,1.0,0.4444444444444444
independent-06,independent,aggregation-02;access-16,0.2,4,7,7,aggregation-02;access-02,aggregation-02;aggregation-01,0.5,0.5,0.0,0.0,4,6,0.75,0.42857142857142855
independent-06,independent,aggregation-02;access-16,0.2,4,8,8,aggregation-02;core-01,aggregation-02;access-16,0.5,1.0,0.0,1.0,4,4,1.0,1.0
independent-06,independent,aggregation-02;access-16,0.2,4,9,9,aggregation-02;core-01,aggregation-02;aggregation-06,0.5,0.5,0.0,0.0,4,6,1.0,0.6666666666666666
independent-06,independent,aggregation-02;access-16,0.2,4,10,8,aggregation-02;access-04,aggregation-02;core-03,0.5,0.5,0.0,0.0,4,9,1.0,0.4444444444444444
independent-06,independent,aggregation-02;access-16,0.2,4,11,7,access-04;access-05,aggregation-02;core-03,0.0,0.5,0.0,0.0,4,9,1.0,0.4444444444444444
independent-06,independent,aggregation-02;access-16,0.2,4,12,9,aggregation-02;core-01,aggregation-02;access-11,0.5,0.5,0.0,0.0,4,4,0.75,0.6
independent-06,independent,aggregation-02;access-16,0.2,4,13,7,access-04;access-06,access-16;aggregation-02,0.0,1.0,0.0,1.0,4,4,1.0,1.0
independent-06,independent,aggregation-02;access-16,0.2,4,14,6,access-04;access-05,access-04;access-05,0.0,0.0,0.0,0.0,4,2,0.5,0.5
independent-06,independent,aggregation-02;access-16,0.2,4,15,7,aggregation-02;core-01,aggregation-02;aggregation-05,0.5,0.5,0.0,0.0,4,6,0.75,0.42857142857142855
independent-06,independent,aggregation-02;access-16,0.2,4,16,7,aggregation-02;aggregation-05,aggregation-02;aggregation-05,0.5,0.5,0.0,0.0,4,6,0.75,0.42857142857142855
independent-06,independent,aggregation-02;access-16,0.2,4,17,8,aggregation-02;access-05,aggregation-02;core-03,0.5,0.5,0.0,0.0,4,9,1.0,0.4444444444444444
independent-06,independent,aggregation-02;access-16,0.2,4,18,9,aggregation-02;aggregation-06,aggregation-02;aggregation-06,0.5,0.5,0.0,0.0,4,6,1.0,0.6666666666666666
independent-06,independent,aggregation-02;access-16,0.2,4,19,8,aggregation-02;aggregation-06,aggregation-06;aggregation-02,0.5,0.5,0.0,0.0,4,6,1.0,0.6666666666666666
independent-06,independent,aggregation-02;access-16,0.4,0,0,5,aggregation-02;core-01,aggregation-02;access-16,0.5,1.0,0.0,1.0,4,4,1.0,1.0
independent-06,independent,aggregation-02;access-16,0.4,0,1,4,aggregation-02;core-01,aggregation-02;access-16,0.5,1.0,0.0,1.0,4,4,1.0,1.0
independent-06,independent,aggregation-02;access-16,0.4,0,2,3,aggregation-02;core-01,aggregation-02;access-16,0.5,1.0,0.0,1.0,4,4,1.0,1.0
independent-06,independent,aggregation-02;access-16,0.4,0,3,2,aggregation-02;core-01,aggregation-02;core-01,0.5,0.5,0.0,0.0,4,6,0.75,0.42857142857142855
independent-06,independent,aggregation-02;access-16,0.4,0,4,3,aggregation-02;core-01,aggregation-02;core-01,0.5,0.5,0.0,0.0,4,6,0.75,0.42857142857142855
independent-06,independent,aggregation-02;access-16,0.4,0,5,4,aggregation-02;core-01,aggregation-02;access-16,0.5,1.0,0.0,1.0,4,4,1.0,1.0
independent-06,independent,aggregation-02;access-16,0.4,0,6,4,aggregation-02;core-01,aggregation-02;access-16,0.5,1.0,0.0,1.0,4,4,1.0,1.0
independent-06,independent,aggregation-02;access-16,0.4,0,7,5,aggregation-02;core-01,aggregation-02;access-16,0.5,1.0,0.0,1.0,4,4,1.0,1.0
independent-06,independent,aggregation-02;access-16,0.4,0,8,4,aggregation-02;core-01,aggregation-02;access-16,0.5,1.0,0.0,1.0,4,4,1.0,1.0
independent-06,independent,aggregation-02;access-16,0.4,0,9,3,aggregation-02;core-01,aggregation-02;access-16,0.5,1.0,0.0,1.0,4,4,1.0,1.0
independent-06,independent,aggregation-02;access-16,0.4,0,10,2,access-06;access-16,access-06;access-16,0.5,0.5,0.0,0.0,4,2,0.5,0.5
independent-06,independent,aggregation-02;access-16,0.4,0,11,3,aggregation-02;core-01,aggregation-02;core-01,0.5,0.5,0.0,0.0,4,6,0.75,0.42857142857142855
independent-06,independent,aggregation-02;access-16,0.4,0,12,2,aggregation-02;core-01,aggregation-02;core-01,0.5,0.5,0.0,0.0,4,6,0.75,0.42857142857142855
independent-06,independent,aggregation-02;access-16,0.4,0,13,2,aggregation-02;core-01,aggregation-02;core-01,0.5,0.5,0.0,0.0,4,6,0.75,0.42857142857142855
independent-06,independent,aggregation-02;access-16,0.4,0,14,4,aggregation-02;core-01,aggregation-02;core-01,0.5,0.5,0.0,0.0,4,6,0.75,0.42857142857142855
independent-06,independent,aggregation-02;access-16,0.4,0,15,2,aggregation-02;core-01,aggregation-02;core-01,0.5,0.5,0.0,0.0,4,6,0.75,0.42857142857142855
independent-06,independent,aggregation-02;access-16,0.4,0,16,2,access-16;aggregation-02,access-16;aggregation-02,1.0,1.0,1.0,1.0,4,4,1.0,1.0
independent-06,independent,aggregation-02;access-16,0.4,0,17,1,access-04;aggregation-02,access-04;aggregation-02,0.5,0.5,0.0,0.0,4,3,0.75,0.75
independent-06,independent,aggregation-02;access-16,0.4,0,18,4,aggregation-02;core-01,aggregation-02;access-16,0.5,1.0,0.0,1.0,4,4,1.0,1.0
independent-06,independent,aggregation-02;access-16,0.4,0,19,1,access-16;aggregation-06,access-16;aggregation-06,0.5,0.5,0.0,0.0,4,3,0.25,0.16666666666666666
independent-06,independent,aggregation-02;access-16,0.4,2,0,5,aggregation-02;core-01,core-01;access-12,0.5,0.0,0.0,0.0,4,7,0.75,0.375
independent-06,independent,aggregation-02;access-16,0.4,2,1,6,aggregation-02;core-01,aggregation-02;access-09,0.5,0.5,0.0,0.0,4,4,0.75,0.6
independent-06,independent,aggregation-02;access-16,0.4,2,2,5,aggregation-02;core-01,aggregation-02;core-02,0.5,0.5,0.0,0.0,4,9,0.75,0.3
independent-06,independent,aggregation-02;access-16,0.4,2,3,6,aggregation-02;core-01,aggregation-02;access-11,0.5,0.5,0.0,0.0,4,4,0.75,0.6
independent-06,independent,aggregation-02;access-16,0.4,2,4,5,aggregation-02;core-01,aggregation-02;aggregation-05,0.5,0.5,0.0,0.0,4,6,0.75,0.42857142857142855
independent-06,independent,aggregation-02;access-16,0.4,2,5,4,aggregation-02;aggregation-03,aggregation-02;aggregation-03,0.5,0.5,0.0,0.0,4,6,0.75,0.42857142857142855
independent-06,independent,aggregation-02;access-16,0.4,2,6,6,aggregation-02;core-01,aggregation-02;access-16,0.5,1.0,0.0,1.0,4,4,1.0,1.0
independent-06,independent,aggregation-02;access-16,0.4,2,7,5,aggregation-02;core-01,aggregation-02;access-08,0.5,0.5,0.0,0.0,4,4,0.75,0.6
independent-06,independent,aggregation-02;access-16,0.4,2,8,6,aggregation-02;core-01,aggregation-02;access-02,0.5,0.5,0.0,0.0,4,4,0.75,0.6
independent-06,independent,aggregation-02;access-16,0.4,2,9,3,core-01;access-05,core-01;aggregation-03,0.0,0.0,0.0,0.0,4,9,0.75,0.3
independent-06,independent,aggregation-02;access-16,0.4,2,10,5,aggregation-02;access-04,aggregation-02;access-10,0.5,0.5,0.0,0.0,4,4,0.75,0.6
independent-06,independent,aggregation-02;access-16,0.4,2,11,3,access-04;access-18,access-18;access-04,0.0,0.0,0.0,0.0,4,2,0.25,0.2
independent-06,independent,aggregation-02;access-16,0.4,2,12,6,aggregation-02;core-01,aggregation-02;core-03,0.5,0.5,0.0,0.0,4,9,1.0,0.4444444444444444
independent-06,independent,aggregation-02;access-16,0.4,2,13,4,access-04;access-07,access-07;access-04,0.0,0.0,0.0,0.0,4,2,0.25,0.2
independent-06,independent,aggregation-02;access-16,0.4,2,14,4,access-11;access-12,access-11;access-12,0.0,0.0,0.0,0.0,4,2,0.0,0.0
independent-06,independent,aggregation-02;access-16,0.4,2,15,7,aggregation-02;core-01,aggregation-02;access-08,0.5,0.5,0.0,0.0,4,4,0.75,0.6
independent-06,independent,aggregation-02;access-16,0.4,2,16,4,access-11;access-16,aggregation-04;access-16,0.5,0.5,0.0,0.0,4,4,0.25,0.14285714285714285
independent-06,independent,aggregation-02;access-16,0.4,2,17,6,core-01;aggregation-02,core-01;access-16,0.5,0.5,0.0,0.0,4,7,1.0,0.5714285714285714
independent-06,independent,aggregation-02;access-16,0.4,2,18,5,aggregation-02;access-04,aggregation-02;access-16,0.5,1.0,0.0,1.0,4,4,1.0,1.0
independent-06,independent,aggregation-02;access-16,0.4,2,19,7,aggregation-02;core-01,aggregation-02;access-09,0.5,0.5,0.0,0.0,4,4,0.75,0.6
independent-06,independent,aggregation-02;access-16,0.4,4,0,8,aggregation-02;access-04,aggregation-02;core-03,0.5,0.5,0.0,0.0,4,9,1.0,0.4444444444444444
independent-06,independent,aggregation-02;access-16,0.4,4,1,6,access-03;access-06,access-06;access-03,0.0,0.0,0.0,0.0,4,2,0.25,0.2
independent-06,independent,aggregation-02;access-16,0.4,4,2,9,aggregation-02;core-01,aggregation-02;core-03,0.5,0.5,0.0,0.0,4,9,1.0,0.4444444444444444
independent-06,independent,aggregation-02;access-16,0.4,4,3,6,access-05;access-06,aggregation-02;access-08,0.0,0.5,0.0,0.0,4,4,0.75,0.6
independent-06,independent,aggregation-02;access-16,0.4,4,4,8,aggregation-02;core-01,aggregation-02;core-03,0.5,0.5,0.0,0.0,4,9,1.0,0.4444444444444444
independent-06,independent,aggregation-02;access-16,0.4,4,5,5,access-08;access-10,access-08;access-10,0.0,0.0,0.0,0.0,4,2,0.0,0.0
independent-06,independent,aggregation-02;access-16,0.4,4,6,5,access-04;access-09,access-04;access-10,0.0,0.0,0.0,0.0,4,2,0.25,0.2
independent-06,independent,aggregation-02;access-16,0.4,4,7,6,aggregation-06;access-10,access-10;access-16,0.0,0.5,0.0,0.0,4,2,0.25,0.2
independent-06,independent,aggregation-02;access-16,0.4,4,8,8,aggregation-02;core-01,aggregation-02;aggregation-06,0.5,0.5,0.0,0.0,4,6,1.0,0.6666666666666666
independent-06,independent,aggregation-02;access-16,0.4,4,9,9,aggregation-02;access-02,aggregation-02;access-02,0.5,0.5,0.0,0.0,4,4,0.75,0.6
independent-06,independent,aggregation-02;access-16,0.4,4,10,8,aggregation-02;core-01,aggregation-02;access-01,0.5,0.5,0.0,0.0,4,4,0.75,0.6
independent-06,independent,aggregation-02;access-16,0.4,4,11,7,aggregation-02;core-01,aggregation-02;core-02,0.5,0.5,0.0,0.0,4,9,0.75,0.3
independent-06,independent,aggregation-02;access-16,0.4,4,12,7,aggregation-02;core-01,aggregation-02;access-16,0.5,1.0,0.0,1.0,4,4,1.0,1.0
independent-06,independent,aggregation-02;access-16,0.4,4,13,6,access-07;access-15,access-07;core-01,0.0,0.0,0.0,0.0,4,7,0.75,0.375
independent-06,independent,aggregation-02;access-16,0.4,4,14,6,access-05;access-07,access-05;access-07,0.0,0.0,0.0,0.0,4,2,0.25,0.2
independent-06,independent,aggregation-02;access-16,0.4,4,15,7,aggregation-02;core-02,aggregation-02;core-02,0.5,0.5,0.0,0.0,4,9,0.75,0.3
independent-06,independent,aggregation-02;access-16,0.4,4,16,7,aggregation-02;core-01,aggregation-02;access-07,0.5,0.5,0.0,0.0,4,4,0.75,0.6
independent-06,independent,aggregation-02;access-16,0.4,4,17,8,aggregation-02;core-01,aggregation-02;core-02,0.5,0.5,0.0,0.0,4,9,0.75,0.3
independent-06,independent,aggregation-02;access-16,0.4,4,18,6,aggregation-02;access-05,aggregation-02;access-08,0.5,0.5,0.0,0.0,4,4,0.75,0.6
independent-06,independent,aggregation-02;access-16,0.4,4,19,7,aggregation-02;access-04,aggregation-02;access-11,0.5,0.5,0.0,0.0,4,4,0.75,0.6
nested-01,nested,aggregation-01;access-02,0.0,0,0,5,aggregation-01;core-01,aggregation-01;access-02,0.5,1.0,0.0,1.0,3,3,1.0,1.0
nested-01,nested,aggregation-01;access-02,0.0,0,1,5,aggregation-01;core-01,aggregation-01;access-02,0.5,1.0,0.0,1.0,3,3,1.0,1.0
nested-01,nested,aggregation-01;access-02,0.0,0,2,5,aggregation-01;core-01,aggregation-01;access-02,0.5,1.0,0.0,1.0,3,3,1.0,1.0
nested-01,nested,aggregation-01;access-02,0.0,0,3,5,aggregation-01;core-01,aggregation-01;access-02,0.5,1.0,0.0,1.0,3,3,1.0,1.0
nested-01,nested,aggregation-01;access-02,0.0,0,4,5,aggregation-01;core-01,aggregation-01;access-02,0.5,1.0,0.0,1.0,3,3,1.0,1.0
nested-01,nested,aggregation-01;access-02,0.0,0,5,5,aggregation-01;core-01,aggregation-01;access-02,0.5,1.0,0.0,1.0,3,3,1.0,1.0
nested-01,nested,aggregation-01;access-02,0.0,0,6,5,aggregation-01;core-01,aggregation-01;access-02,0.5,1.0,0.0,1.0,3,3,1.0,1.0
nested-01,nested,aggregation-01;access-02,0.0,0,7,5,aggregation-01;core-01,aggregation-01;access-02,0.5,1.0,0.0,1.0,3,3,1.0,1.0
nested-01,nested,aggregation-01;access-02,0.0,0,8,5,aggregation-01;core-01,aggregation-01;access-02,0.5,1.0,0.0,1.0,3,3,1.0,1.0
nested-01,nested,aggregation-01;access-02,0.0,0,9,5,aggregation-01;core-01,aggregation-01;access-02,0.5,1.0,0.0,1.0,3,3,1.0,1.0
nested-01,nested,aggregation-01;access-02,0.0,0,10,5,aggregation-01;core-01,aggregation-01;access-02,0.5,1.0,0.0,1.0,3,3,1.0,1.0
nested-01,nested,aggregation-01;access-02,0.0,0,11,5,aggregation-01;core-01,aggregation-01;access-02,0.5,1.0,0.0,1.0,3,3,1.0,1.0
nested-01,nested,aggregation-01;access-02,0.0,0,12,5,aggregation-01;core-01,aggregation-01;access-02,0.5,1.0,0.0,1.0,3,3,1.0,1.0
nested-01,nested,aggregation-01;access-02,0.0,0,13,5,aggregation-01;core-01,aggregation-01;access-02,0.5,1.0,0.0,1.0,3,3,1.0,1.0
nested-01,nested,aggregation-01;access-02,0.0,0,14,5,aggregation-01;core-01,aggregation-01;access-02,0.5,1.0,0.0,1.0,3,3,1.0,1.0
nested-01,nested,aggregation-01;access-02,0.0,0,15,5,aggregation-01;core-01,aggregation-01;access-02,0.5,1.0,0.0,1.0,3,3,1.0,1.0
nested-01,nested,aggregation-01;access-02,0.0,0,16,5,aggregation-01;core-01,aggregation-01;access-02,0.5,1.0,0.0,1.0,3,3,1.0,1.0
nested-01,nested,aggregation-01;access-02,0.0,0,17,5,aggregation-01;core-01,aggregation-01;access-02,0.5,1.0,0.0,1.0,3,3,1.0,1.0
nested-01,nested,aggregation-01;access-02,0.0,0,18,5,aggregation-01;core-01,aggregation-01;access-02,0.5,1.0,0.0,1.0,3,3,1.0,1.0
nested-01,nested,aggregation-01;access-02,0.0,0,19,5,aggregation-01;core-01,aggregation-01;access-02,0.5,1.0,0.0,1.0,3,3,1.0,1.0
nested-01,nested,aggregation-01;access-02,0.0,2,0,7,aggregation-01;core-01,aggregation-01;access-02,0.5,1.0,0.0,1.0,3,3,1.0,1.0
nested-01,nested,aggregation-01;access-02,0.0,2,1,7,aggregation-01;core-01,aggregation-01;access-02,0.5,1.0,0.0,1.0,3,3,1.0,1.0
nested-01,nested,aggregation-01;access-02,0.0,2,2,7,aggregation-01;core-01,aggregation-01;access-02,0.5,1.0,0.0,1.0,3,3,1.0,1.0
nested-01,nested,aggregation-01;access-02,0.0,2,3,7,aggregation-01;core-01,aggregation-01;access-02,0.5,1.0,0.0,1.0,3,3,1.0,1.0
nested-01,nested,aggregation-01;access-02,0.0,2,4,7,aggregation-01;core-01,aggregation-01;access-02,0.5,1.0,0.0,1.0,3,3,1.0,1.0
nested-01,nested,aggregation-01;access-02,0.0,2,5,7,aggregation-01;core-01,aggregation-01;access-02,0.5,1.0,0.0,1.0,3,3,1.0,1.0
nested-01,nested,aggregation-01;access-02,0.0,2,6,7,aggregation-01;core-01,aggregation-01;access-02,0.5,1.0,0.0,1.0,3,3,1.0,1.0
nested-01,nested,aggregation-01;access-02,0.0,2,7,7,aggregation-01;core-01,aggregation-01;access-02,0.5,1.0,0.0,1.0,3,3,1.0,1.0
nested-01,nested,aggregation-01;access-02,0.0,2,8,7,aggregation-01;core-01,aggregation-01;core-02,0.5,0.5,0.0,0.0,3,9,1.0,0.3333333333333333
nested-01,nested,aggregation-01;access-02,0.0,2,9,7,aggregation-01;core-01,aggregation-01;access-02,0.5,1.0,0.0,1.0,3,3,1.0,1.0
nested-01,nested,aggregation-01;access-02,0.0,2,10,7,aggregation-01;core-01,aggregation-01;core-02,0.5,0.5,0.0,0.0,3,9,1.0,0.3333333333333333
nested-01,nested,aggregation-01;access-02,0.0,2,11,7,aggregation-01;core-01,aggregation-01;access-02,0.5,1.0,0.0,1.0,3,3,1.0,1.0
nested-01,nested,aggregation-01;access-02,0.0,2,12,7,aggregation-01;core-01,aggregation-01;access-02,0.5,1.0,0.0,1.0,3,3,1.0,1.0
nested-01,nested,aggregation-01;access-02,0.0,2,13,7,aggregation-01;core-01,aggregation-01;access-02,0.5,1.0,0.0,1.0,3,3,1.0,1.0
nested-01,nested,aggregation-01;access-02,0.0,2,14,7,aggregation-01;core-01,aggregation-01;access-02,0.5,1.0,0.0,1.0,3,3,1.0,1.0
nested-01,nested,aggregation-01;access-02,0.0,2,15,7,aggregation-01;core-01,aggregation-01;access-02,0.5,1.0,0.0,1.0,3,3,1.0,1.0
nested-01,nested,aggregation-01;access-02,0.0,2,16,7,aggregation-01;core-01,aggregation-01;access-02,0.5,1.0,0.0,1.0,3,3,1.0,1.0
nested-01,nested,aggregation-01;access-02,0.0,2,17,7,aggregation-01;core-01,aggregation-01;access-02,0.5,1.0,0.0,1.0,3,3,1.0,1.0
nested-01,nested,aggregation-01;access-02,0.0,2,18,7,aggregation-01;core-01,aggregation-01;aggregation-04,0.5,0.5,0.0,0.0,3,6,1.0,0.5
nested-01,nested,aggregation-01;access-02,0.0,2,19,7,aggregation-01;core-01,aggregation-01;access-02,0.5,1.0,0.0,1.0,3,3,1.0,1.0
nested-01,nested,aggregation-01;access-02,0.0,4,0,9,core-01;aggregation-01,aggregation-01;core-01,0.5,0.5,0.0,0.0,3,6,1.0,0.5
nested-01,nested,aggregation-01;access-02,0.0,4,1,9,aggregation-01;access-01,aggregation-01;access-02,0.5,1.0,0.0,1.0,3,3,1.0,1.0
nested-01,nested,aggregation-01;access-02,0.0,4,2,9,aggregation-01;core-01,aggregation-01;access-02,0.5,1.0,0.0,1.0,3,3,1.0,1.0
nested-01,nested,aggregation-01;access-02,0.0,4,3,9,aggregation-01;core-01,aggregation-01;access-02,0.5,1.0,0.0,1.0,3,3,1.0,1.0
nested-01,nested,aggregation-01;access-02,0.0,4,4,9,aggregation-01;core-01,aggregation-01;access-02,0.5,1.0,0.0,1.0,3,3,1.0,1.0
nested-01,nested,aggregation-01;access-02,0.0,4,5,9,aggregation-01;access-01,aggregation-01;access-02,0.5,1.0,0.0,1.0,3,3,1.0,1.0
nested-01,nested,aggregation-01;access-02,0.0,4,6,9,core-01;aggregation-01,aggregation-01;core-01,0.5,0.5,0.0,0.0,3,6,1.0,0.5
nested-01,nested,aggregation-01;access-02,0.0,4,7,9,aggregation-01;access-01,aggregation-01;core-03,0.5,0.5,0.0,0.0,3,9,1.0,0.3333333333333333
nested-01,nested,aggregation-01;access-02,0.0,4,8,9,aggregation-01;core-01,aggregation-01;access-02,0.5,1.0,0.0,1.0,3,3,1.0,1.0
nested-01,nested,aggregation-01;access-02,0.0,4,9,9,aggregation-01;core-01,aggregation-01;access-02,0.5,1.0,0.0,1.0,3,3,1.0,1.0
nested-01,nested,aggregation-01;access-02,0.0,4,10,9,aggregation-01;access-01,aggregation-01;access-02,0.5,1.0,0.0,1.0,3,3,1.0,1.0
nested-01,nested,aggregation-01;access-02,0.0,4,11,9,aggregation-01;core-01,aggregation-01;core-01,0.5,0.5,0.0,0.0,3,6,1.0,0.5
nested-01,nested,aggregation-01;access-02,0.0,4,12,9,aggregation-01;access-01,aggregation-01;access-02,0.5,1.0,0.0,1.0,3,3,1.0,1.0
nested-01,nested,aggregation-01;access-02,0.0,4,13,9,aggregation-01;access-01,aggregation-01;access-02,0.5,1.0,0.0,1.0,3,3,1.0,1.0
nested-01,nested,aggregation-01;access-02,0.0,4,14,9,aggregation-01;core-01,aggregation-01;core-03,0.5,0.5,0.0,0.0,3,9,1.0,0.3333333333333333
nested-01,nested,aggregation-01;access-02,0.0,4,15,9,aggregation-01;core-01,aggregation-01;access-02,0.5,1.0,0.0,1.0,3,3,1.0,1.0
nested-01,nested,aggregation-01;access-02,0.0,4,16,9,core-01;aggregation-01,aggregation-01;core-01,0.5,0.5,0.0,0.0,3,6,1.0,0.5
nested-01,nested,aggregation-01;access-02,0.0,4,17,9,aggregation-01;access-01,aggregation-01;access-02,0.5,1.0,0.0,1.0,3,3,1.0,1.0
nested-01,nested,aggregation-01;access-02,0.0,4,18,9,aggregation-01;core-01,aggregation-01;access-02,0.5,1.0,0.0,1.0,3,3,1.0,1.0
nested-01,nested,aggregation-01;access-02,0.0,4,19,9,aggregation-01;core-01,aggregation-01;access-02,0.5,1.0,0.0,1.0,3,3,1.0,1.0
nested-01,nested,aggregation-01;access-02,0.2,0,0,4,aggregation-01;core-01,aggregation-01;access-02,0.5,1.0,0.0,1.0,3,3,1.0,1.0
nested-01,nested,aggregation-01;access-02,0.2,0,1,4,aggregation-01;core-01,aggregation-01;access-02,0.5,1.0,0.0,1.0,3,3,1.0,1.0
nested-01,nested,aggregation-01;access-02,0.2,0,2,4,aggregation-01;core-01,aggregation-01;access-02,0.5,1.0,0.0,1.0,3,3,1.0,1.0
nested-01,nested,aggregation-01;access-02,0.2,0,3,5,aggregation-01;core-01,aggregation-01;access-02,0.5,1.0,0.0,1.0,3,3,1.0,1.0
nested-01,nested,aggregation-01;access-02,0.2,0,4,3,aggregation-01;core-01,aggregation-01;core-01,0.5,0.5,0.0,0.0,3,6,1.0,0.5
nested-01,nested,aggregation-01;access-02,0.2,0,5,3,aggregation-01;access-01,aggregation-01;access-02,0.5,1.0,0.0,1.0,3,3,1.0,1.0
nested-01,nested,aggregation-01;access-02,0.2,0,6,4,aggregation-01;core-01,aggregation-01;access-02,0.5,1.0,0.0,1.0,3,3,1.0,1.0
nested-01,nested,aggregation-01;access-02,0.2,0,7,4,aggregation-01;core-01,aggregation-01;access-02,0.5,1.0,0.0,1.0,3,3,1.0,1.0
nested-01,nested,aggregation-01;access-02,0.2,0,8,5,aggregation-01;core-01,aggregation-01;access-02,0.5,1.0,0.0,1.0,3,3,1.0,1.0
nested-01,nested,aggregation-01;access-02,0.2,0,9,4,aggregation-01;core-01,aggregation-01;access-02,0.5,1.0,0.0,1.0,3,3,1.0,1.0
nested-01,nested,aggregation-01;access-02,0.2,0,10,5,aggregation-01;core-01,aggregation-01;access-02,0.5,1.0,0.0,1.0,3,3,1.0,1.0
nested-01,nested,aggregation-01;access-02,0.2,0,11,5,aggregation-01;core-01,aggregation-01;access-02,0.5,1.0,0.0,1.0,3,3,1.0,1.0
nested-01,nested,aggregation-01;access-02,0.2,0,12,5,aggregation-01;core-01,aggregation-01;access-02,0.5,1.0,0.0,1.0,3,3,1.0,1.0
nested-01,nested,aggregation-01;access-02,0.2,0,13,5,aggregation-01;core-01,aggregation-01;access-02,0.5,1.0,0.0,1.0,3,3,1.0,1.0
nested-01,nested,aggregation-01;access-02,0.2,0,14,5,aggregation-01;core-01,aggregation-01;access-02,0.5,1.0,0.0,1.0,3,3,1.0,1.0
nested-01,nested,aggregation-01;access-02,0.2,0,15,5,aggregation-01;core-01,aggregation-01;access-02,0.5,1.0,0.0,1.0,3,3,1.0,1.0
nested-01,nested,aggregation-01;access-02,0.2,0,16,4,aggregation-01;core-01,aggregation-01;access-02,0.5,1.0,0.0,1.0,3,3,1.0,1.0
nested-01,nested,aggregation-01;access-02,0.2,0,17,4,aggregation-01;core-01,aggregation-01;access-02,0.5,1.0,0.0,1.0,3,3,1.0,1.0
nested-01,nested,aggregation-01;access-02,0.2,0,18,4,aggregation-01;core-01,aggregation-01;access-02,0.5,1.0,0.0,1.0,3,3,1.0,1.0
nested-01,nested,aggregation-01;access-02,0.2,0,19,3,aggregation-01;core-01,aggregation-01;access-02,0.5,1.0,0.0,1.0,3,3,1.0,1.0
nested-01,nested,aggregation-01;access-02,0.2,2,0,6,aggregation-01;access-01,aggregation-01;access-02,0.5,1.0,0.0,1.0,3,3,1.0,1.0
nested-01,nested,aggregation-01;access-02,0.2,2,1,7,aggregation-01;core-01,aggregation-01;access-02,0.5,1.0,0.0,1.0,3,3,1.0,1.0
nested-01,nested,aggregation-01;access-02,0.2,2,2,6,aggregation-01;access-02,aggregation-01;access-02,1.0,1.0,1.0,1.0,3,3,1.0,1.0
nested-01,nested,aggregation-01;access-02,0.2,2,3,7,aggregation-01;core-01,aggregation-01;access-02,0.5,1.0,0.0,1.0,3,3,1.0,1.0
nested-01,nested,aggregation-01;access-02,0.2,2,4,6,core-01;aggregation-01,core-01;access-02,0.5,0.5,0.0,0.0,3,6,1.0,0.5
nested-01,nested,aggregation-01;access-02,0.2,2,5,6,aggregation-01;core-01,aggregation-01;aggregation-04,0.5,0.5,0.0,0.0,3,6,1.0,0.5
nested-01,nested,aggregation-01;access-02,0.2,2,6,5,aggregation-01;core-01,aggregation-01;access-08,0.5,0.5,0.0,0.0,3,4,1.0,0.75
nested-01,nested,aggregation-01;access-02,0.2,2,7,5,access-02;access-03,aggregation-01;access-02,0.5,1.0,0.0,1.0,3,3,1.0,1.0
nested-01,nested,aggregation-01;access-02,0.2,2,8,7,aggregation-01;core-01,aggregation-01;access-02,0.5,1.0,0.0,1.0,3,3,1.0,1.0
nested-01,nested,aggregation-01;access-02,0.2,2,9,7,aggregation-01;core-01,aggregation-01;access-02,0.5,1.0,0.0,1.0,3,3,1.0,1.0
nested-01,nested,aggregation-01;access-02,0.2,2,10,7,aggregation-01;core-01,aggregation-01;core-01,0.5,0.5,0.0,0.0,3,6,1.0,0.5
nested-01,nested,aggregation-01;access-02,0.2,2,11,7,aggregation-01;core-01,aggregation-01;access-02,0.5,1.0,0.0,1.0,3,3,1.0,1.0
nested-01,nested,aggregation-01;access-02,0.2,2,12,7,aggregation-01;core-01,aggregation-01;access-02,0.5,1.0,0.0,1.0,3,3,1.0,1.0
nested-01,nested,aggregation-01;access-02,0.2,2,13,5,access-02;access-10,aggregation-01;access-02,0.5,1.0,0.0,1.0,3,3,1.0,1.0
nested-01,nested,aggregation-01;access-02,0.2,2,14,6,aggregation-01;core-01,aggregation-01;access-02,0.5,1.0,0.0,1.0,3,3,1.0,1.0
nested-01,nested,aggregation-01;access-02,0.2,2,15,5,access-02;access-15,aggregation-01;access-02,0.5,1.0,0.0,1.0,3,3,1.0,1.0
nested-01,nested,aggregation-01;access-02,0.2,2,16,5,core-01;aggregation-01,aggregation-01;core-01,0.5,0.5,0.0,0.0,3,6,1.0,0.5
nested-01,nested,aggregation-01;access-02,0.2,2,17,6,aggregation-01;access-02,aggregation-01;access-02,1.0,1.0,1.0,1.0,3,3,1.0,1.0
nested-01,nested,aggregation-01;access-02,0.2,2,18,5,aggregation-01;core-01,aggregation-01;core-01,0.5,0.5,0.0,0.0,3,6,1.0,0.5
nested-01,nested,aggregation-01;access-02,0.2,2,19,5,access-01;access-02,aggregation-01;access-02,0.5,1.0,0.0,1.0,3,3,1.0,1.0
nested-01,nested,aggregation-01;access-02,0.2,4,0,8,aggregation-01;access-02,aggregation-01;access-02,1.0,1.0,1.0,1.0,3,3,1.0,1.0
nested-01,nested,aggregation-01;access-02,0.2,4,1,9,aggregation-01;access-01,aggregation-01;access-02,0.5,1.0,0.0,1.0,3,3,1.0,1.0
nested-01,nested,aggregation-01;access-02,0.2,4,2,7,aggregation-01;access-02,aggregation-01;access-06,1.0,0.5,1.0,0.0,3,4,1.0,0.75
nested-01,nested,aggregation-01;access-02,0.2,4,3,6,aggregation-04;access-01,aggregation-01;aggregation-04,0.0,0.5,0.0,0.0,3,6,1.0,0.5
nested-01,nested,aggregation-01;access-02,0.2,4,4,8,aggregation-01;access-02,aggregation-01;access-02,1.0,1.0,1.0,1.0,3,3,1.0,1.0
nested-01,nested,aggregation-01;access-02,0.2,4,5,8,core-01;aggregation-01,aggregation-01;access-02,0.5,1.0,0.0,1.0,3,3,1.0,1.0
nested-01,nested,aggregation-01;access-02,0.2,4,6,8,aggregation-01;access-01,aggregation-01;access-02,0.5,1.0,0.0,1.0,3,3,1.0,1.0
nested-01,nested,aggregation-01;access-02,0.2,4,7,8,aggregation-01;access-01,aggregation-01;access-02,0.5,1.0,0.0,1.0,3,3,1.0,1.0
nested-01,nested,aggregation-01;access-02,0.2,4,8,9,aggregation-01;core-01,aggregation-01;access-02,0.5,1.0,0.0,1.0,3,3,1.0,1.0
nested-01,nested,aggregation-01;access-02,0.2,4,9,9,aggregation-01;core-01,aggregation-01;access-02,0.5,1.0,0.0,1.0,3,3,1.0,1.0
nested-01,nested,aggregation-01;access-02,0.2,4,10,8,aggregation-01;core-01,aggregation-01;access-11,0.5,0.5,0.0,0.0,3,4,1.0,0.75
nested-01,nested,aggregation-01;access-02,0.2,4,11,9,aggregation-01;core-01,aggregation-01;access-02,0.5,1.0,0.0,1.0,3,3,1.0,1.0
nested-01,nested,aggregation-01;access-02,0.2,4,12,9,aggregation-01;access-01,aggregation-01;access-02,0.5,1.0,0.0,1.0,3,3,1.0,1.0
nested-01,nested,aggregation-01;access-02,0.2,4,13,8,access-01;access-02,core-01;access-02,0.5,0.5,0.0,0.0,3,6,1.0,0.5
nested-01,nested,aggregation-01;access-02,0.2,4,14,8,aggregation-01;core-01,aggregation-01;access-02,0.5,1.0,0.0,1.0,3,3,1.0,1.0
nested-01,nested,aggregation-01;access-02,0.2,4,15,8,aggregation-01;core-01,aggregation-01;core-01,0.5,0.5,0.0,0.0,3,6,1.0,0.5
nested-01,nested,aggregation-01;access-02,0.2,4,16,7,core-01;access-01,core-01;access-01,0.0,0.0,0.0,0.0,3,6,1.0,0.5
nested-01,nested,aggregation-01;access-02,0.2,4,17,8,core-01;aggregation-01,core-01;access-02,0.5,0.5,0.0,0.0,3,6,1.0,0.5
nested-01,nested,aggregation-01;access-02,0.2,4,18,7,aggregation-01;core-01,aggregation-01;core-02,0.5,0.5,0.0,0.0,3,9,1.0,0.3333333333333333
nested-01,nested,aggregation-01;access-02,0.2,4,19,7,core-01;access-01,aggregation-01;access-02,0.0,1.0,0.0,1.0,3,3,1.0,1.0
nested-01,nested,aggregation-01;access-02,0.4,0,0,2,aggregation-01;core-01,aggregation-01;core-01,0.5,0.5,0.0,0.0,3,6,1.0,0.5
nested-01,nested,aggregation-01;access-02,0.4,0,1,2,aggregation-01;access-02,access-02;access-03,1.0,0.5,1.0,0.0,3,2,0.6666666666666666,0.6666666666666666
nested-01,nested,aggregation-01;access-02,0.4,0,2,2,aggregation-01;core-01,aggregation-01;core-01,0.5,0.5,0.0,0.0,3,6,1.0,0.5
nested-01,nested,aggregation-01;access-02,0.4,0,3,3,aggregation-01;access-02,aggregation-01;access-02,1.0,1.0,1.0,1.0,3,3,1.0,1.0
nested-01,nested,aggregation-01;access-02,0.4,0,4,3,aggregation-01;core-01,aggregation-01;core-01,0.5,0.5,0.0,0.0,3,6,1.0,0.5
nested-01,nested,aggregation-01;access-02,0.4,0,5,4,aggregation-01;core-01,aggregation-01;access-02,0.5,1.0,0.0,1.0,3,3,1.0,1.0
nested-01,nested,aggregation-01;access-02,0.4,0,6,4,aggregation-01;core-01,aggregation-01;access-02,0.5,1.0,0.0,1.0,3,3,1.0,1.0
nested-01,nested,aggregation-01;access-02,0.4,0,7,4,aggregation-01;core-01,aggregation-01;access-02,0.5,1.0,0.0,1.0,3,3,1.0,1.0
nested-01,nested,aggregation-01;access-02,0.4,0,8,2,aggregation-01;core-01,aggregation-01;core-01,0.5,0.5,0.0,0.0,3,6,1.0,0.5
nested-01,nested,aggregation-01;access-02,0.4,0,9,4,aggregation-01;core-01,aggregation-01;access-02,0.5,1.0,0.0,1.0,3,3,1.0,1.0
nested-01,nested,aggregation-01;access-02,0.4,0,10,4,aggregation-01;core-01,aggregation-01;access-02,0.5,1.0,0.0,1.0,3,3,1.0,1.0
nested-01,nested,aggregation-01;access-02,0.4,0,11,4,aggregation-01;core-01,aggregation-01;access-02,0.5,1.0,0.0,1.0,3,3,1.0,1.0
nested-01,nested,aggregation-01;access-02,0.4,0,12,2,aggregation-01;core-01,aggregation-01;core-01,0.5,0.5,0.0,0.0,3,6,1.0,0.5
nested-01,nested,aggregation-01;access-02,0.4,0,13,2,access-02;aggregation-01,access-02;aggregation-01,1.0,1.0,1.0,1.0,3,3,1.0,1.0
nested-01,nested,aggregation-01;access-02,0.4,0,14,2,aggregation-01;core-01,aggregation-01;core-01,0.5,0.5,0.0,0.0,3,6,1.0,0.5
nested-01,nested,aggregation-01;access-02,0.4,0,15,4,aggregation-01;core-01,aggregation-01;access-02,0.5,1.0,0.0,1.0,3,3,1.0,1.0
nested-01,nested,aggregation-01;access-02,0.4,0,16,3,aggregation-01;core-01,aggregation-01;access-02,0.5,1.0,0.0,1.0,3,3,1.0,1.0
nested-01,nested,aggregation-01;access-02,0.4,0,17,3,aggregation-01;access-02,aggregation-01;access-02,1.0,1.0,1.0,1.0,3,3,1.0,1.0
nested-01,nested,aggregation-01;access-02,0.4,0,18,4,aggregation-01;core-01,aggregation-01;access-02,0.5,1.0,0.0,1.0,3,3,1.0,1.0
nested-01,nested,aggregation-01;access-02,0.4,0,19,3,aggregation-01;core-01,aggregation-01;access-02,0.5,1.0,0.0,1.0,3,3,1.0,1.0
nested-01,nested,aggregation-01;access-02,0.4,2,0,6,aggregation-01;core-01,aggregation-01;core-01,0.5,0.5,0.0,0.0,3,6,1.0,0.5
nested-01,nested,aggregation-01;access-02,0.4,2,1,7,aggregation-01;core-01,aggregation-01;access-02,0.5,1.0,0.0,1.0,3,3,1.0,1.0
nested-01,nested,aggregation-01;access-02,0.4,2,2,7,aggregation-01;core-01,aggregation-01;access-02,0.5,1.0,0.0,1.0,3,3,1.0,1.0
nested-01,nested,aggregation-01;access-02,0.4,2,3,5,access-01;access-02,aggregation-01;access-02,0.5,1.0,0.0,1.0,3,3,1.0,1.0
nested-01,nested,aggregation-01;access-02,0.4,2,4,4,access-01;access-02,access-01;access-02,0.5,0.5,0.0,0.0,3,2,0.6666666666666666,0.6666666666666666
nested-01,nested,aggregation-01;access-02,0.4,2,5,5,aggregation-01;core-01,aggregation-01;access-14,0.5,0.5,0.0,0.0,3,4,1.0,0.75
nested-01,nested,aggregation-01;access-02,0.4,2,6,5,aggregation-01;core-01,aggregation-01;core-01,0.5,0.5,0.0,0.0,3,6,1.0,0.5
nested-01,nested,aggregation-01;access-02,0.4,2,7,5,core-01;access-01,core-01;access-02,0.0,0.5,0.0,0.0,3,6,1.0,0.5
nested-01,nested,aggregation-01;access-02,0.4,2,8,6,aggregation-01;aggregation-03,aggregation-01;aggregation-03,0.5,0.5,0.0,0.0,3,6,1.0,0.5
nested-01,nested,aggregation-01;access-02,0.4,2,9,6,aggregation-01;core-01,aggregation-01;access-05,0.5,0.5,0.0,0.0,3,4,1.0,0.75
nested-01,nested,aggregation-01;access-02,0.4,2,10,6,aggregation-01;access-01,aggregation-01;access-02,0.5,1.0,0.0,1.0,3,3,1.0,1.0
nested-01,nested,aggregation-01;access-02,0.4,2,11,5,aggregation-01;core-01,aggregation-01;access-14,0.5,0.5,0.0,0.0,3,4,1.0,0.75
nested-01,nested,aggregation-01;access-02,0.4,2,12,5,aggregation-01;core-01,aggregation-01;access-11,0.5,0.5,0.0,0.0,3,4,1.0,0.75
nested-01,nested,aggregation-01;access-02,0.4,2,13,5,aggregation-01;access-02,aggregation-01;access-02,1.0,1.0,1.0,1.0,3,3,1.0,1.0
nested-01,nested,aggregation-01;access-02,0.4,2,14,5,access-01;access-02,aggregation-01;access-02,0.5,1.0,0.0,1.0,3,3,1.0,1.0
nested-01,nested,aggregation-01;access-02,0.4,2,15,5,core-01;aggregation-01,access-02;aggregation-01,0.5,1.0,0.0,1.0,3,3,1.0,1.0
nested-01,nested,aggregation-01;access-02,0.4,2,16,6,aggregation-01;core-01,aggregation-01;access-02,0.5,1.0,0.0,1.0,3,3,1.0,1.0
nested-01,nested,aggregation-01;access-02,0.4,2,17,3,core-02;access-02,core-02;access-02,0.5,0.5,0.0,0.0,3,7,0.3333333333333333,0.1111111111111111
nested-01,nested,aggregation-01;access-02,0.4,2,18,6,aggregation-01;core-01,aggregation-01;access-15,0.5,0.5,0.0,0.0,3,4,1.0,0.75
nested-01,nested,aggregation-01;access-02,0.4,2,19,3,core-01;access-03,core-01;access-06,0.0,0.0,0.0,0.0,3,6,1.0,0.5
nested-01,nested,aggregation-01;access-02,0.4,4,0,9,aggregation-01;access-01,aggregation-01;access-02,0.5,1.0,0.0,1.0,3,3,1.0,1.0
nested-01,nested,aggregation-01;access-02,0.4,4,1,8,core-01;aggregation-01,aggregation-01;core-01,0.5,0.5,0.0,0.0,3,6,1.0,0.5
nested-01,nested,aggregation-01;access-02,0.4,4,2,8,aggregation-01;access-01,aggregation-01;access-02,0.5,1.0,0.0,1.0,3,3,1.0,1.0
nested-01,nested,aggregation-01;access-02,0.4,4,3,6,access-01;access-02,aggregation-01;access-05,0.5,0.5,0.0,0.0,3,4,1.0,0.75
nested-01,nested,aggregation-01;access-02,0.4,4,4,7,access-01;access-02,core-01;aggregation-01,0.5,0.5,0.0,0.0,3,6,1.0,0.5
nested-01,nested,aggregation-01;access-02,0.4,4,5,5,access-03;access-04,access-04;access-03,0.0,0.0,0.0,0.0,3,2,0.3333333333333333,0.25
nested-01,nested,aggregation-01;access-02,0.4,4,6,8,aggregation-01;access-02,aggregation-01;access-02,1.0,1.0,1.0,1.0,3,3,1.0,1.0
nested-01,nested,aggregation-01;access-02,0.4,4,7,8,aggregation-01;core-01,aggregation-01;access-02,0.5,1.0,0.0,1.0,3,3,1.0,1.0
nested-01,nested,aggregation-01;access-02,0.4,4,8,6,aggregation-01;access-02,aggregation-01;access-04,1.0,0.5,1.0,0.0,3,4,1.0,0.75
nested-01,nested,aggregation-01;access-02,0.4,4,9,7,aggregation-01;core-01,aggregation-01;aggregation-04,0.5,0.5,0.0,0.0,3,6,1.0,0.5
nested-01,nested,aggregation-01;access-02,0.4,4,10,7,access-01;access-02,access-02;aggregation-01,0.5,1.0,0.0,1.0,3,3,1.0,1.0
nested-01,nested,aggregation-01;access-02,0.4,4,11,8,aggregation-01;access-01,aggregation-01;aggregation-06,0.5,0.5,0.0,0.0,3,6,1.0,0.5
nested-01,nested,aggregation-01;access-02,0.4,4,12,8,core-01;aggregation-01,aggregation-01;access-02,0.5,1.0,0.0,1.0,3,3,1.0,1.0
nested-01,nested,aggregation-01;access-02,0.4,4,13,6,aggregation-01;core-01,core-01;access-04,0.5,0.0,0.0,0.0,3,6,1.0,0.5
nested-01,nested,aggregation-01;access-02,0.4,4,14,8,aggregation-01;core-01,aggregation-01;core-01,0.5,0.5,0.0,0.0,3,6,1.0,0.5
nested-01,nested,aggregation-01;access-02,0.4,4,15,8,aggregation-01;access-02,aggregation-01;access-02,1.0,1.0,1.0,1.0,3,3,1.0,1.0
nested-01,nested,aggregation-01;access-02,0.4,4,16,7,core-01;aggregation-01,core-01;access-13,0.5,0.0,0.0,0.0,3,7,1.0,0.42857142857142855
nested-01,nested,aggregation-01;access-02,0.4,4,17,6,aggregation-01;core-01,core-01;access-05,0.5,0.0,0.0,0.0,3,6,1.0,0.5
nested-01,nested,aggregation-01;access-02,0.4,4,18,9,aggregation-01;core-01,aggregation-01;access-02,0.5,1.0,0.0,1.0,3,3,1.0,1.0
nested-01,nested,aggregation-01;access-02,0.4,4,19,5,access-02;access-04,access-02;aggregation-02,0.5,0.5,0.0,0.0,3,4,0.3333333333333333,0.16666666666666666
nested-02,nested,core-01;aggregation-01,0.0,0,0,13,core-01;aggregation-02,aggregation-01;core-01,0.5,1.0,0.0,1.0,6,6,1.0,1.0
nested-02,nested,core-01;aggregation-01,0.0,0,1,13,core-01;aggregation-02,core-01;aggregation-01,0.5,1.0,0.0,1.0,6,6,1.0,1.0
nested-02,nested,core-01;aggregation-01,0.0,0,2,13,core-01;aggregation-01,aggregation-01;core-01,1.0,1.0,1.0,1.0,6,6,1.0,1.0
nested-02,nested,core-01;aggregation-01,0.0,0,3,13,core-01;aggregation-02,core-01;aggregation-01,0.5,1.0,0.0,1.0,6,6,1.0,1.0
nested-02,nested,core-01;aggregation-01,0.0,0,4,13,core-01;aggregation-01,aggregation-01;core-01,1.0,1.0,1.0,1.0,6,6,1.0,1.0
nested-02,nested,core-01;aggregation-01,0.0,0,5,13,core-01;aggregation-01,aggregation-01;core-01,1.0,1.0,1.0,1.0,6,6,1.0,1.0
nested-02,nested,core-01;aggregation-01,0.0,0,6,13,core-01;aggregation-01,aggregation-01;core-01,1.0,1.0,1.0,1.0,6,6,1.0,1.0
nested-02,nested,core-01;aggregation-01,0.0,0,7,13,core-01;aggregation-01,aggregation-01;core-01,1.0,1.0,1.0,1.0,6,6,1.0,1.0
nested-02,nested,core-01;aggregation-01,0.0,0,8,13,core-01;aggregation-01,aggregation-01;core-01,1.0,1.0,1.0,1.0,6,6,1.0,1.0
nested-02,nested,core-01;aggregation-01,0.0,0,9,13,core-01;aggregation-01,aggregation-01;core-01,1.0,1.0,1.0,1.0,6,6,1.0,1.0
nested-02,nested,core-01;aggregation-01,0.0,0,10,13,core-01;aggregation-01,aggregation-01;core-01,1.0,1.0,1.0,1.0,6,6,1.0,1.0
nested-02,nested,core-01;aggregation-01,0.0,0,11,13,core-01;aggregation-01,aggregation-01;core-01,1.0,1.0,1.0,1.0,6,6,1.0,1.0
nested-02,nested,core-01;aggregation-01,0.0,0,12,13,core-01;aggregation-02,core-01;aggregation-01,0.5,1.0,0.0,1.0,6,6,1.0,1.0
nested-02,nested,core-01;aggregation-01,0.0,0,13,13,core-01;aggregation-01,aggregation-01;core-01,1.0,1.0,1.0,1.0,6,6,1.0,1.0
nested-02,nested,core-01;aggregation-01,0.0,0,14,13,core-01;aggregation-02,core-01;aggregation-01,0.5,1.0,0.0,1.0,6,6,1.0,1.0
nested-02,nested,core-01;aggregation-01,0.0,0,15,13,core-01;aggregation-01,aggregation-01;core-01,1.0,1.0,1.0,1.0,6,6,1.0,1.0
nested-02,nested,core-01;aggregation-01,0.0,0,16,13,core-01;aggregation-01,aggregation-01;core-01,1.0,1.0,1.0,1.0,6,6,1.0,1.0
nested-02,nested,core-01;aggregation-01,0.0,0,17,13,core-01;aggregation-02,core-01;aggregation-01,0.5,1.0,0.0,1.0,6,6,1.0,1.0
nested-02,nested,core-01;aggregation-01,0.0,0,18,13,core-01;aggregation-02,core-01;aggregation-01,0.5,1.0,0.0,1.0,6,6,1.0,1.0
nested-02,nested,core-01;aggregation-01,0.0,0,19,13,core-01;aggregation-02,core-01;aggregation-01,0.5,1.0,0.0,1.0,6,6,1.0,1.0
nested-02,nested,core-01;aggregation-01,0.0,2,0,15,core-01;aggregation-01,core-01;aggregation-01,1.0,1.0,1.0,1.0,6,6,1.0,1.0
nested-02,nested,core-01;aggregation-01,0.0,2,1,15,core-01;aggregation-01,core-01;aggregation-01,1.0,1.0,1.0,1.0,6,6,1.0,1.0
nested-02,nested,core-01;aggregation-01,0.0,2,2,15,core-01;aggregation-01,core-01;aggregation-01,1.0,1.0,1.0,1.0,6,6,1.0,1.0
nested-02,nested,core-01;aggregation-01,0.0,2,3,15,core-01;aggregation-02,aggregation-01;core-01,0.5,1.0,0.0,1.0,6,6,1.0,1.0
nested-02,nested,core-01;aggregation-01,0.0,2,4,15,core-01;aggregation-02,aggregation-01;core-01,0.5,1.0,0.0,1.0,6,6,1.0,1.0
nested-02,nested,core-01;aggregation-01,0.0,2,5,15,core-01;aggregation-02,core-01;aggregation-01,0.5,1.0,0.0,1.0,6,6,1.0,1.0
nested-02,nested,core-01;aggregation-01,0.0,2,6,15,core-01;aggregation-01,core-01;aggregation-01,1.0,1.0,1.0,1.0,6,6,1.0,1.0
nested-02,nested,core-01;aggregation-01,0.0,2,7,15,core-01;aggregation-01,aggregation-01;core-01,1.0,1.0,1.0,1.0,6,6,1.0,1.0
nested-02,nested,core-01;aggregation-01,0.0,2,8,15,core-01;aggregation-02,core-01;aggregation-01,0.5,1.0,0.0,1.0,6,6,1.0,1.0
nested-02,nested,core-01;aggregation-01,0.0,2,9,15,core-01;aggregation-02,core-01;aggregation-01,0.5,1.0,0.0,1.0,6,6,1.0,1.0
nested-02,nested,core-01;aggregation-01,0.0,2,10,15,core-01;aggregation-01,core-01;aggregation-01,1.0,1.0,1.0,1.0,6,6,1.0,1.0
nested-02,nested,core-01;aggregation-01,0.0,2,11,15,core-01;aggregation-01,aggregation-01;core-01,1.0,1.0,1.0,1.0,6,6,1.0,1.0
nested-02,nested,core-01;aggregation-01,0.0,2,12,15,core-01;aggregation-01,core-01;aggregation-01,1.0,1.0,1.0,1.0,6,6,1.0,1.0
nested-02,nested,core-01;aggregation-01,0.0,2,13,15,core-01;aggregation-02,core-01;aggregation-01,0.5,1.0,0.0,1.0,6,6,1.0,1.0
nested-02,nested,core-01;aggregation-01,0.0,2,14,15,core-01;aggregation-02,core-01;aggregation-01,0.5,1.0,0.0,1.0,6,6,1.0,1.0
nested-02,nested,core-01;aggregation-01,0.0,2,15,15,core-01;aggregation-01,core-01;aggregation-01,1.0,1.0,1.0,1.0,6,6,1.0,1.0
nested-02,nested,core-01;aggregation-01,0.0,2,16,15,core-01;aggregation-02,aggregation-01;core-01,0.5,1.0,0.0,1.0,6,6,1.0,1.0
nested-02,nested,core-01;aggregation-01,0.0,2,17,15,core-01;aggregation-02,core-01;aggregation-01,0.5,1.0,0.0,1.0,6,6,1.0,1.0
nested-02,nested,core-01;aggregation-01,0.0,2,18,15,core-01;aggregation-02,core-01;aggregation-01,0.5,1.0,0.0,1.0,6,6,1.0,1.0
nested-02,nested,core-01;aggregation-01,0.0,2,19,15,core-01;aggregation-01,aggregation-01;core-01,1.0,1.0,1.0,1.0,6,6,1.0,1.0
nested-02,nested,core-01;aggregation-01,0.0,4,0,17,core-01;aggregation-01,core-01;aggregation-01,1.0,1.0,1.0,1.0,6,6,1.0,1.0
nested-02,nested,core-01;aggregation-01,0.0,4,1,17,core-01;aggregation-01,core-01;aggregation-01,1.0,1.0,1.0,1.0,6,6,1.0,1.0
nested-02,nested,core-01;aggregation-01,0.0,4,2,17,core-01;aggregation-02,aggregation-01;core-01,0.5,1.0,0.0,1.0,6,6,1.0,1.0
nested-02,nested,core-01;aggregation-01,0.0,4,3,17,core-01;aggregation-02,core-01;aggregation-01,0.5,1.0,0.0,1.0,6,6,1.0,1.0
nested-02,nested,core-01;aggregation-01,0.0,4,4,17,core-01;aggregation-01,aggregation-01;core-01,1.0,1.0,1.0,1.0,6,6,1.0,1.0
nested-02,nested,core-01;aggregation-01,0.0,4,5,17,core-01;aggregation-02,core-01;aggregation-01,0.5,1.0,0.0,1.0,6,6,1.0,1.0
nested-02,nested,core-01;aggregation-01,0.0,4,6,17,core-01;aggregation-01,aggregation-01;core-01,1.0,1.0,1.0,1.0,6,6,1.0,1.0
nested-02,nested,core-01;aggregation-01,0.0,4,7,17,core-01;aggregation-01,core-01;aggregation-01,1.0,1.0,1.0,1.0,6,6,1.0,1.0
nested-02,nested,core-01;aggregation-01,0.0,4,8,17,core-01;aggregation-02,aggregation-01;core-01,0.5,1.0,0.0,1.0,6,6,1.0,1.0
nested-02,nested,core-01;aggregation-01,0.0,4,9,17,core-01;aggregation-01,aggregation-01;core-01,1.0,1.0,1.0,1.0,6,6,1.0,1.0
nested-02,nested,core-01;aggregation-01,0.0,4,10,17,core-01;aggregation-02,core-01;aggregation-01,0.5,1.0,0.0,1.0,6,6,1.0,1.0
nested-02,nested,core-01;aggregation-01,0.0,4,11,17,core-01;aggregation-01,aggregation-01;core-01,1.0,1.0,1.0,1.0,6,6,1.0,1.0
nested-02,nested,core-01;aggregation-01,0.0,4,12,17,core-01;aggregation-02,aggregation-01;core-01,0.5,1.0,0.0,1.0,6,6,1.0,1.0
nested-02,nested,core-01;aggregation-01,0.0,4,13,17,core-01;aggregation-02,core-01;aggregation-01,0.5,1.0,0.0,1.0,6,6,1.0,1.0
nested-02,nested,core-01;aggregation-01,0.0,4,14,17,core-01;aggregation-01,core-01;aggregation-01,1.0,1.0,1.0,1.0,6,6,1.0,1.0
nested-02,nested,core-01;aggregation-01,0.0,4,15,17,core-01;aggregation-02,core-01;aggregation-01,0.5,1.0,0.0,1.0,6,6,1.0,1.0
nested-02,nested,core-01;aggregation-01,0.0,4,16,17,core-01;aggregation-01,core-01;aggregation-01,1.0,1.0,1.0,1.0,6,6,1.0,1.0
nested-02,nested,core-01;aggregation-01,0.0,4,17,17,core-01;aggregation-02,core-01;aggregation-01,0.5,1.0,0.0,1.0,6,6,1.0,1.0
nested-02,nested,core-01;aggregation-01,0.0,4,18,17,core-01;aggregation-01,core-01;aggregation-01,1.0,1.0,1.0,1.0,6,6,1.0,1.0
nested-02,nested,core-01;aggregation-01,0.0,4,19,17,core-01;aggregation-01,aggregation-01;core-01,1.0,1.0,1.0,1.0,6,6,1.0,1.0
nested-02,nested,core-01;aggregation-01,0.2,0,0,11,core-01;aggregation-02,core-01;aggregation-01,0.5,1.0,0.0,1.0,6,6,1.0,1.0
nested-02,nested,core-01;aggregation-01,0.2,0,1,11,core-01;aggregation-02,aggregation-01;core-01,0.5,1.0,0.0,1.0,6,6,1.0,1.0
nested-02,nested,core-01;aggregation-01,0.2,0,2,11,core-01;aggregation-02,core-01;aggregation-01,0.5,1.0,0.0,1.0,6,6,1.0,1.0
nested-02,nested,core-01;aggregation-01,0.2,0,3,12,core-01;aggregation-01,aggregation-01;core-01,1.0,1.0,1.0,1.0,6,6,1.0,1.0
nested-02,nested,core-01;aggregation-01,0.2,0,4,13,core-01;aggregation-01,aggregation-01;core-01,1.0,1.0,1.0,1.0,6,6,1.0,1.0
nested-02,nested,core-01;aggregation-01,0.2,0,5,11,core-01;aggregation-02,core-01;aggregation-01,0.5,1.0,0.0,1.0,6,6,1.0,1.0
nested-02,nested,core-01;aggregation-01,0.2,0,6,10,core-01;aggregation-01,core-01;aggregation-01,1.0,1.0,1.0,1.0,6,6,1.0,1.0
nested-02,nested,core-01;aggregation-01,0.2,0,7,8,aggregation-01;core-01,aggregation-01;core-01,1.0,1.0,1.0,1.0,6,6,1.0,1.0
nested-02,nested,core-01;aggregation-01,0.2,0,8,13,core-01;aggregation-02,aggregation-01;core-01,0.5,1.0,0.0,1.0,6,6,1.0,1.0
nested-02,nested,core-01;aggregation-01,0.2,0,9,9,core-01;aggregation-01,aggregation-01;core-01,1.0,1.0,1.0,1.0,6,6,1.0,1.0
nested-02,nested,core-01;aggregation-01,0.2,0,10,11,core-01;aggregation-01,aggregation-01;core-01,1.0,1.0,1.0,1.0,6,6,1.0,1.0
nested-02,nested,core-01;aggregation-01,0.2,0,11,11,core-01;aggregation-02,core-01;aggregation-01,0.5,1.0,0.0,1.0,6,6,1.0,1.0
nested-02,nested,core-01;aggregation-01,0.2,0,12,12,core-01;aggregation-01,aggregation-01;core-01,1.0,1.0,1.0,1.0,6,6,1.0,1.0
nested-02,nested,core-01;aggregation-01,0.2,0,13,11,core-01;aggregation-02,core-01;aggregation-01,0.5,1.0,0.0,1.0,6,6,1.0,1.0
nested-02,nested,core-01;aggregation-01,0.2,0,14,11,core-01;aggregation-02,aggregation-01;core-01,0.5,1.0,0.0,1.0,6,6,1.0,1.0
nested-02,nested,core-01;aggregation-01,0.2,0,15,11,core-01;aggregation-02,core-01;aggregation-01,0.5,1.0,0.0,1.0,6,6,1.0,1.0
nested-02,nested,core-01;aggregation-01,0.2,0,16,7,core-01;aggregation-01,aggregation-01;core-01,1.0,1.0,1.0,1.0,6,6,1.0,1.0
nested-02,nested,core-01;aggregation-01,0.2,0,17,12,core-01;aggregation-01,aggregation-01;core-01,1.0,1.0,1.0,1.0,6,6,1.0,1.0
nested-02,nested,core-01;aggregation-01,0.2,0,18,10,aggregation-02;core-01,aggregation-01;core-01,0.5,1.0,0.0,1.0,6,6,1.0,1.0
nested-02,nested,core-01;aggregation-01,0.2,0,19,11,core-01;aggregation-01,aggregation-01;core-01,1.0,1.0,1.0,1.0,6,6,1.0,1.0
nested-02,nested,core-01;aggregation-01,0.2,2,0,13,core-01;aggregation-02,core-01;aggregation-01,0.5,1.0,0.0,1.0,6,6,1.0,1.0
nested-02,nested,core-01;aggregation-01,0.2,2,1,15,core-01;aggregation-02,core-01;aggregation-01,0.5,1.0,0.0,1.0,6,6,1.0,1.0
nested-02,nested,core-01;aggregation-01,0.2,2,2,13,core-01;aggregation-02,core-01;aggregation-01,0.5,1.0,0.0,1.0,6,6,1.0,1.0
nested-02,nested,core-01;aggregation-01,0.2,2,3,12,core-01;aggregation-01,core-01;aggregation-01,1.0,1.0,1.0,1.0,6,6,1.0,1.0
nested-02,nested,core-01;aggregation-01,0.2,2,4,12,core-01;aggregation-02,core-01;aggregation-01,0.5,1.0,0.0,1.0,6,6,1.0,1.0
nested-02,nested,core-01;aggregation-01,0.2,2,5,10,aggregation-02;core-01,core-01;aggregation-01,0.5,1.0,0.0,1.0,6,6,1.0,1.0
nested-02,nested,core-01;aggregation-01,0.2,2,6,12,aggregation-02;aggregation-01,aggregation-01;core-01,0.5,1.0,0.0,1.0,6,6,1.0,1.0
nested-02,nested,core-01;aggregation-01,0.2,2,7,14,core-01;aggregation-01,core-01;aggregation-01,1.0,1.0,1.0,1.0,6,6,1.0,1.0
nested-02,nested,core-01;aggregation-01,0.2,2,8,11,core-01;aggregation-02,core-01;aggregation-01,0.5,1.0,0.0,1.0,6,6,1.0,1.0
nested-02,nested,core-01;aggregation-01,0.2,2,9,14,core-01;aggregation-02,core-01;aggregation-01,0.5,1.0,0.0,1.0,6,6,1.0,1.0
nested-02,nested,core-01;aggregation-01,0.2,2,10,12,aggregation-01;core-01,aggregation-01;core-01,1.0,1.0,1.0,1.0,6,6,1.0,1.0
nested-02,nested,core-01;aggregation-01,0.2,2,11,14,core-01;aggregation-01,aggregation-01;core-01,1.0,1.0,1.0,1.0,6,6,1.0,1.0
nested-02,nested,core-01;aggregation-01,0.2,2,12,13,core-01;aggregation-01,aggregation-01;core-01,1.0,1.0,1.0,1.0,6,6,1.0,1.0
nested-02,nested,core-01;aggregation-01,0.2,2,13,11,aggregation-01;core-01,core-01;aggregation-01,1.0,1.0,1.0,1.0,6,6,1.0,1.0
nested-02,nested,core-01;aggregation-01,0.2,2,14,11,aggregation-01;core-01,core-01;aggregation-01,1.0,1.0,1.0,1.0,6,6,1.0,1.0
nested-02,nested,core-01;aggregation-01,0.2,2,15,10,core-01;aggregation-01,core-01;aggregation-01,1.0,1.0,1.0,1.0,6,6,1.0,1.0
nested-02,nested,core-01;aggregation-01,0.2,2,16,13,core-01;aggregation-02,core-01;aggregation-01,0.5,1.0,0.0,1.0,6,6,1.0,1.0
nested-02,nested,core-01;aggregation-01,0.2,2,17,13,aggregation-01;core-01,aggregation-01;core-01,1.0,1.0,1.0,1.0,6,6,1.0,1.0
nested-02,nested,core-01;aggregation-01,0.2,2,18,14,core-01;aggregation-02,core-01;aggregation-01,0.5,1.0,0.0,1.0,6,6,1.0,1.0
nested-02,nested,core-01;aggregation-01,0.2,2,19,13,core-01;aggregation-02,aggregation-01;core-01,0.5,1.0,0.0,1.0,6,6,1.0,1.0
nested-02,nested,core-01;aggregation-01,0.2,4,0,13,core-01;aggregation-02,core-01;aggregation-01,0.5,1.0,0.0,1.0,6,6,1.0,1.0
nested-02,nested,core-01;aggregation-01,0.2,4,1,15,core-01;aggregation-01,core-01;aggregation-01,1.0,1.0,1.0,1.0,6,6,1.0,1.0
nested-02,nested,core-01;aggregation-01,0.2,4,2,12,core-01;aggregation-02,core-01;aggregation-01,0.5,1.0,0.0,1.0,6,6,1.0,1.0
nested-02,nested,core-01;aggregation-01,0.2,4,3,13,aggregation-02;core-01,aggregation-01;core-01,0.5,1.0,0.0,1.0,6,6,1.0,1.0
nested-02,nested,core-01;aggregation-01,0.2,4,4,14,aggregation-02;core-01,core-01;aggregation-01,0.5,1.0,0.0,1.0,6,6,1.0,1.0
nested-02,nested,core-01;aggregation-01,0.2,4,5,16,core-01;aggregation-02,core-01;aggregation-01,0.5,1.0,0.0,1.0,6,6,1.0,1.0
nested-02,nested,core-01;aggregation-01,0.2,4,6,16,core-01;aggregation-01,core-01;aggregation-01,1.0,1.0,1.0,1.0,6,6,1.0,1.0
nested-02,nested,core-01;aggregation-01,0.2,4,7,15,core-01;aggregation-02,core-01;aggregation-01,0.5,1.0,0.0,1.0,6,6,1.0,1.0
nested-02,nested,core-01;aggregation-01,0.2,4,8,15,core-01;aggregation-01,aggregation-01;core-01,1.0,1.0,1.0,1.0,6,6,1.0,1.0
nested-02,nested,core-01;aggregation-01,0.2,4,9,16,core-01;aggregation-01,core-01;aggregation-01,1.0,1.0,1.0,1.0,6,6,1.0,1.0
nested-02,nested,core-01;aggregation-01,0.2,4,10,17,core-01;aggregation-02,aggregation-01;core-01,0.5,1.0,0.0,1.0,6,6,1.0,1.0
nested-02,nested,core-01;aggregation-01,0.2,4,11,15,core-01;aggregation-02,core-01;aggregation-01,0.5,1.0,0.0,1.0,6,6,1.0,1.0
nested-02,nested,core-01;aggregation-01,0.2,4,12,14,core-01;aggregation-02,aggregation-01;core-01,0.5,1.0,0.0,1.0,6,6,1.0,1.0
nested-02,nested,core-01;aggregation-01,0.2,4,13,16,aggregation-02;aggregation-01,aggregation-01;core-01,0.5,1.0,0.0,1.0,6,6,1.0,1.0
nested-02,nested,core-01;aggregation-01,0.2,4,14,14,core-01;aggregation-02,core-01;aggregation-01,0.5,1.0,0.0,1.0,6,6,1.0,1.0
nested-02,nested,core-01;aggregation-01,0.2,4,15,15,core-01;aggregation-02,core-01;aggregation-01,0.5,1.0,0.0,1.0,6,6,1.0,1.0
nested-02,nested,core-01;aggregation-01,0.2,4,16,15,aggregation-01;core-01,core-01;aggregation-01,1.0,1.0,1.0,1.0,6,6,1.0,1.0
nested-02,nested,core-01;aggregation-01,0.2,4,17,15,aggregation-01;aggregation-02,aggregation-01;core-01,0.5,1.0,0.0,1.0,6,6,1.0,1.0
nested-02,nested,core-01;aggregation-01,0.2,4,18,14,aggregation-02;aggregation-01,aggregation-01;core-01,0.5,1.0,0.0,1.0,6,6,1.0,1.0
nested-02,nested,core-01;aggregation-01,0.2,4,19,15,core-01;aggregation-02,core-01;aggregation-01,0.5,1.0,0.0,1.0,6,6,1.0,1.0
nested-02,nested,core-01;aggregation-01,0.4,0,0,8,core-01;aggregation-02,core-01;access-02,0.5,0.5,0.0,0.0,6,6,1.0,1.0
nested-02,nested,core-01;aggregation-01,0.4,0,1,8,core-01;aggregation-01,core-01;aggregation-01,1.0,1.0,1.0,1.0,6,6,1.0,1.0
nested-02,nested,core-01;aggregation-01,0.4,0,2,9,core-01;aggregation-02,core-01;access-01,0.5,0.5,0.0,0.0,6,6,1.0,1.0
nested-02,nested,core-01;aggregation-01,0.4,0,3,9,core-01;aggregation-01,aggregation-01;core-01,1.0,1.0,1.0,1.0,6,6,1.0,1.0
nested-02,nested,core-01;aggregation-01,0.4,0,4,8,core-01;aggregation-02,core-01;aggregation-01,0.5,1.0,0.0,1.0,6,6,1.0,1.0
nested-02,nested,core-01;aggregation-01,0.4,0,5,7,core-01;aggregation-02,core-01;aggregation-01,0.5,1.0,0.0,1.0,6,6,1.0,1.0
nested-02,nested,core-01;aggregation-01,0.4,0,6,6,aggregation-01;core-01,aggregation-01;core-01,1.0,1.0,1.0,1.0,6,6,1.0,1.0
nested-02,nested,core-01;aggregation-01,0.4,0,7,8,core-01;aggregation-01,aggregation-01;core-01,1.0,1.0,1.0,1.0,6,6,1.0,1.0
nested-02,nested,core-01;aggregation-01,0.4,0,8,9,core-01;aggregation-01,core-01;aggregation-01,1.0,1.0,1.0,1.0,6,6,1.0,1.0
nested-02,nested,core-01;aggregation-01,0.4,0,9,5,aggregation-01;core-01,aggregation-01;access-01,1.0,0.5,1.0,0.0,6,3,0.5,0.5
nested-02,nested,core-01;aggregation-01,0.4,0,10,6,core-01;aggregation-02,core-01;aggregation-01,0.5,1.0,0.0,1.0,6,6,1.0,1.0
nested-02,nested,core-01;aggregation-01,0.4,0,11,6,core-01;aggregation-02,core-01;aggregation-01,0.5,1.0,0.0,1.0,6,6,1.0,1.0
nested-02,nested,core-01;aggregation-01,0.4,0,12,9,core-01;aggregation-01,core-01;aggregation-01,1.0,1.0,1.0,1.0,6,6,1.0,1.0
nested-02,nested,core-01;aggregation-01,0.4,0,13,6,aggregation-01;core-01,aggregation-01;core-01,1.0,1.0,1.0,1.0,6,6,1.0,1.0
nested-02,nested,core-01;aggregation-01,0.4,0,14,10,core-01;aggregation-01,core-01;aggregation-01,1.0,1.0,1.0,1.0,6,6,1.0,1.0
nested-02,nested,core-01;aggregation-01,0.4,0,15,6,aggregation-01;core-01,aggregation-01;core-01,1.0,1.0,1.0,1.0,6,6,1.0,1.0
nested-02,nested,core-01;aggregation-01,0.4,0,16,10,core-01;aggregation-01,aggregation-01;core-01,1.0,1.0,1.0,1.0,6,6,1.0,1.0
nested-02,nested,core-01;aggregation-01,0.4,0,17,8,core-01;aggregation-01,aggregation-01;core-01,1.0,1.0,1.0,1.0,6,6,1.0,1.0
nested-02,nested,core-01;aggregation-01,0.4,0,18,7,core-01;aggregation-01,core-01;aggregation-01,1.0,1.0,1.0,1.0,6,6,1.0,1.0
nested-02,nested,core-01;aggregation-01,0.4,0,19,10,core-01;aggregation-01,aggregation-01;core-01,1.0,1.0,1.0,1.0,6,6,1.0,1.0
nested-02,nested,core-01;aggregation-01,0.4,2,0,8,aggregation-01;core-01,core-01;aggregation-01,1.0,1.0,1.0,1.0,6,6,1.0,1.0
nested-02,nested,core-01;aggregation-01,0.4,2,1,8,aggregation-02;core-01,aggregation-02;aggregation-01,0.5,0.5,0.0,0.0,6,6,1.0,1.0
nested-02,nested,core-01;aggregation-01,0.4,2,2,10,core-01;aggregation-02,core-01;aggregation-01,0.5,1.0,0.0,1.0,6,6,1.0,1.0
nested-02,nested,core-01;aggregation-01,0.4,2,3,10,aggregation-01;core-01,aggregation-01;core-01,1.0,1.0,1.0,1.0,6,6,1.0,1.0
nested-02,nested,core-01;aggregation-01,0.4,2,4,10,core-01;aggregation-02,core-01;aggregation-01,0.5,1.0,0.0,1.0,6,6,1.0,1.0
nested-02,nested,core-01;aggregation-01,0.4,2,5,11,core-01;aggregation-01,core-01;aggregation-01,1.0,1.0,1.0,1.0,6,6,1.0,1.0
nested-02,nested,core-01;aggregation-01,0.4,2,6,8,core-01;aggregation-01,aggregation-01;core-01,1.0,1.0,1.0,1.0,6,6,1.0,1.0
nested-02,nested,core-01;aggregation-01,0.4,2,7,10,aggregation-01;core-01,aggregation-01;core-01,1.0,1.0,1.0,1.0,6,6,1.0,1.0
nested-02,nested,core-01;aggregation-01,0.4,2,8,11,core-01;aggregation-02,core-01;access-13,0.5,0.5,0.0,0.0,6,7,1.0,0.8571428571428571
nested-02,nested,core-01;aggregation-01,0.4,2,9,9,aggregation-02;core-01,core-01;aggregation-01,0.5,1.0,0.0,1.0,6,6,1.0,1.0
nested-02,nested,core-01;aggregation-01,0.4,2,10,9,core-01;aggregation-05,core-01;aggregation-01,0.5,1.0,0.0,1.0,6,6,1.0,1.0
nested-02,nested,core-01;aggregation-01,0.4,2,11,10,core-01;aggregation-02,core-01;access-10,0.5,0.5,0.0,0.0,6,7,1.0,0.8571428571428571
nested-02,nested,core-01;aggregation-01,0.4,2,12,9,core-01;aggregation-02,core-01;aggregation-01,0.5,1.0,0.0,1.0,6,6,1.0,1.0
nested-02,nested,core-01;aggregation-01,0.4,2,13,11,core-01;aggregation-02,core-01;aggregation-01,0.5,1.0,0.0,1.0,6,6,1.0,1.0
nested-02,nested,core-01;aggregation-01,0.4,2,14,9,core-01;aggregation-02,core-01;access-13,0.5,0.5,0.0,0.0,6,7,1.0,0.8571428571428571
nested-02,nested,core-01;aggregation-01,0.4,2,15,5,aggregation-01;core-01,aggregation-01;core-03,1.0,0.5,1.0,0.0,6,9,0.5,0.25
nested-02,nested,core-01;aggregation-01,0.4,2,16,10,aggregation-02;core-01,core-01;aggregation-01,0.5,1.0,0.0,1.0,6,6,1.0,1.0
nested-02,nested,core-01;aggregation-01,0.4,2,17,12,aggregation-01;core-01,aggregation-01;core-01,1.0,1.0,1.0,1.0,6,6,1.0,1.0
nested-02,nested,core-01;aggregation-01,0.4,2,18,11,core-01;aggregation-02,core-01;aggregation-01,0.5,1.0,0.0,1.0,6,6,1.0,1.0
nested-02,nested,core-01;aggregation-01,0.4,2,19,10,aggregation-01;core-01,aggregation-01;core-01,1.0,1.0,1.0,1.0,6,6,1.0,1.0
nested-02,nested,core-01;aggregation-01,0.4,4,0,13,aggregation-02;core-01,aggregation-01;core-01,0.5,1.0,0.0,1.0,6,6,1.0,1.0
nested-02,nested,core-01;aggregation-01,0.4,4,1,11,core-01;aggregation-02,core-01;access-02,0.5,0.5,0.0,0.0,6,6,1.0,1.0
nested-02,nested,core-01;aggregation-01,0.4,4,2,11,aggregation-01;core-01,aggregation-01;core-01,1.0,1.0,1.0,1.0,6,6,1.0,1.0
nested-02,nested,core-01;aggregation-01,0.4,4,3,13,aggregation-01;core-01,core-01;aggregation-01,1.0,1.0,1.0,1.0,6,6,1.0,1.0
nested-02,nested,core-01;aggregation-01,0.4,4,4,13,core-01;aggregation-02,aggregation-01;core-01,0.5,1.0,0.0,1.0,6,6,1.0,1.0
nested-02,nested,core-01;aggregation-01,0.4,4,5,12,aggregation-01;core-01,core-01;aggregation-01,1.0,1.0,1.0,1.0,6,6,1.0,1.0
nested-02,nested,core-01;aggregation-01,0.4,4,6,12,aggregation-01;core-01,core-01;aggregation-01,1.0,1.0,1.0,1.0,6,6,1.0,1.0
nested-02,nested,core-01;aggregation-01,0.4,4,7,11,aggregation-01;core-01,aggregation-01;core-01,1.0,1.0,1.0,1.0,6,6,1.0,1.0
nested-02,nested,core-01;aggregation-01,0.4,4,8,14,core-01;aggregation-02,core-01;aggregation-01,0.5,1.0,0.0,1.0,6,6,1.0,1.0
nested-02,nested,core-01;aggregation-01,0.4,4,9,13,core-01;aggregation-01,aggregation-01;core-01,1.0,1.0,1.0,1.0,6,6,1.0,1.0
nested-02,nested,core-01;aggregation-01,0.4,4,10,10,core-01;access-01,core-01;access-01,0.5,0.5,0.0,0.0,6,6,1.0,1.0
nested-02,nested,core-01;aggregation-01,0.4,4,11,12,aggregation-01;core-01,aggregation-01;core-01,1.0,1.0,1.0,1.0,6,6,1.0,1.0
nested-02,nested,core-01;aggregation-01,0.4,4,12,12,aggregation-01;access-01,aggregation-01;access-01,0.5,0.5,0.0,0.0,6,3,0.5,0.5
nested-02,nested,core-01;aggregation-01,0.4,4,13,9,core-01;aggregation-02,core-01;access-08,0.5,0.5,0.0,0.0,6,7,1.0,0.8571428571428571
nested-02,nested,core-01;aggregation-01,0.4,4,14,12,core-01;aggregation-02,core-01;aggregation-01,0.5,1.0,0.0,1.0,6,6,1.0,1.0
nested-02,nested,core-01;aggregation-01,0.4,4,15,12,core-01;aggregation-02,core-01;aggregation-01,0.5,1.0,0.0,1.0,6,6,1.0,1.0
nested-02,nested,core-01;aggregation-01,0.4,4,16,12,core-01;aggregation-02,core-01;access-03,0.5,0.5,0.0,0.0,6,6,1.0,1.0
nested-02,nested,core-01;aggregation-01,0.4,4,17,10,core-01;aggregation-02,core-01;core-03,0.5,0.5,0.0,0.0,6,12,1.0,0.5
nested-02,nested,core-01;aggregation-01,0.4,4,18,14,core-01;aggregation-01,core-01;aggregation-01,1.0,1.0,1.0,1.0,6,6,1.0,1.0
nested-02,nested,core-01;aggregation-01,0.4,4,19,9,aggregation-05;access-01,aggregation-01;aggregation-05,0.0,0.5,0.0,0.0,6,6,0.5,0.3333333333333333
nested-03,nested,core-01;access-03,0.0,0,0,10,core-01;aggregation-02,core-01;access-03,0.5,1.0,0.0,1.0,6,6,1.0,1.0
nested-03,nested,core-01;access-03,0.0,0,1,10,core-01;aggregation-02,core-01;access-03,0.5,1.0,0.0,1.0,6,6,1.0,1.0
nested-03,nested,core-01;access-03,0.0,0,2,10,core-01;aggregation-02,core-01;access-03,0.5,1.0,0.0,1.0,6,6,1.0,1.0
nested-03,nested,core-01;access-03,0.0,0,3,10,core-01;aggregation-02,core-01;access-03,0.5,1.0,0.0,1.0,6,6,1.0,1.0
nested-03,nested,core-01;access-03,0.0,0,4,10,core-01;aggregation-02,core-01;access-03,0.5,1.0,0.0,1.0,6,6,1.0,1.0
nested-03,nested,core-01;access-03,0.0,0,5,10,core-01;aggregation-02,core-01;access-03,0.5,1.0,0.0,1.0,6,6,1.0,1.0
nested-03,nested,core-01;access-03,0.0,0,6,10,core-01;aggregation-02,core-01;access-03,0.5,1.0,0.0,1.0,6,6,1.0,1.0
nested-03,nested,core-01;access-03,0.0,0,7,10,core-01;aggregation-02,core-01;access-03,0.5,1.0,0.0,1.0,6,6,1.0,1.0
nested-03,nested,core-01;access-03,0.0,0,8,10,core-01;aggregation-02,core-01;access-03,0.5,1.0,0.0,1.0,6,6,1.0,1.0
nested-03,nested,core-01;access-03,0.0,0,9,10,core-01;aggregation-02,core-01;access-03,0.5,1.0,0.0,1.0,6,6,1.0,1.0
nested-03,nested,core-01;access-03,0.0,0,10,10,core-01;aggregation-02,core-01;access-03,0.5,1.0,0.0,1.0,6,6,1.0,1.0
nested-03,nested,core-01;access-03,0.0,0,11,10,core-01;aggregation-02,core-01;access-03,0.5,1.0,0.0,1.0,6,6,1.0,1.0
nested-03,nested,core-01;access-03,0.0,0,12,10,core-01;aggregation-02,core-01;access-03,0.5,1.0,0.0,1.0,6,6,1.0,1.0
nested-03,nested,core-01;access-03,0.0,0,13,10,core-01;aggregation-02,core-01;access-03,0.5,1.0,0.0,1.0,6,6,1.0,1.0
nested-03,nested,core-01;access-03,0.0,0,14,10,core-01;aggregation-02,core-01;access-03,0.5,1.0,0.0,1.0,6,6,1.0,1.0
nested-03,nested,core-01;access-03,0.0,0,15,10,core-01;aggregation-02,core-01;access-03,0.5,1.0,0.0,1.0,6,6,1.0,1.0
nested-03,nested,core-01;access-03,0.0,0,16,10,core-01;aggregation-02,core-01;access-03,0.5,1.0,0.0,1.0,6,6,1.0,1.0
nested-03,nested,core-01;access-03,0.0,0,17,10,core-01;aggregation-02,core-01;access-03,0.5,1.0,0.0,1.0,6,6,1.0,1.0
nested-03,nested,core-01;access-03,0.0,0,18,10,core-01;aggregation-02,core-01;access-03,0.5,1.0,0.0,1.0,6,6,1.0,1.0
nested-03,nested,core-01;access-03,0.0,0,19,10,core-01;aggregation-02,core-01;access-03,0.5,1.0,0.0,1.0,6,6,1.0,1.0
nested-03,nested,core-01;access-03,0.0,2,0,12,core-01;aggregation-02,core-01;access-03,0.5,1.0,0.0,1.0,6,6,1.0,1.0
nested-03,nested,core-01;access-03,0.0,2,1,12,core-01;aggregation-02,core-01;aggregation-05,0.5,0.5,0.0,0.0,6,9,1.0,0.6666666666666666
nested-03,nested,core-01;access-03,0.0,2,2,12,core-01;aggregation-02,core-01;access-03,0.5,1.0,0.0,1.0,6,6,1.0,1.0
nested-03,nested,core-01;access-03,0.0,2,3,12,core-01;aggregation-02,core-01;access-03,0.5,1.0,0.0,1.0,6,6,1.0,1.0
nested-03,nested,core-01;access-03,0.0,2,4,12,core-01;aggregation-02,core-01;access-03,0.5,1.0,0.0,1.0,6,6,1.0,1.0
nested-03,nested,core-01;access-03,0.0,2,5,12,core-01;aggregation-02,core-01;access-03,0.5,1.0,0.0,1.0,6,6,1.0,1.0
nested-03,nested,core-01;access-03,0.0,2,6,12,core-01;aggregation-02,core-01;access-03,0.5,1.0,0.0,1.0,6,6,1.0,1.0
nested-03,nested,core-01;access-03,0.0,2,7,12,core-01;aggregation-02,core-01;access-03,0.5,1.0,0.0,1.0,6,6,1.0,1.0
nested-03,nested,core-01;access-03,0.0,2,8,12,core-01;aggregation-02,core-01;access-03,0.5,1.0,0.0,1.0,6,6,1.0,1.0
nested-03,nested,core-01;access-03,0.0,2,9,12,core-01;aggregation-02,core-01;access-03,0.5,1.0,0.0,1.0,6,6,1.0,1.0
nested-03,nested,core-01;access-03,0.0,2,10,12,core-01;aggregation-02,core-01;access-03,0.5,1.0,0.0,1.0,6,6,1.0,1.0
nested-03,nested,core-01;access-03,0.0,2,11,12,core-01;aggregation-02,core-01;access-03,0.5,1.0,0.0,1.0,6,6,1.0,1.0
nested-03,nested,core-01;access-03,0.0,2,12,12,core-01;aggregation-02,core-01;access-03,0.5,1.0,0.0,1.0,6,6,1.0,1.0
nested-03,nested,core-01;access-03,0.0,2,13,12,core-01;aggregation-02,core-01;access-03,0.5,1.0,0.0,1.0,6,6,1.0,1.0
nested-03,nested,core-01;access-03,0.0,2,14,12,core-01;aggregation-02,core-01;access-03,0.5,1.0,0.0,1.0,6,6,1.0,1.0
nested-03,nested,core-01;access-03,0.0,2,15,12,core-01;aggregation-02,core-01;access-03,0.5,1.0,0.0,1.0,6,6,1.0,1.0
nested-03,nested,core-01;access-03,0.0,2,16,12,core-01;aggregation-02,core-01;access-03,0.5,1.0,0.0,1.0,6,6,1.0,1.0
nested-03,nested,core-01;access-03,0.0,2,17,12,core-01;aggregation-02,core-01;access-03,0.5,1.0,0.0,1.0,6,6,1.0,1.0
nested-03,nested,core-01;access-03,0.0,2,18,12,core-01;aggregation-02,core-01;access-03,0.5,1.0,0.0,1.0,6,6,1.0,1.0
nested-03,nested,core-01;access-03,0.0,2,19,12,core-01;aggregation-02,core-01;access-03,0.5,1.0,0.0,1.0,6,6,1.0,1.0
nested-03,nested,core-01;access-03,0.0,4,0,14,core-01;aggregation-02,core-01;aggregation-05,0.5,0.5,0.0,0.0,6,9,1.0,0.6666666666666666
nested-03,nested,core-01;access-03,0.0,4,1,14,core-01;aggregation-02,core-01;access-03,0.5,1.0,0.0,1.0,6,6,1.0,1.0
nested-03,nested,core-01;access-03,0.0,4,2,14,core-01;aggregation-02,core-01;access-03,0.5,1.0,0.0,1.0,6,6,1.0,1.0
nested-03,nested,core-01;access-03,0.0,4,3,14,core-01;aggregation-02,core-01;access-03,0.5,1.0,0.0,1.0,6,6,1.0,1.0
nested-03,nested,core-01;access-03,0.0,4,4,14,core-01;aggregation-02,core-01;access-03,0.5,1.0,0.0,1.0,6,6,1.0,1.0
nested-03,nested,core-01;access-03,0.0,4,5,14,core-01;aggregation-02,core-01;access-03,0.5,1.0,0.0,1.0,6,6,1.0,1.0
nested-03,nested,core-01;access-03,0.0,4,6,14,core-01;aggregation-02,core-01;access-03,0.5,1.0,0.0,1.0,6,6,1.0,1.0
nested-03,nested,core-01;access-03,0.0,4,7,14,core-01;aggregation-02,core-01;access-03,0.5,1.0,0.0,1.0,6,6,1.0,1.0
nested-03,nested,core-01;access-03,0.0,4,8,14,core-01;aggregation-02,core-01;access-03,0.5,1.0,0.0,1.0,6,6,1.0,1.0
nested-03,nested,core-01;access-03,0.0,4,9,14,core-01;aggregation-02,core-01;aggregation-03,0.5,0.5,0.0,0.0,6,9,1.0,0.6666666666666666
nested-03,nested,core-01;access-03,0.0,4,10,14,core-01;aggregation-02,core-01;access-03,0.5,1.0,0.0,1.0,6,6,1.0,1.0
nested-03,nested,core-01;access-03,0.0,4,11,14,core-01;aggregation-02,core-01;aggregation-04,0.5,0.5,0.0,0.0,6,9,1.0,0.6666666666666666
nested-03,nested,core-01;access-03,0.0,4,12,14,core-01;aggregation-02,core-01;access-03,0.5,1.0,0.0,1.0,6,6,1.0,1.0
nested-03,nested,core-01;access-03,0.0,4,13,14,core-01;aggregation-02,core-01;access-03,0.5,1.0,0.0,1.0,6,6,1.0,1.0
nested-03,nested,core-01;access-03,0.0,4,14,14,core-01;aggregation-02,core-01;access-03,0.5,1.0,0.0,1.0,6,6,1.0,1.0
nested-03,nested,core-01;access-03,0.0,4,15,14,core-01;aggregation-02,core-01;access-03,0.5,1.0,0.0,1.0,6,6,1.0,1.0
nested-03,nested,core-01;access-03,0.0,4,16,14,core-01;aggregation-02,core-01;access-03,0.5,1.0,0.0,1.0,6,6,1.0,1.0
nested-03,nested,core-01;access-03,0.0,4,17,14,core-01;aggregation-02,core-01;access-03,0.5,1.0,0.0,1.0,6,6,1.0,1.0
nested-03,nested,core-01;access-03,0.0,4,18,14,core-01;aggregation-02,core-01;access-03,0.5,1.0,0.0,1.0,6,6,1.0,1.0
nested-03,nested,core-01;access-03,0.0,4,19,14,core-01;aggregation-02,core-01;access-03,0.5,1.0,0.0,1.0,6,6,1.0,1.0
nested-03,nested,core-01;access-03,0.2,0,0,8,core-01;aggregation-02,core-01;access-03,0.5,1.0,0.0,1.0,6,6,1.0,1.0
nested-03,nested,core-01;access-03,0.2,0,1,9,core-01;aggregation-02,core-01;access-03,0.5,1.0,0.0,1.0,6,6,1.0,1.0
nested-03,nested,core-01;access-03,0.2,0,2,7,core-01;aggregation-02,core-01;access-03,0.5,1.0,0.0,1.0,6,6,1.0,1.0
nested-03,nested,core-01;access-03,0.2,0,3,7,core-01;aggregation-01,core-01;aggregation-01,0.5,0.5,0.0,0.0,6,6,1.0,1.0
nested-03,nested,core-01;access-03,0.2,0,4,7,core-01;aggregation-02,core-01;access-03,0.5,1.0,0.0,1.0,6,6,1.0,1.0
nested-03,nested,core-01;access-03,0.2,0,5,7,core-01;aggregation-02,core-01;aggregation-02,0.5,0.5,0.0,0.0,6,6,1.0,1.0
nested-03,nested,core-01;access-03,0.2,0,6,9,core-01;aggregation-01,core-01;access-03,0.5,1.0,0.0,1.0,6,6,1.0,1.0
nested-03,nested,core-01;access-03,0.2,0,7,7,core-01;aggregation-01,core-01;access-03,0.5,1.0,0.0,1.0,6,6,1.0,1.0
nested-03,nested,core-01;access-03,0.2,0,8,9,core-01;aggregation-02,core-01;access-03,0.5,1.0,0.0,1.0,6,6,1.0,1.0
nested-03,nested,core-01;access-03,0.2,0,9,8,core-01;aggregation-02,core-01;aggregation-02,0.5,0.5,0.0,0.0,6,6,1.0,1.0
nested-03,nested,core-01;access-03,0.2,0,10,9,core-01;aggregation-02,core-01;access-03,0.5,1.0,0.0,1.0,6,6,1.0,1.0
nested-03,nested,core-01;access-03,0.2,0,11,6,core-01;aggregation-02,core-01;access-03,0.5,1.0,0.0,1.0,6,6,1.0,1.0
nested-03,nested,core-01;access-03,0.2,0,12,9,core-01;aggregation-02,core-01;access-03,0.5,1.0,0.0,1.0,6,6,1.0,1.0
nested-03,nested,core-01;access-03,0.2,0,13,9,core-01;aggregation-02,core-01;aggregation-02,0.5,0.5,0.0,0.0,6,6,1.0,1.0
nested-03,nested,core-01;access-03,0.2,0,14,10,core-01;aggregation-02,core-01;access-03,0.5,1.0,0.0,1.0,6,6,1.0,1.0
nested-03,nested,core-01;access-03,0.2,0,15,9,core-01;aggregation-02,core-01;access-03,0.5,1.0,0.0,1.0,6,6,1.0,1.0
nested-03,nested,core-01;access-03,0.2,0,16,9,core-01;aggregation-02,core-01;access-03,0.5,1.0,0.0,1.0,6,6,1.0,1.0
nested-03,nested,core-01;access-03,0.2,0,17,9,core-01;aggregation-02,core-01;aggregation-02,0.5,0.5,0.0,0.0,6,6,1.0,1.0
nested-03,nested,core-01;access-03,0.2,0,18,6,core-01;aggregation-01,core-01;access-03,0.5,1.0,0.0,1.0,6,6,1.0,1.0
nested-03,nested,core-01;access-03,0.2,0,19,6,core-01;aggregation-02,core-01;aggregation-02,0.5,0.5,0.0,0.0,6,6,1.0,1.0
nested-03,nested,core-01;access-03,0.2,2,0,10,aggregation-02;core-01,core-01;core-02,0.5,0.5,0.0,0.0,6,12,1.0,0.5
nested-03,nested,core-01;access-03,0.2,2,1,10,core-01;aggregation-02,core-01;access-03,0.5,1.0,0.0,1.0,6,6,1.0,1.0
nested-03,nested,core-01;access-03,0.2,2,2,11,core-01;aggregation-01,core-01;access-03,0.5,1.0,0.0,1.0,6,6,1.0,1.0
nested-03,nested,core-01;access-03,0.2,2,3,11,core-01;aggregation-02,core-01;access-03,0.5,1.0,0.0,1.0,6,6,1.0,1.0
nested-03,nested,core-01;access-03,0.2,2,4,9,core-01;access-01,core-01;access-03,0.5,1.0,0.0,1.0,6,6,1.0,1.0
nested-03,nested,core-01;access-03,0.2,2,5,10,core-01;aggregation-02,core-01;access-03,0.5,1.0,0.0,1.0,6,6,1.0,1.0
nested-03,nested,core-01;access-03,0.2,2,6,9,core-01;aggregation-02,core-01;access-03,0.5,1.0,0.0,1.0,6,6,1.0,1.0
nested-03,nested,core-01;access-03,0.2,2,7,11,core-01;aggregation-01,core-01;access-03,0.5,1.0,0.0,1.0,6,6,1.0,1.0
nested-03,nested,core-01;access-03,0.2,2,8,11,core-01;aggregation-01,core-01;access-03,0.5,1.0,0.0,1.0,6,6,1.0,1.0
nested-03,nested,core-01;access-03,0.2,2,9,10,core-01;aggregation-02,core-01;access-03,0.5,1.0,0.0,1.0,6,6,1.0,1.0
nested-03,nested,core-01;access-03,0.2,2,10,12,core-01;aggregation-02,core-01;access-03,0.5,1.0,0.0,1.0,6,6,1.0,1.0
nested-03,nested,core-01;access-03,0.2,2,11,8,core-01;aggregation-01,core-01;access-10,0.5,0.5,0.0,0.0,6,7,1.0,0.8571428571428571
nested-03,nested,core-01;access-03,0.2,2,12,11,core-01;aggregation-02,core-01;access-03,0.5,1.0,0.0,1.0,6,6,1.0,1.0
nested-03,nested,core-01;access-03,0.2,2,13,11,core-01;aggregation-02,core-01;access-03,0.5,1.0,0.0,1.0,6,6,1.0,1.0
nested-03,nested,core-01;access-03,0.2,2,14,9,core-01;aggregation-01,core-01;access-14,0.5,0.5,0.0,0.0,6,7,1.0,0.8571428571428571
nested-03,nested,core-01;access-03,0.2,2,15,11,core-01;aggregation-02,core-01;access-03,0.5,1.0,0.0,1.0,6,6,1.0,1.0
nested-03,nested,core-01;access-03,0.2,2,16,9,core-01;access-01,core-01;access-03,0.5,1.0,0.0,1.0,6,6,1.0,1.0
nested-03,nested,core-01;access-03,0.2,2,17,9,aggregation-02;core-01,core-01;access-03,0.5,1.0,0.0,1.0,6,6,1.0,1.0
nested-03,nested,core-01;access-03,0.2,2,18,11,aggregation-02;core-01,core-01;aggregation-04,0.5,0.5,0.0,0.0,6,9,1.0,0.6666666666666666
nested-03,nested,core-01;access-03,0.2,2,19,9,core-01;aggregation-02,core-01;access-03,0.5,1.0,0.0,1.0,6,6,1.0,1.0
nested-03,nested,core-01;access-03,0.2,4,0,12,core-01;aggregation-01,core-01;aggregation-06,0.5,0.5,0.0,0.0,6,9,1.0,0.6666666666666666
nested-03,nested,core-01;access-03,0.2,4,1,13,core-01;aggregation-01,core-01;core-03,0.5,0.5,0.0,0.0,6,12,1.0,0.5
nested-03,nested,core-01;access-03,0.2,4,2,14,core-01;aggregation-02,core-01;access-03,0.5,1.0,0.0,1.0,6,6,1.0,1.0
nested-03,nested,core-01;access-03,0.2,4,3,12,core-01;aggregation-02,core-01;aggregation-06,0.5,0.5,0.0,0.0,6,9,1.0,0.6666666666666666
nested-03,nested,core-01;access-03,0.2,4,4,12,core-01;aggregation-02,core-01;access-03,0.5,1.0,0.0,1.0,6,6,1.0,1.0
nested-03,nested,core-01;access-03,0.2,4,5,11,core-01;aggregation-01,core-01;core-02,0.5,0.5,0.0,0.0,6,12,1.0,0.5
nested-03,nested,core-01;access-03,0.2,4,6,11,core-01;aggregation-02,core-01;access-03,0.5,1.0,0.0,1.0,6,6,1.0,1.0
nested-03,nested,core-01;access-03,0.2,4,7,13,core-01;aggregation-02,core-01;access-03,0.5,1.0,0.0,1.0,6,6,1.0,1.0
nested-03,nested,core-01;access-03,0.2,4,8,10,core-01;access-01,core-01;access-03,0.5,1.0,0.0,1.0,6,6,1.0,1.0
nested-03,nested,core-01;access-03,0.2,4,9,13,core-01;aggregation-02,core-01;access-03,0.5,1.0,0.0,1.0,6,6,1.0,1.0
nested-03,nested,core-01;access-03,0.2,4,10,14,core-01;aggregation-02,core-01;access-03,0.5,1.0,0.0,1.0,6,6,1.0,1.0
nested-03,nested,core-01;access-03,0.2,4,11,14,core-01;aggregation-02,core-01;aggregation-04,0.5,0.5,0.0,0.0,6,9,1.0,0.6666666666666666
nested-03,nested,core-01;access-03,0.2,4,12,10,aggregation-01;access-01,aggregation-01;access-03,0.0,0.5,0.0,0.0,6,3,0.5,0.5
nested-03,nested,core-01;access-03,0.2,4,13,13,core-01;aggregation-02,core-01;access-03,0.5,1.0,0.0,1.0,6,6,1.0,1.0
nested-03,nested,core-01;access-03,0.2,4,14,14,core-01;aggregation-02,core-01;access-03,0.5,1.0,0.0,1.0,6,6,1.0,1.0
nested-03,nested,core-01;access-03,0.2,4,15,14,core-01;aggregation-02,core-01;access-03,0.5,1.0,0.0,1.0,6,6,1.0,1.0
nested-03,nested,core-01;access-03,0.2,4,16,10,core-01;aggregation-01,core-01;access-17,0.5,0.5,0.0,0.0,6,7,1.0,0.8571428571428571
nested-03,nested,core-01;access-03,0.2,4,17,13,aggregation-02;core-01,core-01;access-03,0.5,1.0,0.0,1.0,6,6,1.0,1.0
nested-03,nested,core-01;access-03,0.2,4,18,12,aggregation-02;core-01,core-01;access-03,0.5,1.0,0.0,1.0,6,6,1.0,1.0
nested-03,nested,core-01;access-03,0.2,4,19,12,core-01;aggregation-01,core-01;access-11,0.5,0.5,0.0,0.0,6,7,1.0,0.8571428571428571
nested-03,nested,core-01;access-03,0.4,0,0,8,aggregation-02;core-01,core-01;access-03,0.5,1.0,0.0,1.0,6,6,1.0,1.0
nested-03,nested,core-01;access-03,0.4,0,1,7,core-01;aggregation-01,core-01;access-03,0.5,1.0,0.0,1.0,6,6,1.0,1.0
nested-03,nested,core-01;access-03,0.4,0,2,6,core-01;aggregation-02,core-01;aggregation-02,0.5,0.5,0.0,0.0,6,6,1.0,1.0
nested-03,nested,core-01;access-03,0.4,0,3,3,core-01;access-05,core-01;access-05,0.5,0.5,0.0,0.0,6,6,1.0,1.0
nested-03,nested,core-01;access-03,0.4,0,4,4,core-01;aggregation-02,core-01;aggregation-02,0.5,0.5,0.0,0.0,6,6,1.0,1.0
nested-03,nested,core-01;access-03,0.4,0,5,7,core-01;aggregation-01,core-01;aggregation-01,0.5,0.5,0.0,0.0,6,6,1.0,1.0
nested-03,nested,core-01;access-03,0.4,0,6,8,core-01;aggregation-02,core-01;access-03,0.5,1.0,0.0,1.0,6,6,1.0,1.0
nested-03,nested,core-01;access-03,0.4,0,7,7,core-01;aggregation-02,core-01;aggregation-02,0.5,0.5,0.0,0.0,6,6,1.0,1.0
nested-03,nested,core-01;access-03,0.4,0,8,7,core-01;aggregation-01,core-01;access-03,0.5,1.0,0.0,1.0,6,6,1.0,1.0
nested-03,nested,core-01;access-03,0.4,0,9,4,core-01;access-02,core-01;access-03,0.5,1.0,0.0,1.0,6,6,1.0,1.0
nested-03,nested,core-01;access-03,0.4,0,10,8,core-01;aggregation-02,core-01;access-03,0.5,1.0,0.0,1.0,6,6,1.0,1.0
nested-03,nested,core-01;access-03,0.4,0,11,7,core-01;aggregation-02,core-01;aggregation-02,0.5,0.5,0.0,0.0,6,6,1.0,1.0
nested-03,nested,core-01;access-03,0.4,0,12,5,core-01;access-01,core-01;access-03,0.5,1.0,0.0,1.0,6,6,1.0,1.0
nested-03,nested,core-01;access-03,0.4,0,13,6,core-01;aggregation-02,core-01;access-03,0.5,1.0,0.0,1.0,6,6,1.0,1.0
nested-03,nested,core-01;access-03,0.4,0,14,7,core-01;aggregation-02,core-01;access-03,0.5,1.0,0.0,1.0,6,6,1.0,1.0
nested-03,nested,core-01;access-03,0.4,0,15,6,core-01;aggregation-01,core-01;aggregation-01,0.5,0.5,0.0,0.0,6,6,1.0,1.0
nested-03,nested,core-01;access-03,0.4,0,16,6,core-01;aggregation-01,core-01;access-03,0.5,1.0,0.0,1.0,6,6,1.0,1.0
nested-03,nested,core-01;access-03,0.4,0,17,6,core-01;aggregation-01,core-01;aggregation-01,0.5,0.5,0.0,0.0,6,6,1.0,1.0
nested-03,nested,core-01;access-03,0.4,0,18,6,core-01;aggregation-02,core-01;aggregation-02,0.5,0.5,0.0,0.0,6,6,1.0,1.0
nested-03,nested,core-01;access-03,0.4,0,19,5,core-01;aggregation-02,core-01;access-03,0.5,1.0,0.0,1.0,6,6,1.0,1.0
nested-03,nested,core-01;access-03,0.4,2,0,9,core-01;aggregation-02,core-01;aggregation-04,0.5,0.5,0.0,0.0,6,9,1.0,0.6666666666666666
nested-03,nested,core-01;access-03,0.4,2,1,7,core-01;aggregation-02,core-01;aggregation-06,0.5,0.5,0.0,0.0,6,9,1.0,0.6666666666666666
nested-03,nested,core-01;access-03,0.4,2,2,10,core-01;aggregation-02,core-01;access-03,0.5,1.0,0.0,1.0,6,6,1.0,1.0
nested-03,nested,core-01;access-03,0.4,2,3,5,core-01;aggregation-01,core-01;access-12,0.5,0.5,0.0,0.0,6,7,1.0,0.8571428571428571
nested-03,nested,core-01;access-03,0.4,2,4,6,core-01;access-01,core-01;access-03,0.5,1.0,0.0,1.0,6,6,1.0,1.0
nested-03,nested,core-01;access-03,0.4,2,5,9,core-01;aggregation-02,core-01;access-09,0.5,0.5,0.0,0.0,6,7,1.0,0.8571428571428571
nested-03,nested,core-01;access-03,0.4,2,6,6,aggregation-01;access-02,aggregation-01;access-03,0.0,0.5,0.0,0.0,6,3,0.5,0.5
nested-03,nested,core-01;access-03,0.4,2,7,6,access-03;access-05,core-01;access-03,0.5,1.0,0.0,1.0,6,6,1.0,1.0
nested-03,nested,core-01;access-03,0.4,2,8,8,core-01;aggregation-02,core-01;access-03,0.5,1.0,0.0,1.0,6,6,1.0,1.0
nested-03,nested,core-01;access-03,0.4,2,9,10,core-01;aggregation-02,core-01;access-03,0.5,1.0,0.0,1.0,6,6,1.0,1.0
nested-03,nested,core-01;access-03,0.4,2,10,8,core-01;aggregation-02,core-01;access-03,0.5,1.0,0.0,1.0,6,6,1.0,1.0
nested-03,nested,core-01;access-03,0.4,2,11,10,core-01;aggregation-02,core-01;access-03,0.5,1.0,0.0,1.0,6,6,1.0,1.0
nested-03,nested,core-01;access-03,0.4,2,12,6,core-01;access-01,core-01;access-03,0.5,1.0,0.0,1.0,6,6,1.0,1.0
nested-03,nested,core-01;access-03,0.4,2,13,8,core-01;aggregation-01,core-01;access-09,0.5,0.5,0.0,0.0,6,7,1.0,0.8571428571428571
nested-03,nested,core-01;access-03,0.4,2,14,8,core-01;access-01,core-01;access-03,0.5,1.0,0.0,1.0,6,6,1.0,1.0
nested-03,nested,core-01;access-03,0.4,2,15,9,core-01;aggregation-01,core-01;access-03,0.5,1.0,0.0,1.0,6,6,1.0,1.0
nested-03,nested,core-01;access-03,0.4,2,16,9,aggregation-02;core-01,core-01;access-03,0.5,1.0,0.0,1.0,6,6,1.0,1.0
nested-03,nested,core-01;access-03,0.4,2,17,8,aggregation-02;core-01,core-01;access-03,0.5,1.0,0.0,1.0,6,6,1.0,1.0
nested-03,nested,core-01;access-03,0.4,2,18,8,aggregation-02;core-01,aggregation-02;access-03,0.5,0.5,0.0,0.0,6,4,0.6666666666666666,0.6666666666666666
nested-03,nested,core-01;access-03,0.4,2,19,11,core-01;aggregation-02,core-01;access-03,0.5,1.0,0.0,1.0,6,6,1.0,1.0
nested-03,nested,core-01;access-03,0.4,4,0,9,core-01;access-01,core-01;access-17,0.5,0.5,0.0,0.0,6,7,1.0,0.8571428571428571
nested-03,nested,core-01;access-03,0.4,4,1,10,core-01;access-01,core-01;core-02,0.5,0.5,0.0,0.0,6,12,1.0,0.5
nested-03,nested,core-01;access-03,0.4,4,2,11,core-01;aggregation-02,core-01;access-03,0.5,1.0,0.0,1.0,6,6,1.0,1.0
nested-03,nested,core-01;access-03,0.4,4,3,10,aggregation-02;access-02,core-01;access-03,0.0,1.0,0.0,1.0,6,6,1.0,1.0
nested-03,nested,core-01;access-03,0.4,4,4,13,core-01;aggregation-02,core-01;access-03,0.5,1.0,0.0,1.0,6,6,1.0,1.0
nested-03,nested,core-01;access-03,0.4,4,5,10,core-01;aggregation-02,core-01;access-07,0.5,0.5,0.0,0.0,6,7,1.0,0.8571428571428571
nested-03,nested,core-01;access-03,0.4,4,6,11,core-01;aggregation-02,core-01;access-03,0.5,1.0,0.0,1.0,6,6,1.0,1.0
nested-03,nested,core-01;access-03,0.4,4,7,9,core-01;access-01,core-01;aggregation-03,0.5,0.5,0.0,0.0,6,9,1.0,0.6666666666666666
nested-03,nested,core-01;access-03,0.4,4,8,9,core-01;aggregation-02,core-01;access-07,0.5,0.5,0.0,0.0,6,7,1.0,0.8571428571428571
nested-03,nested,core-01;access-03,0.4,4,9,12,core-01;aggregation-02,core-01;aggregation-02,0.5,0.5,0.0,0.0,6,6,1.0,1.0
nested-03,nested,core-01;access-03,0.4,4,10,11,core-01;aggregation-01,core-01;access-18,0.5,0.5,0.0,0.0,6,7,1.0,0.8571428571428571
nested-03,nested,core-01;access-03,0.4,4,11,9,aggregation-02;core-01,core-01;aggregation-05,0.5,0.5,0.0,0.0,6,9,1.0,0.6666666666666666
nested-03,nested,core-01;access-03,0.4,4,12,8,core-01;access-01,core-01;core-03,0.5,0.5,0.0,0.0,6,12,1.0,0.5
nested-03,nested,core-01;access-03,0.4,4,13,9,aggregation-02;core-01,core-01;access-03,0.5,1.0,0.0,1.0,6,6,1.0,1.0
nested-03,nested,core-01;access-03,0.4,4,14,11,core-01;aggregation-02,core-01;core-02,0.5,0.5,0.0,0.0,6,12,1.0,0.5
nested-03,nested,core-01;access-03,0.4,4,15,10,aggregation-02;core-01,core-01;access-13,0.5,0.5,0.0,0.0,6,7,1.0,0.8571428571428571
nested-03,nested,core-01;access-03,0.4,4,16,13,core-01;aggregation-02,core-01;core-03,0.5,0.5,0.0,0.0,6,12,1.0,0.5
nested-03,nested,core-01;access-03,0.4,4,17,10,access-01;access-03,core-01;access-03,0.5,1.0,0.0,1.0,6,6,1.0,1.0
nested-03,nested,core-01;access-03,0.4,4,18,10,aggregation-01;access-01,aggregation-01;access-03,0.0,0.5,0.0,0.0,6,3,0.5,0.5
nested-03,nested,core-01;access-03,0.4,4,19,11,core-01;aggregation-01,core-01;aggregation-06,0.5,0.5,0.0,0.0,6,9,1.0,0.6666666666666666
nested-04,nested,core-02;aggregation-04,0.0,0,0,13,core-02;aggregation-04,core-02;aggregation-04,1.0,1.0,1.0,1.0,6,6,1.0,1.0
nested-04,nested,core-02;aggregation-04,0.0,0,1,13,core-02;aggregation-04,aggregation-04;core-02,1.0,1.0,1.0,1.0,6,6,1.0,1.0
nested-04,nested,core-02;aggregation-04,0.0,0,2,13,core-02;aggregation-03,aggregation-04;core-02,0.5,1.0,0.0,1.0,6,6,1.0,1.0
nested-04,nested,core-02;aggregation-04,0.0,0,3,13,core-02;aggregation-04,aggregation-04;core-02,1.0,1.0,1.0,1.0,6,6,1.0,1.0
nested-04,nested,core-02;aggregation-04,0.0,0,4,13,core-02;aggregation-03,core-02;aggregation-04,0.5,1.0,0.0,1.0,6,6,1.0,1.0
nested-04,nested,core-02;aggregation-04,0.0,0,5,13,core-02;aggregation-03,core-02;aggregation-04,0.5,1.0,0.0,1.0,6,6,1.0,1.0
nested-04,nested,core-02;aggregation-04,0.0,0,6,13,core-02;aggregation-03,core-02;aggregation-04,0.5,1.0,0.0,1.0,6,6,1.0,1.0
nested-04,nested,core-02;aggregation-04,0.0,0,7,13,core-02;aggregation-04,aggregation-04;core-02,1.0,1.0,1.0,1.0,6,6,1.0,1.0
nested-04,nested,core-02;aggregation-04,0.0,0,8,13,core-02;aggregation-04,aggregation-04;core-02,1.0,1.0,1.0,1.0,6,6,1.0,1.0
nested-04,nested,core-02;aggregation-04,0.0,0,9,13,core-02;aggregation-04,aggregation-04;core-02,1.0,1.0,1.0,1.0,6,6,1.0,1.0
nested-04,nested,core-02;aggregation-04,0.0,0,10,13,core-02;aggregation-03,aggregation-04;core-02,0.5,1.0,0.0,1.0,6,6,1.0,1.0
nested-04,nested,core-02;aggregation-04,0.0,0,11,13,core-02;aggregation-04,aggregation-04;core-02,1.0,1.0,1.0,1.0,6,6,1.0,1.0
nested-04,nested,core-02;aggregation-04,0.0,0,12,13,core-02;aggregation-03,core-02;aggregation-04,0.5,1.0,0.0,1.0,6,6,1.0,1.0
nested-04,nested,core-02;aggregation-04,0.0,0,13,13,core-02;aggregation-04,aggregation-04;core-02,1.0,1.0,1.0,1.0,6,6,1.0,1.0
nested-04,nested,core-02;aggregation-04,0.0,0,14,13,core-02;aggregation-04,aggregation-04;core-02,1.0,1.0,1.0,1.0,6,6,1.0,1.0
nested-04,nested,core-02;aggregation-04,0.0,0,15,13,core-02;aggregation-03,core-02;aggregation-04,0.5,1.0,0.0,1.0,6,6,1.0,1.0
nested-04,nested,core-02;aggregation-04,0.0,0,16,13,core-02;aggregation-03,core-02;aggregation-04,0.5,1.0,0.0,1.0,6,6,1.0,1.0
nested-04,nested,core-02;aggregation-04,0.0,0,17,13,core-02;aggregation-04,aggregation-04;core-02,1.0,1.0,1.0,1.0,6,6,1.0,1.0
nested-04,nested,core-02;aggregation-04,0.0,0,18,13,core-02;aggregation-03,aggregation-04;core-02,0.5,1.0,0.0,1.0,6,6,1.0,1.0
nested-04,nested,core-02;aggregation-04,0.0,0,19,13,core-02;aggregation-04,aggregation-04;core-02,1.0,1.0,1.0,1.0,6,6,1.0,1.0
nested-04,nested,core-02;aggregation-04,0.0,2,0,15,core-02;aggregation-04,core-02;aggregation-04,1.0,1.0,1.0,1.0,6,6,1.0,1.0
nested-04,nested,core-02;aggregation-04,0.0,2,1,15,core-02;aggregation-03,aggregation-04;core-02,0.5,1.0,0.0,1.0,6,6,1.0,1.0
nested-04,nested,core-02;aggregation-04,0.0,2,2,15,core-02;aggregation-03,core-02;aggregation-04,0.5,1.0,0.0,1.0,6,6,1.0,1.0
nested-04,nested,core-02;aggregation-04,0.0,2,3,15,core-02;aggregation-03,aggregation-04;core-02,0.5,1.0,0.0,1.0,6,6,1.0,1.0
nested-04,nested,core-02;aggregation-04,0.0,2,4,15,core-02;aggregation-03,core-02;aggregation-04,0.5,1.0,0.0,1.0,6,6,1.0,1.0
nested-04,nested,core-02;aggregation-04,0.0,2,5,15,core-02;aggregation-03,core-02;aggregation-04,0.5,1.0,0.0,1.0,6,6,1.0,1.0
nested-04,nested,core-02;aggregation-04,0.0,2,6,15,core-02;aggregation-03,core-02;aggregation-04,0.5,1.0,0.0,1.0,6,6,1.0,1.0
nested-04,nested,core-02;aggregation-04,0.0,2,7,15,core-02;aggregation-04,core-02;aggregation-04,1.0,1.0,1.0,1.0,6,6,1.0,1.0
nested-04,nested,core-02;aggregation-04,0.0,2,8,15,core-02;aggregation-04,core-02;aggregation-04,1.0,1.0,1.0,1.0,6,6,1.0,1.0
nested-04,nested,core-02;aggregation-04,0.0,2,9,15,core-02;aggregation-03,core-02;aggregation-04,0.5,1.0,0.0,1.0,6,6,1.0,1.0
nested-04,nested,core-02;aggregation-04,0.0,2,10,15,core-02;aggregation-03,core-02;aggregation-04,0.5,1.0,0.0,1.0,6,6,1.0,1.0
nested-04,nested,core-02;aggregation-04,0.0,2,11,15,core-02;aggregation-04,core-02;aggregation-04,1.0,1.0,1.0,1.0,6,6,1.0,1.0
nested-04,nested,core-02;aggregation-04,0.0,2,12,15,core-02;aggregation-04,core-02;aggregation-04,1.0,1.0,1.0,1.0,6,6,1.0,1.0
nested-04,nested,core-02;aggregation-04,0.0,2,13,15,core-02;aggregation-03,core-02;aggregation-04,0.5,1.0,0.0,1.0,6,6,1.0,1.0
nested-04,nested,core-02;aggregation-04,0.0,2,14,15,core-02;aggregation-03,core-02;aggregation-04,0.5,1.0,0.0,1.0,6,6,1.0,1.0
nested-04,nested,core-02;aggregation-04,0.0,2,15,15,core-02;aggregation-03,aggregation-04;core-02,0.5,1.0,0.0,1.0,6,6,1.0,1.0
nested-04,nested,core-02;aggregation-04,0.0,2,16,15,core-02;aggregation-04,core-02;aggregation-04,1.0,1.0,1.0,1.0,6,6,1.0,1.0
nested-04,nested,core-02;aggregation-04,0.0,2,17,15,core-02;aggregation-04,core-02;aggregation-04,1.0,1.0,1.0,1.0,6,6,1.0,1.0
nested-04,nested,core-02;aggregation-04,0.0,2,18,15,core-02;aggregation-03,core-02;aggregation-04,0.5,1.0,0.0,1.0,6,6,1.0,1.0
nested-04,nested,core-02;aggregation-04,0.0,2,19,15,core-02;aggregation-03,core-02;aggregation-04,0.5,1.0,0.0,1.0,6,6,1.0,1.0
nested-04,nested,core-02;aggregation-04,0.0,4,0,17,core-02;aggregation-04,core-02;aggregation-04,1.0,1.0,1.0,1.0,6,6,1.0,1.0
nested-04,nested,core-02;aggregation-04,0.0,4,1,17,core-02;aggregation-03,aggregation-04;core-02,0.5,1.0,0.0,1.0,6,6,1.0,1.0
nested-04,nested,core-02;aggregation-04,0.0,4,2,17,core-02;aggregation-03,aggregation-04;core-02,0.5,1.0,0.0,1.0,6,6,1.0,1.0
nested-04,nested,core-02;aggregation-04,0.0,4,3,17,core-02;aggregation-04,aggregation-04;core-02,1.0,1.0,1.0,1.0,6,6,1.0,1.0
nested-04,nested,core-02;aggregation-04,0.0,4,4,17,core-02;aggregation-04,core-02;aggregation-04,1.0,1.0,1.0,1.0,6,6,1.0,1.0
nested-04,nested,core-02;aggregation-04,0.0,4,5,17,core-02;aggregation-03,aggregation-04;core-02,0.5,1.0,0.0,1.0,6,6,1.0,1.0
nested-04,nested,core-02;aggregation-04,0.0,4,6,17,core-02;aggregation-03,core-02;aggregation-04,0.5,1.0,0.0,1.0,6,6,1.0,1.0
nested-04,nested,core-02;aggregation-04,0.0,4,7,17,core-02;aggregation-03,core-02;aggregation-04,0.5,1.0,0.0,1.0,6,6,1.0,1.0
nested-04,nested,core-02;aggregation-04,0.0,4,8,17,core-02;aggregation-03,core-02;aggregation-04,0.5,1.0,0.0,1.0,6,6,1.0,1.0
nested-04,nested,core-02;aggregation-04,0.0,4,9,17,core-02;aggregation-04,aggregation-04;core-02,1.0,1.0,1.0,1.0,6,6,1.0,1.0
nested-04,nested,core-02;aggregation-04,0.0,4,10,17,core-02;aggregation-03,core-02;aggregation-04,0.5,1.0,0.0,1.0,6,6,1.0,1.0
nested-04,nested,core-02;aggregation-04,0.0,4,11,17,core-02;aggregation-04,core-02;aggregation-04,1.0,1.0,1.0,1.0,6,6,1.0,1.0
nested-04,nested,core-02;aggregation-04,0.0,4,12,17,core-02;aggregation-03,aggregation-04;core-02,0.5,1.0,0.0,1.0,6,6,1.0,1.0
nested-04,nested,core-02;aggregation-04,0.0,4,13,17,core-02;aggregation-04,aggregation-04;core-02,1.0,1.0,1.0,1.0,6,6,1.0,1.0
nested-04,nested,core-02;aggregation-04,0.0,4,14,17,core-02;aggregation-03,aggregation-04;core-02,0.5,1.0,0.0,1.0,6,6,1.0,1.0
nested-04,nested,core-02;aggregation-04,0.0,4,15,17,core-02;aggregation-03,aggregation-04;core-02,0.5,1.0,0.0,1.0,6,6,1.0,1.0
nested-04,nested,core-02;aggregation-04,0.0,4,16,17,core-02;aggregation-04,core-02;aggregation-04,1.0,1.0,1.0,1.0,6,6,1.0,1.0
nested-04,nested,core-02;aggregation-04,0.0,4,17,17,core-02;aggregation-04,core-02;aggregation-04,1.0,1.0,1.0,1.0,6,6,1.0,1.0
nested-04,nested,core-02;aggregation-04,0.0,4,18,17,core-02;aggregation-04,core-02;aggregation-04,1.0,1.0,1.0,1.0,6,6,1.0,1.0
nested-04,nested,core-02;aggregation-04,0.0,4,19,17,core-02;aggregation-03,core-02;aggregation-04,0.5,1.0,0.0,1.0,6,6,1.0,1.0
nested-04,nested,core-02;aggregation-04,0.2,0,0,13,core-02;aggregation-04,aggregation-04;core-02,1.0,1.0,1.0,1.0,6,6,1.0,1.0
nested-04,nested,core-02;aggregation-04,0.2,0,1,9,core-02;aggregation-03,core-02;aggregation-04,0.5,1.0,0.0,1.0,6,6,1.0,1.0
nested-04,nested,core-02;aggregation-04,0.2,0,2,11,core-02;aggregation-03,core-02;aggregation-04,0.5,1.0,0.0,1.0,6,6,1.0,1.0
nested-04,nested,core-02;aggregation-04,0.2,0,3,11,core-02;aggregation-03,aggregation-04;core-02,0.5,1.0,0.0,1.0,6,6,1.0,1.0
nested-04,nested,core-02;aggregation-04,0.2,0,4,11,core-02;aggregation-04,core-02;aggregation-04,1.0,1.0,1.0,1.0,6,6,1.0,1.0
nested-04,nested,core-02;aggregation-04,0.2,0,5,11,core-02;aggregation-03,core-02;aggregation-04,0.5,1.0,0.0,1.0,6,6,1.0,1.0
nested-04,nested,core-02;aggregation-04,0.2,0,6,12,core-02;aggregation-03,core-02;aggregation-04,0.5,1.0,0.0,1.0,6,6,1.0,1.0
nested-04,nested,core-02;aggregation-04,0.2,0,7,11,core-02;aggregation-04,aggregation-04;core-02,1.0,1.0,1.0,1.0,6,6,1.0,1.0
nested-04,nested,core-02;aggregation-04,0.2,0,8,12,core-02;aggregation-04,aggregation-04;core-02,1.0,1.0,1.0,1.0,6,6,1.0,1.0
nested-04,nested,core-02;aggregation-04,0.2,0,9,10,core-02;aggregation-04,core-02;aggregation-04,1.0,1.0,1.0,1.0,6,6,1.0,1.0
nested-04,nested,core-02;aggregation-04,0.2,0,10,10,aggregation-03;core-02,aggregation-04;core-02,0.5,1.0,0.0,1.0,6,6,1.0,1.0
nested-04,nested,core-02;aggregation-04,0.2,0,11,13,core-02;aggregation-04,core-02;aggregation-04,1.0,1.0,1.0,1.0,6,6,1.0,1.0
nested-04,nested,core-02;aggregation-04,0.2,0,12,7,core-02;aggregation-03,core-02;access-12,0.5,0.5,0.0,0.0,6,6,1.0,1.0
nested-04,nested,core-02;aggregation-04,0.2,0,13,10,core-02;aggregation-04,aggregation-04;core-02,1.0,1.0,1.0,1.0,6,6,1.0,1.0
nested-04,nested,core-02;aggregation-04,0.2,0,14,11,core-02;aggregation-03,aggregation-04;core-02,0.5,1.0,0.0,1.0,6,6,1.0,1.0
nested-04,nested,core-02;aggregation-04,0.2,0,15,11,core-02;aggregation-03,core-02;aggregation-04,0.5,1.0,0.0,1.0,6,6,1.0,1.0
nested-04,nested,core-02;aggregation-04,0.2,0,16,11,core-02;aggregation-03,core-02;aggregation-04,0.5,1.0,0.0,1.0,6,6,1.0,1.0
nested-04,nested,core-02;aggregation-04,0.2,0,17,11,core-02;aggregation-03,core-02;aggregation-04,0.5,1.0,0.0,1.0,6,6,1.0,1.0
nested-04,nested,core-02;aggregation-04,0.2,0,18,11,core-02;aggregation-04,aggregation-04;core-02,1.0,1.0,1.0,1.0,6,6,1.0,1.0
nested-04,nested,core-02;aggregation-04,0.2,0,19,7,aggregation-04;core-02,aggregation-04;core-02,1.0,1.0,1.0,1.0,6,6,1.0,1.0
nested-04,nested,core-02;aggregation-04,0.2,2,0,14,core-02;aggregation-04,core-02;aggregation-04,1.0,1.0,1.0,1.0,6,6,1.0,1.0
nested-04,nested,core-02;aggregation-04,0.2,2,1,13,core-02;aggregation-03,core-02;aggregation-04,0.5,1.0,0.0,1.0,6,6,1.0,1.0
nested-04,nested,core-02;aggregation-04,0.2,2,2,13,aggregation-04;aggregation-03,aggregation-04;core-02,0.5,1.0,0.0,1.0,6,6,1.0,1.0
nested-04,nested,core-02;aggregation-04,0.2,2,3,12,core-02;aggregation-04,core-02;aggregation-04,1.0,1.0,1.0,1.0,6,6,1.0,1.0
nested-04,nested,core-02;aggregation-04,0.2,2,4,12,aggregation-03;core-02,aggregation-04;core-02,0.5,1.0,0.0,1.0,6,6,1.0,1.0
nested-04,nested,core-02;aggregation-04,0.2,2,5,14,core-02;aggregation-03,aggregation-04;core-02,0.5,1.0,0.0,1.0,6,6,1.0,1.0
nested-04,nested,core-02;aggregation-04,0.2,2,6,14,core-02;aggregation-04,core-02;aggregation-04,1.0,1.0,1.0,1.0,6,6,1.0,1.0
nested-04,nested,core-02;aggregation-04,0.2,2,7,13,core-02;aggregation-03,aggregation-04;core-02,0.5,1.0,0.0,1.0,6,6,1.0,1.0
nested-04,nested,core-02;aggregation-04,0.2,2,8,13,core-02;aggregation-04,core-02;aggregation-04,1.0,1.0,1.0,1.0,6,6,1.0,1.0
nested-04,nested,core-02;aggregation-04,0.2,2,9,11,core-02;aggregation-03,core-02;aggregation-04,0.5,1.0,0.0,1.0,6,6,1.0,1.0
nested-04,nested,core-02;aggregation-04,0.2,2,10,14,core-02;aggregation-03,aggregation-04;core-02,0.5,1.0,0.0,1.0,6,6,1.0,1.0
nested-04,nested,core-02;aggregation-04,0.2,2,11,11,core-02;aggregation-04,core-02;aggregation-04,1.0,1.0,1.0,1.0,6,6,1.0,1.0
nested-04,nested,core-02;aggregation-04,0.2,2,12,10,core-02;aggregation-04,aggregation-04;core-02,1.0,1.0,1.0,1.0,6,6,1.0,1.0
nested-04,nested,core-02;aggregation-04,0.2,2,13,13,core-02;aggregation-03,aggregation-04;core-02,0.5,1.0,0.0,1.0,6,6,1.0,1.0
nested-04,nested,core-02;aggregation-04,0.2,2,14,14,core-02;aggregation-04,aggregation-04;core-02,1.0,1.0,1.0,1.0,6,6,1.0,1.0
nested-04,nested,core-02;aggregation-04,0.2,2,15,11,core-02;aggregation-04,core-02;aggregation-04,1.0,1.0,1.0,1.0,6,6,1.0,1.0
nested-04,nested,core-02;aggregation-04,0.2,2,16,13,aggregation-04;core-02,aggregation-04;core-02,1.0,1.0,1.0,1.0,6,6,1.0,1.0
nested-04,nested,core-02;aggregation-04,0.2,2,17,13,core-02;aggregation-04,aggregation-04;core-02,1.0,1.0,1.0,1.0,6,6,1.0,1.0
nested-04,nested,core-02;aggregation-04,0.2,2,18,13,core-02;aggregation-03,aggregation-04;core-02,0.5,1.0,0.0,1.0,6,6,1.0,1.0
nested-04,nested,core-02;aggregation-04,0.2,2,19,13,core-02;aggregation-03,core-02;aggregation-04,0.5,1.0,0.0,1.0,6,6,1.0,1.0
nested-04,nested,core-02;aggregation-04,0.2,4,0,14,aggregation-04;aggregation-03,core-02;aggregation-04,0.5,1.0,0.0,1.0,6,6,1.0,1.0
nested-04,nested,core-02;aggregation-04,0.2,4,1,14,core-02;aggregation-04,aggregation-04;core-02,1.0,1.0,1.0,1.0,6,6,1.0,1.0
nested-04,nested,core-02;aggregation-04,0.2,4,2,14,aggregation-04;core-02,aggregation-04;core-02,1.0,1.0,1.0,1.0,6,6,1.0,1.0
nested-04,nested,core-02;aggregation-04,0.2,4,3,16,core-02;aggregation-04,core-02;aggregation-04,1.0,1.0,1.0,1.0,6,6,1.0,1.0
nested-04,nested,core-02;aggregation-04,0.2,4,4,13,core-02;aggregation-04,core-02;aggregation-04,1.0,1.0,1.0,1.0,6,6,1.0,1.0
nested-04,nested,core-02;aggregation-04,0.2,4,5,16,core-02;aggregation-04,core-02;aggregation-04,1.0,1.0,1.0,1.0,6,6,1.0,1.0
nested-04,nested,core-02;aggregation-04,0.2,4,6,11,core-02;aggregation-05,core-02;aggregation-04,0.5,1.0,0.0,1.0,6,6,1.0,1.0
nested-04,nested,core-02;aggregation-04,0.2,4,7,16,core-02;aggregation-03,core-02;aggregation-04,0.5,1.0,0.0,1.0,6,6,1.0,1.0
nested-04,nested,core-02;aggregation-04,0.2,4,8,14,core-02;aggregation-03,core-02;aggregation-04,0.5,1.0,0.0,1.0,6,6,1.0,1.0
nested-04,nested,core-02;aggregation-04,0.2,4,9,17,core-02;aggregation-03,core-02;aggregation-04,0.5,1.0,0.0,1.0,6,6,1.0,1.0
nested-04,nested,core-02;aggregation-04,0.2,4,10,15,core-02;aggregation-03,core-02;aggregation-04,0.5,1.0,0.0,1.0,6,6,1.0,1.0
nested-04,nested,core-02;aggregation-04,0.2,4,11,14,core-02;aggregation-04,aggregation-04;core-02,1.0,1.0,1.0,1.0,6,6,1.0,1.0
nested-04,nested,core-02;aggregation-04,0.2,4,12,15,aggregation-03;core-02,core-02;aggregation-04,0.5,1.0,0.0,1.0,6,6,1.0,1.0
nested-04,nested,core-02;aggregation-04,0.2,4,13,14,aggregation-04;core-02,aggregation-04;core-02,1.0,1.0,1.0,1.0,6,6,1.0,1.0
nested-04,nested,core-02;aggregation-04,0.2,4,14,9,aggregation-03;aggregation-05,aggregation-03;aggregation-04,0.0,0.5,0.0,0.0,6,6,1.0,1.0
nested-04,nested,core-02;aggregation-04,0.2,4,15,16,core-02;aggregation-04,core-02;aggregation-04,1.0,1.0,1.0,1.0,6,6,1.0,1.0
nested-04,nested,core-02;aggregation-04,0.2,4,16,15,aggregation-03;core-02,core-02;aggregation-04,0.5,1.0,0.0,1.0,6,6,1.0,1.0
nested-04,nested,core-02;aggregation-04,0.2,4,17,13,core-02;aggregation-04,core-02;aggregation-04,1.0,1.0,1.0,1.0,6,6,1.0,1.0
nested-04,nested,core-02;aggregation-04,0.2,4,18,15,core-02;aggregation-03,core-02;aggregation-04,0.5,1.0,0.0,1.0,6,6,1.0,1.0
nested-04,nested,core-02;aggregation-04,0.2,4,19,15,core-02;aggregation-04,aggregation-04;core-02,1.0,1.0,1.0,1.0,6,6,1.0,1.0
nested-04,nested,core-02;aggregation-04,0.4,0,0,8,aggregation-04;core-02,aggregation-04;core-02,1.0,1.0,1.0,1.0,6,6,1.0,1.0
nested-04,nested,core-02;aggregation-04,0.4,0,1,4,core-02;access-09,core-02;access-12,0.5,0.5,0.0,0.0,6,6,1.0,1.0
nested-04,nested,core-02;aggregation-04,0.4,0,2,9,core-02;aggregation-03,core-02;aggregation-04,0.5,1.0,0.0,1.0,6,6,1.0,1.0
nested-04,nested,core-02;aggregation-04,0.4,0,3,7,core-02;aggregation-04,core-02;aggregation-04,1.0,1.0,1.0,1.0,6,6,1.0,1.0
nested-04,nested,core-02;aggregation-04,0.4,0,4,5,aggregation-04;core-02,aggregation-04;access-11,1.0,0.5,1.0,0.0,6,3,0.5,0.5
nested-04,nested,core-02;aggregation-04,0.4,0,5,6,core-02;aggregation-03,core-02;access-11,0.5,0.5,0.0,0.0,6,6,1.0,1.0
nested-04,nested,core-02;aggregation-04,0.4,0,6,8,core-02;aggregation-03,aggregation-04;core-02,0.5,1.0,0.0,1.0,6,6,1.0,1.0
nested-04,nested,core-02;aggregation-04,0.4,0,7,10,core-02;aggregation-03,core-02;aggregation-04,0.5,1.0,0.0,1.0,6,6,1.0,1.0
nested-04,nested,core-02;aggregation-04,0.4,0,8,7,core-02;aggregation-03,core-02;aggregation-04,0.5,1.0,0.0,1.0,6,6,1.0,1.0
nested-04,nested,core-02;aggregation-04,0.4,0,9,7,core-02;aggregation-04,core-02;aggregation-04,1.0,1.0,1.0,1.0,6,6,1.0,1.0
nested-04,nested,core-02;aggregation-04,0.4,0,10,6,core-02;aggregation-04,core-02;access-11,1.0,0.5,1.0,0.0,6,6,1.0,1.0
nested-04,nested,core-02;aggregation-04,0.4,0,11,7,core-02;aggregation-04,core-02;aggregation-04,1.0,1.0,1.0,1.0,6,6,1.0,1.0
nested-04,nested,core-02;aggregation-04,0.4,0,12,7,core-02;aggregation-04,aggregation-04;core-02,1.0,1.0,1.0,1.0,6,6,1.0,1.0
nested-04,nested,core-02;aggregation-04,0.4,0,13,5,core-02;aggregation-04,core-02;access-11,1.0,0.5,1.0,0.0,6,6,1.0,1.0
nested-04,nested,core-02;aggregation-04,0.4,0,14,6,aggregation-04;core-02,aggregation-04;access-12,1.0,0.5,1.0,0.0,6,3,0.5,0.5
nested-04,nested,core-02;aggregation-04,0.4,0,15,9,aggregation-04;core-02,aggregation-04;core-02,1.0,1.0,1.0,1.0,6,6,1.0,1.0
nested-04,nested,core-02;aggregation-04,0.4,0,16,5,core-02;aggregation-04,core-02;aggregation-04,1.0,1.0,1.0,1.0,6,6,1.0,1.0
nested-04,nested,core-02;aggregation-04,0.4,0,17,12,core-02;aggregation-04,aggregation-04;core-02,1.0,1.0,1.0,1.0,6,6,1.0,1.0
nested-04,nested,core-02;aggregation-04,0.4,0,18,8,core-02;aggregation-03,core-02;aggregation-04,0.5,1.0,0.0,1.0,6,6,1.0,1.0
nested-04,nested,core-02;aggregation-04,0.4,0,19,7,core-02;aggregation-04,core-02;aggregation-04,1.0,1.0,1.0,1.0,6,6,1.0,1.0
nested-04,nested,core-02;aggregation-04,0.4,2,0,7,aggregation-03;core-02,core-02;access-10,0.5,0.5,0.0,0.0,6,6,1.0,1.0
nested-04,nested,core-02;aggregation-04,0.4,2,1,9,core-02;aggregation-03,core-02;core-03,0.5,0.5,0.0,0.0,6,12,1.0,0.5
nested-04,nested,core-02;aggregation-04,0.4,2,2,9,core-02;aggregation-03,core-02;aggregation-04,0.5,1.0,0.0,1.0,6,6,1.0,1.0
nested-04,nested,core-02;aggregation-04,0.4,2,3,10,core-02;aggregation-03,core-02;aggregation-04,0.5,1.0,0.0,1.0,6,6,1.0,1.0
nested-04,nested,core-02;aggregation-04,0.4,2,4,12,core-02;aggregation-03,aggregation-04;core-02,0.5,1.0,0.0,1.0,6,6,1.0,1.0
nested-04,nested,core-02;aggregation-04,0.4,2,5,7,aggregation-03;core-02,aggregation-03;aggregation-06,0.5,0.0,0.0,0.0,6,6,0.5,0.3333333333333333
nested-04,nested,core-02;aggregation-04,0.4,2,6,10,aggregation-04;core-02,aggregation-04;aggregation-03,1.0,0.5,1.0,0.0,6,6,1.0,1.0
nested-04,nested,core-02;aggregation-04,0.4,2,7,10,core-02;aggregation-03,core-02;aggregation-04,0.5,1.0,0.0,1.0,6,6,1.0,1.0
nested-04,nested,core-02;aggregation-04,0.4,2,8,10,core-02;aggregation-03,core-02;aggregation-04,0.5,1.0,0.0,1.0,6,6,1.0,1.0
nested-04,nested,core-02;aggregation-04,0.4,2,9,9,aggregation-04;core-02,core-02;aggregation-04,1.0,1.0,1.0,1.0,6,6,1.0,1.0
nested-04,nested,core-02;aggregation-04,0.4,2,10,10,core-02;aggregation-03,core-02;aggregation-04,0.5,1.0,0.0,1.0,6,6,1.0,1.0
nested-04,nested,core-02;aggregation-04,0.4,2,11,11,core-02;aggregation-03,aggregation-04;core-02,0.5,1.0,0.0,1.0,6,6,1.0,1.0
nested-04,nested,core-02;aggregation-04,0.4,2,12,8,core-02;access-06,core-02;access-06,0.5,0.5,0.0,0.0,6,7,1.0,0.8571428571428571
nested-04,nested,core-02;aggregation-04,0.4,2,13,11,core-02;aggregation-03,core-02;aggregation-04,0.5,1.0,0.0,1.0,6,6,1.0,1.0
nested-04,nested,core-02;aggregation-04,0.4,2,14,10,core-02;access-01,core-02;aggregation-04,0.5,1.0,0.0,1.0,6,6,1.0,1.0
nested-04,nested,core-02;aggregation-04,0.4,2,15,10,core-02;aggregation-04,core-02;aggregation-04,1.0,1.0,1.0,1.0,6,6,1.0,1.0
nested-04,nested,core-02;aggregation-04,0.4,2,16,5,aggregation-04;access-09,aggregation-04;access-09,0.5,0.5,0.0,0.0,6,4,0.6666666666666666,0.6666666666666666
nested-04,nested,core-02;aggregation-04,0.4,2,17,9,core-02;aggregation-04,aggregation-04;core-02,1.0,1.0,1.0,1.0,6,6,1.0,1.0
nested-04,nested,core-02;aggregation-04,0.4,2,18,11,core-02;aggregation-03,core-02;aggregation-04,0.5,1.0,0.0,1.0,6,6,1.0,1.0
nested-04,nested,core-02;aggregation-04,0.4,2,19,12,core-02;aggregation-03,core-02;aggregation-04,0.5,1.0,0.0,1.0,6,6,1.0,1.0
nested-04,nested,core-02;aggregation-04,0.4,4,0,10,aggregation-03;aggregation-04,aggregation-04;aggregation-03,0.5,0.5,0.0,0.0,6,6,1.0,1.0
nested-04,nested,core-02;aggregation-04,0.4,4,1,11,aggregation-03;core-02,core-02;access-11,0.5,0.5,0.0,0.0,6,6,1.0,1.0
nested-04,nested,core-02;aggregation-04,0.4,4,2,9,aggregation-04;access-05,aggregation-04;access-12,0.5,0.5,0.0,0.0,6,3,0.5,0.5
nested-04,nested,core-02;aggregation-04,0.4,4,3,9,aggregation-03;access-07,core-02;aggregation-06,0.0,0.5,0.0,0.0,6,9,1.0,0.6666666666666666
nested-04,nested,core-02;aggregation-04,0.4,4,4,10,core-02;access-03,core-02;access-03,0.5,0.5,0.0,0.0,6,7,1.0,0.8571428571428571
nested-04,nested,core-02;aggregation-04,0.4,4,5,10,access-01;access-03,core-02;aggregation-04,0.0,1.0,0.0,1.0,6,6,1.0,1.0
nested-04,nested,core-02;aggregation-04,0.4,4,6,14,aggregation-03;core-02,core-02;aggregation-04,0.5,1.0,0.0,1.0,6,6,1.0,1.0
nested-04,nested,core-02;aggregation-04,0.4,4,7,11,core-02;aggregation-04,core-02;aggregation-04,1.0,1.0,1.0,1.0,6,6,1.0,1.0
nested-04,nested,core-02;aggregation-04,0.4,4,8,14,aggregation-03;core-02,core-02;aggregation-04,0.5,1.0,0.0,1.0,6,6,1.0,1.0
nested-04,nested,core-02;aggregation-04,0.4,4,9,10,aggregation-03;core-02,core-02;aggregation-04,0.5,1.0,0.0,1.0,6,6,1.0,1.0
nested-04,nested,core-02;aggregation-04,0.4,4,10,12,core-02;aggregation-03,core-02;access-05,0.5,0.5,0.0,0.0,6,7,1.0,0.8571428571428571
nested-04,nested,core-02;aggregation-04,0.4,4,11,11,aggregation-04;access-01,aggregation-04;access-01,0.5,0.5,0.0,0.0,6,4,0.5,0.42857142857142855
nested-04,nested,core-02;aggregation-04,0.4,4,12,9,aggregation-03;access-01,core-02;access-01,0.0,0.5,0.0,0.0,6,7,1.0,0.8571428571428571
nested-04,nested,core-02;aggregation-04,0.4,4,13,12,aggregation-03;core-02,core-02;aggregation-02,0.5,0.5,0.0,0.0,6,9,1.0,0.6666666666666666
nested-04,nested,core-02;aggregation-04,0.4,4,14,11,aggregation-04;aggregation-03,aggregation-04;aggregation-03,0.5,0.5,0.0,0.0,6,6,1.0,1.0
nested-04,nested,core-02;aggregation-04,0.4,4,15,13,core-02;aggregation-03,core-02;aggregation-01,0.5,0.5,0.0,0.0,6,9,1.0,0.6666666666666666
nested-04,nested,core-02;aggregation-04,0.4,4,16,13,core-02;aggregation-04,aggregation-04;core-02,1.0,1.0,1.0,1.0,6,6,1.0,1.0
nested-04,nested,core-02;aggregation-04,0.4,4,17,12,aggregation-04;core-02,aggregation-04;core-02,1.0,1.0,1.0,1.0,6,6,1.0,1.0
nested-04,nested,core-02;aggregation-04,0.4,4,18,12,aggregation-03;core-02,core-02;access-06,0.5,0.5,0.0,0.0,6,7,1.0,0.8571428571428571
nested-04,nested,core-02;aggregation-04,0.4,4,19,11,aggregation-03;core-02,core-02;aggregation-04,0.5,1.0,0.0,1.0,6,6,1.0,1.0
nested-05,nested,aggregation-05;access-14,0.0,0,0,5,aggregation-05;core-03,aggregation-05;access-14,0.5,1.0,0.0,1.0,3,3,1.0,1.0
nested-05,nested,aggregation-05;access-14,0.0,0,1,5,aggregation-05;core-03,aggregation-05;access-14,0.5,1.0,0.0,1.0,3,3,1.0,1.0
nested-05,nested,aggregation-05;access-14,0.0,0,2,5,aggregation-05;core-03,aggregation-05;access-14,0.5,1.0,0.0,1.0,3,3,1.0,1.0
nested-05,nested,aggregation-05;access-14,0.0,0,3,5,aggregation-05;core-03,aggregation-05;access-14,0.5,1.0,0.0,1.0,3,3,1.0,1.0
nested-05,nested,aggregation-05;access-14,0.0,0,4,5,aggregation-05;core-03,aggregation-05;access-14,0.5,1.0,0.0,1.0,3,3,1.0,1.0
nested-05,nested,aggregation-05;access-14,0.0,0,5,5,aggregation-05;core-03,aggregation-05;access-14,0.5,1.0,0.0,1.0,3,3,1.0,1.0
nested-05,nested,aggregation-05;access-14,0.0,0,6,5,aggregation-05;core-03,aggregation-05;access-14,0.5,1.0,0.0,1.0,3,3,1.0,1.0
nested-05,nested,aggregation-05;access-14,0.0,0,7,5,aggregation-05;core-03,aggregation-05;access-14,0.5,1.0,0.0,1.0,3,3,1.0,1.0
nested-05,nested,aggregation-05;access-14,0.0,0,8,5,aggregation-05;core-03,aggregation-05;access-14,0.5,1.0,0.0,1.0,3,3,1.0,1.0
nested-05,nested,aggregation-05;access-14,0.0,0,9,5,aggregation-05;core-03,aggregation-05;access-14,0.5,1.0,0.0,1.0,3,3,1.0,1.0
nested-05,nested,aggregation-05;access-14,0.0,0,10,5,aggregation-05;core-03,aggregation-05;access-14,0.5,1.0,0.0,1.0,3,3,1.0,1.0
nested-05,nested,aggregation-05;access-14,0.0,0,11,5,aggregation-05;core-03,aggregation-05;access-14,0.5,1.0,0.0,1.0,3,3,1.0,1.0
nested-05,nested,aggregation-05;access-14,0.0,0,12,5,aggregation-05;core-03,aggregation-05;access-14,0.5,1.0,0.0,1.0,3,3,1.0,1.0
nested-05,nested,aggregation-05;access-14,0.0,0,13,5,aggregation-05;core-03,aggregation-05;access-14,0.5,1.0,0.0,1.0,3,3,1.0,1.0
nested-05,nested,aggregation-05;access-14,0.0,0,14,5,aggregation-05;core-03,aggregation-05;access-14,0.5,1.0,0.0,1.0,3,3,1.0,1.0
nested-05,nested,aggregation-05;access-14,0.0,0,15,5,aggregation-05;core-03,aggregation-05;access-14,0.5,1.0,0.0,1.0,3,3,1.0,1.0
nested-05,nested,aggregation-05;access-14,0.0,0,16,5,aggregation-05;core-03,aggregation-05;access-14,0.5,1.0,0.0,1.0,3,3,1.0,1.0
nested-05,nested,aggregation-05;access-14,0.0,0,17,5,aggregation-05;core-03,aggregation-05;access-14,0.5,1.0,0.0,1.0,3,3,1.0,1.0
nested-05,nested,aggregation-05;access-14,0.0,0,18,5,aggregation-05;core-03,aggregation-05;access-14,0.5,1.0,0.0,1.0,3,3,1.0,1.0
nested-05,nested,aggregation-05;access-14,0.0,0,19,5,aggregation-05;core-03,aggregation-05;access-14,0.5,1.0,0.0,1.0,3,3,1.0,1.0
nested-05,nested,aggregation-05;access-14,0.0,2,0,7,aggregation-05;core-03,aggregation-05;access-14,0.5,1.0,0.0,1.0,3,3,1.0,1.0
nested-05,nested,aggregation-05;access-14,0.0,2,1,7,aggregation-05;core-03,aggregation-05;access-09,0.5,0.5,0.0,0.0,3,4,1.0,0.75
nested-05,nested,aggregation-05;access-14,0.0,2,2,7,aggregation-05;core-03,aggregation-05;access-14,0.5,1.0,0.0,1.0,3,3,1.0,1.0
nested-05,nested,aggregation-05;access-14,0.0,2,3,7,aggregation-05;core-03,aggregation-05;access-14,0.5,1.0,0.0,1.0,3,3,1.0,1.0
nested-05,nested,aggregation-05;access-14,0.0,2,4,7,core-03;aggregation-05,aggregation-05;access-14,0.5,1.0,0.0,1.0,3,3,1.0,1.0
nested-05,nested,aggregation-05;access-14,0.0,2,5,7,aggregation-05;core-03,aggregation-05;access-04,0.5,0.5,0.0,0.0,3,4,1.0,0.75
nested-05,nested,aggregation-05;access-14,0.0,2,6,7,aggregation-05;core-03,aggregation-05;access-14,0.5,1.0,0.0,1.0,3,3,1.0,1.0
nested-05,nested,aggregation-05;access-14,0.0,2,7,7,aggregation-05;core-03,aggregation-05;access-02,0.5,0.5,0.0,0.0,3,4,1.0,0.75
nested-05,nested,aggregation-05;access-14,0.0,2,8,7,aggregation-05;core-03,aggregation-05;access-14,0.5,1.0,0.0,1.0,3,3,1.0,1.0
nested-05,nested,aggregation-05;access-14,0.0,2,9,7,aggregation-05;aggregation-04,aggregation-05;access-14,0.5,1.0,0.0,1.0,3,3,1.0,1.0
nested-05,nested,aggregation-05;access-14,0.0,2,10,7,aggregation-05;core-03,aggregation-05;access-10,0.5,0.5,0.0,0.0,3,4,1.0,0.75
nested-05,nested,aggregation-05;access-14,0.0,2,11,7,aggregation-05;core-03,aggregation-05;core-03,0.5,0.5,0.0,0.0,3,6,1.0,0.5
nested-05,nested,aggregation-05;access-14,0.0,2,12,7,aggregation-05;core-03,aggregation-05;core-03,0.5,0.5,0.0,0.0,3,6,1.0,0.5
nested-05,nested,aggregation-05;access-14,0.0,2,13,7,aggregation-05;core-03,aggregation-05;access-02,0.5,0.5,0.0,0.0,3,4,1.0,0.75
nested-05,nested,aggregation-05;access-14,0.0,2,14,7,aggregation-05;core-03,aggregation-05;access-04,0.5,0.5,0.0,0.0,3,4,1.0,0.75
nested-05,nested,aggregation-05;access-14,0.0,2,15,7,aggregation-05;core-03,aggregation-05;access-03,0.5,0.5,0.0,0.0,3,4,1.0,0.75
nested-05,nested,aggregation-05;access-14,0.0,2,16,7,aggregation-05;core-03,aggregation-05;access-08,0.5,0.5,0.0,0.0,3,4,1.0,0.75
nested-05,nested,aggregation-05;access-14,0.0,2,17,7,aggregation-05;core-03,aggregation-05;access-14,0.5,1.0,0.0,1.0,3,3,1.0,1.0
nested-05,nested,aggregation-05;access-14,0.0,2,18,7,aggregation-05;core-03,aggregation-05;access-02,0.5,0.5,0.0,0.0,3,4,1.0,0.75
nested-05,nested,aggregation-05;access-14,0.0,2,19,7,aggregation-05;core-03,aggregation-05;access-14,0.5,1.0,0.0,1.0,3,3,1.0,1.0
nested-05,nested,aggregation-05;access-14,0.0,4,0,9,aggregation-05;access-05,aggregation-05;access-05,0.5,0.5,0.0,0.0,3,4,1.0,0.75
nested-05,nested,aggregation-05;access-14,0.0,4,1,9,aggregation-05;core-03,aggregation-05;access-14,0.5,1.0,0.0,1.0,3,3,1.0,1.0
nested-05,nested,aggregation-05;access-14,0.0,4,2,9,aggregation-05;access-03,aggregation-05;access-05,0.5,0.5,0.0,0.0,3,4,1.0,0.75
nested-05,nested,aggregation-05;access-14,0.0,4,3,9,core-03;aggregation-05,core-03;aggregation-05,0.5,0.5,0.0,0.0,3,6,1.0,0.5
nested-05,nested,aggregation-05;access-14,0.0,4,4,9,aggregation-05;core-03,aggregation-05;access-14,0.5,1.0,0.0,1.0,3,3,1.0,1.0
nested-05,nested,aggregation-05;access-14,0.0,4,5,9,aggregation-05;access-01,aggregation-05;access-01,0.5,0.5,0.0,0.0,3,4,1.0,0.75
nested-05,nested,aggregation-05;access-14,0.0,4,6,9,aggregation-05;core-03,aggregation-05;access-14,0.5,1.0,0.0,1.0,3,3,1.0,1.0
nested-05,nested,aggregation-05;access-14,0.0,4,7,9,aggregation-05;access-01,aggregation-05;access-11,0.5,0.5,0.0,0.0,3,4,1.0,0.75
nested-05,nested,aggregation-05;access-14,0.0,4,8,9,aggregation-05;core-03,aggregation-05;access-14,0.5,1.0,0.0,1.0,3,3,1.0,1.0
nested-05,nested,aggregation-05;access-14,0.0,4,9,9,core-03;aggregation-05,core-03;access-05,0.5,0.0,0.0,0.0,3,7,1.0,0.42857142857142855
nested-05,nested,aggregation-05;access-14,0.0,4,10,9,aggregation-05;core-03,aggregation-05;aggregation-03,0.5,0.5,0.0,0.0,3,6,1.0,0.5
nested-05,nested,aggregation-05;access-14,0.0,4,11,9,core-03;aggregation-05,aggregation-05;core-03,0.5,0.5,0.0,0.0,3,6,1.0,0.5
nested-05,nested,aggregation-05;access-14,0.0,4,12,9,core-03;aggregation-05,aggregation-05;access-01,0.5,0.5,0.0,0.0,3,4,1.0,0.75
nested-05,nested,aggregation-05;access-14,0.0,4,13,9,core-03;aggregation-05,aggregation-05;core-03,0.5,0.5,0.0,0.0,3,6,1.0,0.5
nested-05,nested,aggregation-05;access-14,0.0,4,14,9,aggregation-05;core-03,aggregation-05;core-03,0.5,0.5,0.0,0.0,3,6,1.0,0.5
nested-05,nested,aggregation-05;access-14,0.0,4,15,9,aggregation-05;access-01,aggregation-05;access-01,0.5,0.5,0.0,0.0,3,4,1.0,0.75
nested-05,nested,aggregation-05;access-14,0.0,4,16,9,core-03;aggregation-05,aggregation-05;access-08,0.5,0.5,0.0,0.0,3,4,1.0,0.75
nested-05,nested,aggregation-05;access-14,0.0,4,17,9,core-03;aggregation-05,aggregation-05;core-03,0.5,0.5,0.0,0.0,3,6,1.0,0.5
nested-05,nested,aggregation-05;access-14,0.0,4,18,9,aggregation-05;core-03,aggregation-05;access-06,0.5,0.5,0.0,0.0,3,4,1.0,0.75
nested-05,nested,aggregation-05;access-14,0.0,4,19,9,aggregation-05;access-01,aggregation-05;core-01,0.5,0.5,0.0,0.0,3,9,1.0,0.3333333333333333
nested-05,nested,aggregation-05;access-14,0.2,0,0,5,aggregation-05;core-03,aggregation-05;access-14,0.5,1.0,0.0,1.0,3,3,1.0,1.0
nested-05,nested,aggregation-05;access-14,0.2,0,1,4,aggregation-05;core-03,aggregation-05;access-14,0.5,1.0,0.0,1.0,3,3,1.0,1.0
nested-05,nested,aggregation-05;access-14,0.2,0,2,3,aggregation-05;access-14,aggregation-05;access-14,1.0,1.0,1.0,1.0,3,3,1.0,1.0
nested-05,nested,aggregation-05;access-14,0.2,0,3,2,aggregation-05;access-13,access-13;access-14,0.5,0.5,0.0,0.0,3,2,0.6666666666666666,0.6666666666666666
nested-05,nested,aggregation-05;access-14,0.2,0,4,5,aggregation-05;core-03,aggregation-05;access-14,0.5,1.0,0.0,1.0,3,3,1.0,1.0
nested-05,nested,aggregation-05;access-14,0.2,0,5,5,aggregation-05;core-03,aggregation-05;access-14,0.5,1.0,0.0,1.0,3,3,1.0,1.0
nested-05,nested,aggregation-05;access-14,0.2,0,6,4,aggregation-05;core-03,aggregation-05;access-14,0.5,1.0,0.0,1.0,3,3,1.0,1.0
nested-05,nested,aggregation-05;access-14,0.2,0,7,3,aggregation-05;core-03,aggregation-05;access-14,0.5,1.0,0.0,1.0,3,3,1.0,1.0
nested-05,nested,aggregation-05;access-14,0.2,0,8,5,aggregation-05;core-03,aggregation-05;access-14,0.5,1.0,0.0,1.0,3,3,1.0,1.0
nested-05,nested,aggregation-05;access-14,0.2,0,9,4,aggregation-05;core-03,aggregation-05;access-14,0.5,1.0,0.0,1.0,3,3,1.0,1.0
nested-05,nested,aggregation-05;access-14,0.2,0,10,4,aggregation-05;core-03,aggregation-05;access-14,0.5,1.0,0.0,1.0,3,3,1.0,1.0
nested-05,nested,aggregation-05;access-14,0.2,0,11,2,aggregation-05;access-14,access-14;access-15,1.0,0.5,1.0,0.0,3,2,0.6666666666666666,0.6666666666666666
nested-05,nested,aggregation-05;access-14,0.2,0,12,2,aggregation-05;core-03,aggregation-05;core-03,0.5,0.5,0.0,0.0,3,6,1.0,0.5
nested-05,nested,aggregation-05;access-14,0.2,0,13,3,aggregation-05;access-13,aggregation-05;access-14,0.5,1.0,0.0,1.0,3,3,1.0,1.0
nested-05,nested,aggregation-05;access-14,0.2,0,14,5,aggregation-05;core-03,aggregation-05;access-14,0.5,1.0,0.0,1.0,3,3,1.0,1.0
nested-05,nested,aggregation-05;access-14,0.2,0,15,3,aggregation-05;access-14,aggregation-05;access-14,1.0,1.0,1.0,1.0,3,3,1.0,1.0
nested-05,nested,aggregation-05;access-14,0.2,0,16,4,aggregation-05;core-03,aggregation-05;access-14,0.5,1.0,0.0,1.0,3,3,1.0,1.0
nested-05,nested,aggregation-05;access-14,0.2,0,17,2,aggregation-05;core-03,aggregation-05;core-03,0.5,0.5,0.0,0.0,3,6,1.0,0.5
nested-05,nested,aggregation-05;access-14,0.2,0,18,5,aggregation-05;core-03,aggregation-05;access-14,0.5,1.0,0.0,1.0,3,3,1.0,1.0
nested-05,nested,aggregation-05;access-14,0.2,0,19,5,aggregation-05;core-03,aggregation-05;access-14,0.5,1.0,0.0,1.0,3,3,1.0,1.0
nested-05,nested,aggregation-05;access-14,0.2,2,0,7,aggregation-05;core-03,aggregation-05;access-08,0.5,0.5,0.0,0.0,3,4,1.0,0.75
nested-05,nested,aggregation-05;access-14,0.2,2,1,7,aggregation-05;core-03,aggregation-05;access-06,0.5,0.5,0.0,0.0,3,4,1.0,0.75
nested-05,nested,aggregation-05;access-14,0.2,2,2,4,access-03;access-07,access-03;access-07,0.0,0.0,0.0,0.0,3,2,0.0,0.0
nested-05,nested,aggregation-05;access-14,0.2,2,3,5,aggregation-05;core-03,aggregation-05;aggregation-01,0.5,0.5,0.0,0.0,3,6,1.0,0.5
nested-05,nested,aggregation-05;access-14,0.2,2,4,7,aggregation-05;core-03,aggregation-05;access-14,0.5,1.0,0.0,1.0,3,3,1.0,1.0
nested-05,nested,aggregation-05;access-14,0.2,2,5,7,aggregation-05;core-03,aggregation-05;access-14,0.5,1.0,0.0,1.0,3,3,1.0,1.0
nested-05,nested,aggregation-05;access-14,0.2,2,6,6,aggregation-05;access-03,aggregation-05;access-03,0.5,0.5,0.0,0.0,3,4,1.0,0.75
nested-05,nested,aggregation-05;access-14,0.2,2,7,6,aggregation-05;core-03,aggregation-05;core-03,0.5,0.5,0.0,0.0,3,6,1.0,0.5
nested-05,nested,aggregation-05;access-14,0.2,2,8,5,aggregation-05;core-03,aggregation-05;access-16,0.5,0.5,0.0,0.0,3,4,1.0,0.75
nested-05,nested,aggregation-05;access-14,0.2,2,9,5,access-08;access-13,access-08;aggregation-05,0.0,0.5,0.0,0.0,3,4,1.0,0.75
nested-05,nested,aggregation-05;access-14,0.2,2,10,5,access-13;access-14,core-03;access-14,0.5,0.5,0.0,0.0,3,6,1.0,0.5
nested-05,nested,aggregation-05;access-14,0.2,2,11,7,aggregation-05;core-03,aggregation-05;access-07,0.5,0.5,0.0,0.0,3,4,1.0,0.75
nested-05,nested,aggregation-05;access-14,0.2,2,12,6,aggregation-05;access-10,aggregation-05;access-14,0.5,1.0,0.0,1.0,3,3,1.0,1.0
nested-05,nested,aggregation-05;access-14,0.2,2,13,6,aggregation-05;access-12,aggregation-05;core-02,0.5,0.5,0.0,0.0,3,9,1.0,0.3333333333333333
nested-05,nested,aggregation-05;access-14,0.2,2,14,4,access-06;access-14,access-06;access-14,0.5,0.5,0.0,0.0,3,2,0.3333333333333333,0.25
nested-05,nested,aggregation-05;access-14,0.2,2,15,7,aggregation-05;core-03,aggregation-05;access-04,0.5,0.5,0.0,0.0,3,4,1.0,0.75
nested-05,nested,aggregation-05;access-14,0.2,2,16,7,aggregation-05;core-03,aggregation-05;access-04,0.5,0.5,0.0,0.0,3,4,1.0,0.75
nested-05,nested,aggregation-05;access-14,0.2,2,17,5,aggregation-05;core-03,aggregation-05;core-03,0.5,0.5,0.0,0.0,3,6,1.0,0.5
nested-05,nested,aggregation-05;access-14,0.2,2,18,7,aggregation-05;core-03,aggregation-05;access-14,0.5,1.0,0.0,1.0,3,3,1.0,1.0
nested-05,nested,aggregation-05;access-14,0.2,2,19,5,aggregation-05;core-03,aggregation-05;aggregation-01,0.5,0.5,0.0,0.0,3,6,1.0,0.5
nested-05,nested,aggregation-05;access-14,0.2,4,0,9,aggregation-05;access-03,aggregation-05;access-14,0.5,1.0,0.0,1.0,3,3,1.0,1.0
nested-05,nested,aggregation-05;access-14,0.2,4,1,7,access-02;access-03,aggregation-05;access-02,0.0,0.5,0.0,0.0,3,4,1.0,0.75
nested-05,nested,aggregation-05;access-14,0.2,4,2,8,aggregation-05;core-03,aggregation-05;core-01,0.5,0.5,0.0,0.0,3,9,1.0,0.3333333333333333
nested-05,nested,aggregation-05;access-14,0.2,4,3,8,aggregation-05;core-03,aggregation-05;core-02,0.5,0.5,0.0,0.0,3,9,1.0,0.3333333333333333
nested-05,nested,aggregation-05;access-14,0.2,4,4,9,aggregation-05;core-03,aggregation-05;core-03,0.5,0.5,0.0,0.0,3,6,1.0,0.5
nested-05,nested,aggregation-05;access-14,0.2,4,5,9,aggregation-05;core-03,aggregation-05;access-14,0.5,1.0,0.0,1.0,3,3,1.0,1.0
nested-05,nested,aggregation-05;access-14,0.2,4,6,7,access-05;access-06,aggregation-05;access-06,0.0,0.5,0.0,0.0,3,4,1.0,0.75
nested-05,nested,aggregation-05;access-14,0.2,4,7,8,access-09;access-11,aggregation-05;access-14,0.0,1.0,0.0,1.0,3,3,1.0,1.0
nested-05,nested,aggregation-05;access-14,0.2,4,8,8,aggregation-05;aggregation-02,aggregation-05;access-04,0.5,0.5,0.0,0.0,3,4,1.0,0.75
nested-05,nested,aggregation-05;access-14,0.2,4,9,8,aggregation-05;core-03,aggregation-05;access-01,0.5,0.5,0.0,0.0,3,4,1.0,0.75
nested-05,nested,aggregation-05;access-14,0.2,4,10,6,aggregation-05;access-10,aggregation-05;aggregation-04,0.5,0.5,0.0,0.0,3,6,1.0,0.5
nested-05,nested,aggregation-05;access-14,0.2,4,11,7,aggregation-05;core-03,aggregation-05;access-09,0.5,0.5,0.0,0.0,3,4,1.0,0.75
nested-05,nested,aggregation-05;access-14,0.2,4,12,8,core-01;aggregation-05,aggregation-05;access-07,0.5,0.5,0.0,0.0,3,4,1.0,0.75
nested-05,nested,aggregation-05;access-14,0.2,4,13,9,aggregation-05;access-03,aggregation-05;access-09,0.5,0.5,0.0,0.0,3,4,1.0,0.75
nested-05,nested,aggregation-05;access-14,0.2,4,14,9,aggregation-05;access-01,aggregation-05;access-14,0.5,1.0,0.0,1.0,3,3,1.0,1.0
nested-05,nested,aggregation-05;access-14,0.2,4,15,8,access-08;access-10,aggregation-05;core-03,0.0,0.5,0.0,0.0,3,6,1.0,0.5
nested-05,nested,aggregation-05;access-14,0.2,4,16,8,core-03;aggregation-05,aggregation-05;core-03,0.5,0.5,0.0,0.0,3,6,1.0,0.5
nested-05,nested,aggregation-05;access-14,0.2,4,17,9,aggregation-05;access-07,aggregation-05;access-10,0.5,0.5,0.0,0.0,3,4,1.0,0.75
nested-05,nested,aggregation-05;access-14,0.2,4,18,7,core-03;access-04,core-03;access-04,0.0,0.0,0.0,0.0,3,7,1.0,0.42857142857142855
nested-05,nested,aggregation-05;access-14,0.2,4,19,9,aggregation-05;core-03,aggregation-05;core-03,0.5,0.5,0.0,0.0,3,6,1.0,0.5
nested-05,nested,aggregation-05;access-14,0.4,0,0,3,aggregation-05;core-03,aggregation-05;access-14,0.5,1.0,0.0,1.0,3,3,1.0,1.0
nested-05,nested,aggregation-05;access-14,0.4,0,1,4,aggregation-05;core-03,aggregation-05;access-14,0.5,1.0,0.0,1.0,3,3,1.0,1.0
nested-05,nested,aggregation-05;access-14,0.4,0,2,4,aggregation-05;core-03,aggregation-05;core-03,0.5,0.5,0.0,0.0,3,6,1.0,0.5
nested-05,nested,aggregation-05;access-14,0.4,0,3,3,aggregation-05;core-03,aggregation-05;core-03,0.5,0.5,0.0,0.0,3,6,1.0,0.5
nested-05,nested,aggregation-05;access-14,0.4,0,4,5,aggregation-05;core-03,aggregation-05;access-14,0.5,1.0,0.0,1.0,3,3,1.0,1.0
nested-05,nested,aggregation-05;access-14,0.4,0,5,5,aggregation-05;core-03,aggregation-05;access-14,0.5,1.0,0.0,1.0,3,3,1.0,1.0
nested-05,nested,aggregation-05;access-14,0.4,0,6,1,access-15;aggregation-05,access-15;aggregation-05,0.5,0.5,0.0,0.0,3,3,1.0,1.0
nested-05,nested,aggregation-05;access-14,0.4,0,7,4,aggregation-05;core-03,aggregation-05;access-14,0.5,1.0,0.0,1.0,3,3,1.0,1.0
nested-05,nested,aggregation-05;access-14,0.4,0,8,4,aggregation-05;core-03,aggregation-05;core-03,0.5,0.5,0.0,0.0,3,6,1.0,0.5
nested-05,nested,aggregation-05;access-14,0.4,0,9,4,aggregation-05;core-03,aggregation-05;access-14,0.5,1.0,0.0,1.0,3,3,1.0,1.0
nested-05,nested,aggregation-05;access-14,0.4,0,10,1,access-13;aggregation-05,access-13;aggregation-05,0.5,0.5,0.0,0.0,3,3,1.0,1.0
nested-05,nested,aggregation-05;access-14,0.4,0,11,3,aggregation-05;core-03,aggregation-05;access-14,0.5,1.0,0.0,1.0,3,3,1.0,1.0
nested-05,nested,aggregation-05;access-14,0.4,0,12,1,access-13;aggregation-05,access-13;aggregation-05,0.5,0.5,0.0,0.0,3,3,1.0,1.0
nested-05,nested,aggregation-05;access-14,0.4,0,13,3,aggregation-05;core-03,aggregation-05;access-14,0.5,1.0,0.0,1.0,3,3,1.0,1.0
nested-05,nested,aggregation-05;access-14,0.4,0,14,2,aggregation-05;core-03,aggregation-05;core-03,0.5,0.5,0.0,0.0,3,6,1.0,0.5
nested-05,nested,aggregation-05;access-14,0.4,0,15,4,aggregation-05;core-03,aggregation-05;access-14,0.5,1.0,0.0,1.0,3,3,1.0,1.0
nested-05,nested,aggregation-05;access-14,0.4,0,16,4,aggregation-05;core-03,aggregation-05;access-14,0.5,1.0,0.0,1.0,3,3,1.0,1.0
nested-05,nested,aggregation-05;access-14,0.4,0,17,1,access-14;aggregation-05,access-14;aggregation-05,1.0,1.0,1.0,1.0,3,3,1.0,1.0
nested-05,nested,aggregation-05;access-14,0.4,0,18,3,aggregation-05;access-14,aggregation-05;access-14,1.0,1.0,1.0,1.0,3,3,1.0,1.0
nested-05,nested,aggregation-05;access-14,0.4,0,19,4,aggregation-05;core-03,aggregation-05;access-14,0.5,1.0,0.0,1.0,3,3,1.0,1.0
nested-05,nested,aggregation-05;access-14,0.4,2,0,5,aggregation-05;core-03,core-03;access-09,0.5,0.0,0.0,0.0,3,7,1.0,0.42857142857142855
nested-05,nested,aggregation-05;access-14,0.4,2,1,4,access-04;access-14,access-04;access-14,0.5,0.5,0.0,0.0,3,2,0.3333333333333333,0.25
nested-05,nested,aggregation-05;access-14,0.4,2,2,5,access-06;access-07,aggregation-05;access-07,0.0,0.5,0.0,0.0,3,4,1.0,0.75
nested-05,nested,aggregation-05;access-14,0.4,2,3,6,aggregation-05;access-02,aggregation-05;access-14,0.5,1.0,0.0,1.0,3,3,1.0,1.0
nested-05,nested,aggregation-05;access-14,0.4,2,4,7,aggregation-05;core-03,aggregation-05;access-14,0.5,1.0,0.0,1.0,3,3,1.0,1.0
nested-05,nested,aggregation-05;access-14,0.4,2,5,4,aggregation-05;access-09,aggregation-05;access-09,0.5,0.5,0.0,0.0,3,4,1.0,0.75
nested-05,nested,aggregation-05;access-14,0.4,2,6,5,core-03;aggregation-05,aggregation-05;access-14,0.5,1.0,0.0,1.0,3,3,1.0,1.0
nested-05,nested,aggregation-05;access-14,0.4,2,7,6,aggregation-05;core-03,aggregation-05;core-03,0.5,0.5,0.0,0.0,3,6,1.0,0.5
nested-05,nested,aggregation-05;access-14,0.4,2,8,6,aggregation-05;access-09,aggregation-05;access-09,0.5,0.5,0.0,0.0,3,4,1.0,0.75
nested-05,nested,aggregation-05;access-14,0.4,2,9,5,access-11;access-13,core-03;access-11,0.0,0.0,0.0,0.0,3,7,1.0,0.42857142857142855
nested-05,nested,aggregation-05;access-14,0.4,2,10,3,access-02;access-07,access-02;aggregation-05,0.0,0.5,0.0,0.0,3,4,1.0,0.75
nested-05,nested,aggregation-05;access-14,0.4,2,11,6,aggregation-05;core-03,aggregation-05;access-17,0.5,0.5,0.0,0.0,3,4,1.0,0.75
nested-05,nested,aggregation-05;access-14,0.4,2,12,7,aggregation-05;core-03,aggregation-05;access-05,0.5,0.5,0.0,0.0,3,4,1.0,0.75
nested-05,nested,aggregation-05;access-14,0.4,2,13,2,aggregation-03;access-07,access-07;access-08,0.0,0.0,0.0,0.0,3,2,0.0,0.0
nested-05,nested,aggregation-05;access-14,0.4,2,14,5,aggregation-05;core-03,aggregation-05;access-03,0.5,0.5,0.0,0.0,3,4,1.0,0.75
nested-05,nested,aggregation-05;access-14,0.4,2,15,7,aggregation-05;core-03,aggregation-05;access-14,0.5,1.0,0.0,1.0,3,3,1.0,1.0
nested-05,nested,aggregation-05;access-14,0.4,2,16,3,access-02;access-03,aggregation-01;aggregation-05,0.0,0.5,0.0,0.0,3,6,1.0,0.5
nested-05,nested,aggregation-05;access-14,0.4,2,17,2,access-03;aggregation-03,access-03;aggregation-03,0.0,0.0,0.0,0.0,3,4,0.0,0.0
nested-05,nested,aggregation-05;access-14,0.4,2,18,6,aggregation-05;core-03,aggregation-05;core-03,0.5,0.5,0.0,0.0,3,6,1.0,0.5
nested-05,nested,aggregation-05;access-14,0.4,2,19,5,aggregation-05;core-03,aggregation-05;core-03,0.5,0.5,0.0,0.0,3,6,1.0,0.5
nested-05,nested,aggregation-05;access-14,0.4,4,0,7,core-03;aggregation-05,core-03;core-01,0.5,0.0,0.0,0.0,3,12,1.0,0.25
nested-05,nested,aggregation-05;access-14,0.4,4,1,8,aggregation-05;access-02,aggregation-05;core-01,0.5,0.5,0.0,0.0,3,9,1.0,0.3333333333333333
nested-05,nested,aggregation-05;access-14,0.4,4,2,7,access-02;access-03,aggregation-05;core-01,0.0,0.5,0.0,0.0,3,9,1.0,0.3333333333333333
nested-05,nested,aggregation-05;access-14,0.4,4,3,9,aggregation-05;access-11,aggregation-05;access-12,0.5,0.5,0.0,0.0,3,4,1.0,0.75
nested-05,nested,aggregation-05;access-14,0.4,4,4,7,aggregation-05;core-03,aggregation-05;access-01,0.5,0.5,0.0,0.0,3,4,1.0,0.75
nested-05,nested,aggregation-05;access-14,0.4,4,5,8,access-05;access-11,core-03;access-05,0.0,0.0,0.0,0.0,3,7,1.0,0.42857142857142855
nested-05,nested,aggregation-05;access-14,0.4,4,6,7,core-03;access-03,aggregation-05;core-03,0.0,0.5,0.0,0.0,3,6,1.0,0.5
nested-05,nested,aggregation-05;access-14,0.4,4,7,6,access-10;access-14,aggregation-05;core-01,0.5,0.5,0.0,0.0,3,9,1.0,0.3333333333333333
nested-05,nested,aggregation-05;access-14,0.4,4,8,7,access-03;access-05,aggregation-05;access-05,0.0,0.5,0.0,0.0,3,4,1.0,0.75
nested-05,nested,aggregation-05;access-14,0.4,4,9,7,aggregation-05;core-03,aggregation-05;core-01,0.5,0.5,0.0,0.0,3,9,1.0,0.3333333333333333
nested-05,nested,aggregation-05;access-14,0.4,4,10,8,core-03;access-08,aggregation-05;access-14,0.0,1.0,0.0,1.0,3,3,1.0,1.0
nested-05,nested,aggregation-05;access-14,0.4,4,11,7,access-07;access-09,access-09;aggregation-05,0.0,0.5,0.0,0.0,3,4,1.0,0.75
nested-05,nested,aggregation-05;access-14,0.4,4,12,6,aggregation-05;access-01,aggregation-05;core-02,0.5,0.5,0.0,0.0,3,9,1.0,0.3333333333333333
nested-05,nested,aggregation-05;access-14,0.4,4,13,7,access-02;access-03,core-03;aggregation-05,0.0,0.5,0.0,0.0,3,6,1.0,0.5
nested-05,nested,aggregation-05;access-14,0.4,4,14,8,aggregation-05;access-06,aggregation-05;access-14,0.5,1.0,0.0,1.0,3,3,1.0,1.0
nested-05,nested,aggregation-05;access-14,0.4,4,15,7,access-05;access-08,access-05;aggregation-05,0.0,0.5,0.0,0.0,3,4,1.0,0.75
nested-05,nested,aggregation-05;access-14,0.4,4,16,7,aggregation-05;access-08,aggregation-05;access-08,0.5,0.5,0.0,0.0,3,4,1.0,0.75
nested-05,nested,aggregation-05;access-14,0.4,4,17,7,access-08;access-09,aggregation-05;access-08,0.0,0.5,0.0,0.0,3,4,1.0,0.75
nested-05,nested,aggregation-05;access-14,0.4,4,18,7,aggregation-05;aggregation-02,aggregation-05;aggregation-02,0.5,0.5,0.0,0.0,3,6,1.0,0.5
nested-05,nested,aggregation-05;access-14,0.4,4,19,6,core-03;access-06,core-03;access-06,0.0,0.0,0.0,0.0,3,7,1.0,0.42857142857142855
nested-06,nested,core-03;access-18,0.0,0,0,10,core-03;aggregation-05,core-03;access-18,0.5,1.0,0.0,1.0,6,6,1.0,1.0
nested-06,nested,core-03;access-18,0.0,0,1,10,core-03;aggregation-05,core-03;access-18,0.5,1.0,0.0,1.0,6,6,1.0,1.0
nested-06,nested,core-03;access-18,0.0,0,2,10,core-03;aggregation-05,core-03;access-18,0.5,1.0,0.0,1.0,6,6,1.0,1.0
nested-06,nested,core-03;access-18,0.0,0,3,10,core-03;aggregation-05,core-03;access-18,0.5,1.0,0.0,1.0,6,6,1.0,1.0
nested-06,nested,core-03;access-18,0.0,0,4,10,core-03;aggregation-05,core-03;access-18,0.5,1.0,0.0,1.0,6,6,1.0,1.0
nested-06,nested,core-03;access-18,0.0,0,5,10,core-03;aggregation-05,core-03;access-18,0.5,1.0,0.0,1.0,6,6,1.0,1.0
nested-06,nested,core-03;access-18,0.0,0,6,10,core-03;aggregation-05,core-03;access-18,0.5,1.0,0.0,1.0,6,6,1.0,1.0
nested-06,nested,core-03;access-18,0.0,0,7,10,core-03;aggregation-05,core-03;access-18,0.5,1.0,0.0,1.0,6,6,1.0,1.0
nested-06,nested,core-03;access-18,0.0,0,8,10,core-03;aggregation-05,core-03;access-18,0.5,1.0,0.0,1.0,6,6,1.0,1.0
nested-06,nested,core-03;access-18,0.0,0,9,10,core-03;aggregation-05,core-03;access-18,0.5,1.0,0.0,1.0,6,6,1.0,1.0
nested-06,nested,core-03;access-18,0.0,0,10,10,core-03;aggregation-05,core-03;access-18,0.5,1.0,0.0,1.0,6,6,1.0,1.0
nested-06,nested,core-03;access-18,0.0,0,11,10,core-03;aggregation-05,core-03;access-18,0.5,1.0,0.0,1.0,6,6,1.0,1.0
nested-06,nested,core-03;access-18,0.0,0,12,10,core-03;aggregation-05,core-03;access-18,0.5,1.0,0.0,1.0,6,6,1.0,1.0
nested-06,nested,core-03;access-18,0.0,0,13,10,core-03;aggregation-05,core-03;access-18,0.5,1.0,0.0,1.0,6,6,1.0,1.0
nested-06,nested,core-03;access-18,0.0,0,14,10,core-03;aggregation-05,core-03;access-18,0.5,1.0,0.0,1.0,6,6,1.0,1.0
nested-06,nested,core-03;access-18,0.0,0,15,10,core-03;aggregation-05,core-03;access-18,0.5,1.0,0.0,1.0,6,6,1.0,1.0
nested-06,nested,core-03;access-18,0.0,0,16,10,core-03;aggregation-05,core-03;access-18,0.5,1.0,0.0,1.0,6,6,1.0,1.0
nested-06,nested,core-03;access-18,0.0,0,17,10,core-03;aggregation-05,core-03;access-18,0.5,1.0,0.0,1.0,6,6,1.0,1.0
nested-06,nested,core-03;access-18,0.0,0,18,10,core-03;aggregation-05,core-03;access-18,0.5,1.0,0.0,1.0,6,6,1.0,1.0
nested-06,nested,core-03;access-18,0.0,0,19,10,core-03;aggregation-05,core-03;access-18,0.5,1.0,0.0,1.0,6,6,1.0,1.0
nested-06,nested,core-03;access-18,0.0,2,0,12,core-03;aggregation-05,core-03;access-01,0.5,0.5,0.0,0.0,6,7,1.0,0.8571428571428571
nested-06,nested,core-03;access-18,0.0,2,1,12,core-03;aggregation-05,core-03;access-18,0.5,1.0,0.0,1.0,6,6,1.0,1.0
nested-06,nested,core-03;access-18,0.0,2,2,12,core-03;aggregation-05,core-03;access-01,0.5,0.5,0.0,0.0,6,7,1.0,0.8571428571428571
nested-06,nested,core-03;access-18,0.0,2,3,12,core-03;aggregation-05,core-03;access-18,0.5,1.0,0.0,1.0,6,6,1.0,1.0
nested-06,nested,core-03;access-18,0.0,2,4,12,core-03;aggregation-05,core-03;access-18,0.5,1.0,0.0,1.0,6,6,1.0,1.0
nested-06,nested,core-03;access-18,0.0,2,5,12,core-03;aggregation-05,core-03;access-09,0.5,0.5,0.0,0.0,6,7,1.0,0.8571428571428571
nested-06,nested,core-03;access-18,0.0,2,6,12,core-03;aggregation-05,core-03;core-02,0.5,0.5,0.0,0.0,6,12,1.0,0.5
nested-06,nested,core-03;access-18,0.0,2,7,12,core-03;aggregation-05,core-03;core-02,0.5,0.5,0.0,0.0,6,12,1.0,0.5
nested-06,nested,core-03;access-18,0.0,2,8,12,core-03;aggregation-05,core-03;access-18,0.5,1.0,0.0,1.0,6,6,1.0,1.0
nested-06,nested,core-03;access-18,0.0,2,9,12,core-03;aggregation-05,core-03;access-18,0.5,1.0,0.0,1.0,6,6,1.0,1.0
nested-06,nested,core-03;access-18,0.0,2,10,12,core-03;aggregation-05,core-03;access-03,0.5,0.5,0.0,0.0,6,7,1.0,0.8571428571428571
nested-06,nested,core-03;access-18,0.0,2,11,12,core-03;aggregation-05,core-03;access-03,0.5,0.5,0.0,0.0,6,7,1.0,0.8571428571428571
nested-06,nested,core-03;access-18,0.0,2,12,12,core-03;aggregation-05,core-03;access-05,0.5,0.5,0.0,0.0,6,7,1.0,0.8571428571428571
nested-06,nested,core-03;access-18,0.0,2,13,12,core-03;aggregation-05,core-03;access-10,0.5,0.5,0.0,0.0,6,7,1.0,0.8571428571428571
nested-06,nested,core-03;access-18,0.0,2,14,12,core-03;aggregation-05,core-03;access-04,0.5,0.5,0.0,0.0,6,7,1.0,0.8571428571428571
nested-06,nested,core-03;access-18,0.0,2,15,12,core-03;aggregation-05,core-03;access-18,0.5,1.0,0.0,1.0,6,6,1.0,1.0
nested-06,nested,core-03;access-18,0.0,2,16,12,core-03;aggregation-05,core-03;access-04,0.5,0.5,0.0,0.0,6,7,1.0,0.8571428571428571
nested-06,nested,core-03;access-18,0.0,2,17,12,core-03;aggregation-05,core-03;access-11,0.5,0.5,0.0,0.0,6,7,1.0,0.8571428571428571
nested-06,nested,core-03;access-18,0.0,2,18,12,core-03;aggregation-05,core-03;access-18,0.5,1.0,0.0,1.0,6,6,1.0,1.0
nested-06,nested,core-03;access-18,0.0,2,19,12,core-03;aggregation-05,core-03;access-04,0.5,0.5,0.0,0.0,6,7,1.0,0.8571428571428571
nested-06,nested,core-03;access-18,0.0,4,0,14,core-03;aggregation-05,core-03;access-01,0.5,0.5,0.0,0.0,6,7,1.0,0.8571428571428571
nested-06,nested,core-03;access-18,0.0,4,1,14,core-03;aggregation-05,core-03;access-11,0.5,0.5,0.0,0.0,6,7,1.0,0.8571428571428571
nested-06,nested,core-03;access-18,0.0,4,2,14,core-03;aggregation-05,core-03;access-09,0.5,0.5,0.0,0.0,6,7,1.0,0.8571428571428571
nested-06,nested,core-03;access-18,0.0,4,3,14,core-03;aggregation-05,core-03;access-01,0.5,0.5,0.0,0.0,6,7,1.0,0.8571428571428571
nested-06,nested,core-03;access-18,0.0,4,4,14,core-03;aggregation-05,core-03;access-18,0.5,1.0,0.0,1.0,6,6,1.0,1.0
nested-06,nested,core-03;access-18,0.0,4,5,14,core-03;aggregation-05,core-03;access-01,0.5,0.5,0.0,0.0,6,7,1.0,0.8571428571428571
nested-06,nested,core-03;access-18,0.0,4,6,14,core-03;aggregation-05,core-03;aggregation-03,0.5,0.5,0.0,0.0,6,9,1.0,0.6666666666666666
nested-06,nested,core-03;access-18,0.0,4,7,14,core-03;aggregation-05,core-03;access-04,0.5,0.5,0.0,0.0,6,7,1.0,0.8571428571428571
nested-06,nested,core-03;access-18,0.0,4,8,14,core-03;aggregation-05,core-03;access-08,0.5,0.5,0.0,0.0,6,7,1.0,0.8571428571428571
nested-06,nested,core-03;access-18,0.0,4,9,14,core-03;aggregation-05,core-03;access-06,0.5,0.5,0.0,0.0,6,7,1.0,0.8571428571428571
nested-06,nested,core-03;access-18,0.0,4,10,14,core-03;aggregation-05,core-03;access-06,0.5,0.5,0.0,0.0,6,7,1.0,0.8571428571428571
nested-06,nested,core-03;access-18,0.0,4,11,14,core-03;aggregation-05,core-03;access-02,0.5,0.5,0.0,0.0,6,7,1.0,0.8571428571428571
nested-06,nested,core-03;access-18,0.0,4,12,14,core-03;aggregation-05,core-03;access-18,0.5,1.0,0.0,1.0,6,6,1.0,1.0
nested-06,nested,core-03;access-18,0.0,4,13,14,core-03;aggregation-05,core-03;access-01,0.5,0.5,0.0,0.0,6,7,1.0,0.8571428571428571
nested-06,nested,core-03;access-18,0.0,4,14,14,core-03;aggregation-05,core-03;core-02,0.5,0.5,0.0,0.0,6,12,1.0,0.5
nested-06,nested,core-03;access-18,0.0,4,15,14,core-03;aggregation-05,core-03;access-10,0.5,0.5,0.0,0.0,6,7,1.0,0.8571428571428571
nested-06,nested,core-03;access-18,0.0,4,16,14,core-03;aggregation-05,core-03;access-18,0.5,1.0,0.0,1.0,6,6,1.0,1.0
nested-06,nested,core-03;access-18,0.0,4,17,14,core-03;aggregation-05,core-03;access-05,0.5,0.5,0.0,0.0,6,7,1.0,0.8571428571428571
nested-06,nested,core-03;access-18,0.0,4,18,14,core-03;aggregation-05,core-03;access-18,0.5,1.0,0.0,1.0,6,6,1.0,1.0
nested-06,nested,core-03;access-18,0.0,4,19,14,core-03;aggregation-05,core-03;core-01,0.5,0.5,0.0,0.0,6,12,1.0,0.5
nested-06,nested,core-03;access-18,0.2,0,0,9,core-03;aggregation-05,core-03;access-18,0.5,1.0,0.0,1.0,6,6,1.0,1.0
nested-06,nested,core-03;access-18,0.2,0,1,7,core-03;aggregation-05,core-03;aggregation-05,0.5,0.5,0.0,0.0,6,6,1.0,1.0
nested-06,nested,core-03;access-18,0.2,0,2,6,core-03;aggregation-06,core-03;aggregation-06,0.5,0.5,0.0,0.0,6,6,1.0,1.0
nested-06,nested,core-03;access-18,0.2,0,3,9,core-03;aggregation-05,core-03;access-18,0.5,1.0,0.0,1.0,6,6,1.0,1.0
nested-06,nested,core-03;access-18,0.2,0,4,7,core-03;aggregation-05,core-03;access-18,0.5,1.0,0.0,1.0,6,6,1.0,1.0
nested-06,nested,core-03;access-18,0.2,0,5,9,core-03;aggregation-06,core-03;access-18,0.5,1.0,0.0,1.0,6,6,1.0,1.0
nested-06,nested,core-03;access-18,0.2,0,6,9,core-03;aggregation-05,core-03;access-18,0.5,1.0,0.0,1.0,6,6,1.0,1.0
nested-06,nested,core-03;access-18,0.2,0,7,7,core-03;aggregation-06,core-03;access-18,0.5,1.0,0.0,1.0,6,6,1.0,1.0
nested-06,nested,core-03;access-18,0.2,0,8,6,core-03;aggregation-06,core-03;access-18,0.5,1.0,0.0,1.0,6,6,1.0,1.0
nested-06,nested,core-03;access-18,0.2,0,9,8,core-03;aggregation-05,core-03;access-18,0.5,1.0,0.0,1.0,6,6,1.0,1.0
nested-06,nested,core-03;access-18,0.2,0,10,7,core-03;aggregation-05,core-03;aggregation-05,0.5,0.5,0.0,0.0,6,6,1.0,1.0
nested-06,nested,core-03;access-18,0.2,0,11,7,core-03;aggregation-05,core-03;access-18,0.5,1.0,0.0,1.0,6,6,1.0,1.0
nested-06,nested,core-03;access-18,0.2,0,12,9,core-03;aggregation-05,core-03;access-18,0.5,1.0,0.0,1.0,6,6,1.0,1.0
nested-06,nested,core-03;access-18,0.2,0,13,9,core-03;aggregation-05,core-03;access-18,0.5,1.0,0.0,1.0,6,6,1.0,1.0
nested-06,nested,core-03;access-18,0.2,0,14,7,core-03;aggregation-06,core-03;access-18,0.5,1.0,0.0,1.0,6,6,1.0,1.0
nested-06,nested,core-03;access-18,0.2,0,15,6,core-03;aggregation-05,core-03;aggregation-05,0.5,0.5,0.0,0.0,6,6,1.0,1.0
nested-06,nested,core-03;access-18,0.2,0,16,5,aggregation-05;core-03,core-03;access-18,0.5,1.0,0.0,1.0,6,6,1.0,1.0
nested-06,nested,core-03;access-18,0.2,0,17,7,core-03;aggregation-05,core-03;access-18,0.5,1.0,0.0,1.0,6,6,1.0,1.0
nested-06,nested,core-03;access-18,0.2,0,18,8,core-03;aggregation-06,core-03;access-18,0.5,1.0,0.0,1.0,6,6,1.0,1.0
nested-06,nested,core-03;access-18,0.2,0,19,8,core-03;aggregation-05,core-03;access-18,0.5,1.0,0.0,1.0,6,6,1.0,1.0
nested-06,nested,core-03;access-18,0.2,2,0,8,core-03;aggregation-06,core-03;aggregation-01,0.5,0.5,0.0,0.0,6,9,1.0,0.6666666666666666
nested-06,nested,core-03;access-18,0.2,2,1,7,aggregation-06;core-03,aggregation-06;access-01,0.5,0.0,0.0,0.0,6,4,0.5,0.42857142857142855
nested-06,nested,core-03;access-18,0.2,2,2,12,core-03;aggregation-05,core-03;access-18,0.5,1.0,0.0,1.0,6,6,1.0,1.0
nested-06,nested,core-03;access-18,0.2,2,3,10,core-03;aggregation-05,core-03;aggregation-04,0.5,0.5,0.0,0.0,6,9,1.0,0.6666666666666666
nested-06,nested,core-03;access-18,0.2,2,4,10,core-03;aggregation-05,core-03;access-18,0.5,1.0,0.0,1.0,6,6,1.0,1.0
nested-06,nested,core-03;access-18,0.2,2,5,11,core-03;aggregation-05,core-03;access-11,0.5,0.5,0.0,0.0,6,7,1.0,0.8571428571428571
nested-06,nested,core-03;access-18,0.2,2,6,11,aggregation-05;core-03,core-03;access-08,0.5,0.5,0.0,0.0,6,7,1.0,0.8571428571428571
nested-06,nested,core-03;access-18,0.2,2,7,10,core-03;aggregation-05,core-03;aggregation-03,0.5,0.5,0.0,0.0,6,9,1.0,0.6666666666666666
nested-06,nested,core-03;access-18,0.2,2,8,11,core-03;aggregation-06,core-03;access-18,0.5,1.0,0.0,1.0,6,6,1.0,1.0
nested-06,nested,core-03;access-18,0.2,2,9,11,core-03;aggregation-05,core-03;access-18,0.5,1.0,0.0,1.0,6,6,1.0,1.0
nested-06,nested,core-03;access-18,0.2,2,10,11,core-03;aggregation-05,core-03;access-10,0.5,0.5,0.0,0.0,6,7,1.0,0.8571428571428571
nested-06,nested,core-03;access-18,0.2,2,11,12,core-03;aggregation-05,core-03;access-07,0.5,0.5,0.0,0.0,6,7,1.0,0.8571428571428571
nested-06,nested,core-03;access-18,0.2,2,12,9,core-03;aggregation-05,core-03;aggregation-04,0.5,0.5,0.0,0.0,6,9,1.0,0.6666666666666666
nested-06,nested,core-03;access-18,0.2,2,13,10,core-03;aggregation-05,core-03;access-18,0.5,1.0,0.0,1.0,6,6,1.0,1.0
nested-06,nested,core-03;access-18,0.2,2,14,11,core-03;aggregation-06,core-03;core-02,0.5,0.5,0.0,0.0,6,12,1.0,0.5
nested-06,nested,core-03;access-18,0.2,2,15,9,core-03;aggregation-05,core-03;access-07,0.5,0.5,0.0,0.0,6,7,1.0,0.8571428571428571
nested-06,nested,core-03;access-18,0.2,2,16,11,core-03;aggregation-05,core-03;aggregation-03,0.5,0.5,0.0,0.0,6,9,1.0,0.6666666666666666
nested-06,nested,core-03;access-18,0.2,2,17,11,core-03;aggregation-06,core-03;access-07,0.5,0.5,0.0,0.0,6,7,1.0,0.8571428571428571
nested-06,nested,core-03;access-18,0.2,2,18,10,core-03;aggregation-05,core-03;core-02,0.5,0.5,0.0,0.0,6,12,1.0,0.5
nested-06,nested,core-03;access-18,0.2,2,19,8,core-03;aggregation-05,core-03;access-18,0.5,1.0,0.0,1.0,6,6,1.0,1.0
nested-06,nested,core-03;access-18,0.2,4,0,12,core-03;aggregation-05,core-03;aggregation-01,0.5,0.5,0.0,0.0,6,9,1.0,0.6666666666666666
nested-06,nested,core-03;access-18,0.2,4,1,12,core-03;aggregation-05,core-03;aggregation-02,0.5,0.5,0.0,0.0,6,9,1.0,0.6666666666666666
nested-06,nested,core-03;access-18,0.2,4,2,13,core-03;aggregation-05,core-03;access-07,0.5,0.5,0.0,0.0,6,7,1.0,0.8571428571428571
nested-06,nested,core-03;access-18,0.2,4,3,11,aggregation-05;core-03,core-03;access-01,0.5,0.5,0.0,0.0,6,7,1.0,0.8571428571428571
nested-06,nested,core-03;access-18,0.2,4,4,13,core-03;aggregation-05,core-03;access-04,0.5,0.5,0.0,0.0,6,7,1.0,0.8571428571428571
nested-06,nested,core-03;access-18,0.2,4,5,12,aggregation-05;core-03,core-03;access-08,0.5,0.5,0.0,0.0,6,7,1.0,0.8571428571428571
nested-06,nested,core-03;access-18,0.2,4,6,12,aggregation-05;core-03,core-03;access-01,0.5,0.5,0.0,0.0,6,7,1.0,0.8571428571428571
nested-06,nested,core-03;access-18,0.2,4,7,13,core-03;aggregation-05,core-03;access-09,0.5,0.5,0.0,0.0,6,7,1.0,0.8571428571428571
nested-06,nested,core-03;access-18,0.2,4,8,10,aggregation-05;core-03,core-03;access-06,0.5,0.5,0.0,0.0,6,7,1.0,0.8571428571428571
nested-06,nested,core-03;access-18,0.2,4,9,12,core-03;aggregation-06,core-03;core-02,0.5,0.5,0.0,0.0,6,12,1.0,0.5
nested-06,nested,core-03;access-18,0.2,4,10,13,core-03;aggregation-05,core-03;access-02,0.5,0.5,0.0,0.0,6,7,1.0,0.8571428571428571
nested-06,nested,core-03;access-18,0.2,4,11,12,core-03;aggregation-05,core-03;access-11,0.5,0.5,0.0,0.0,6,7,1.0,0.8571428571428571
nested-06,nested,core-03;access-18,0.2,4,12,11,core-03;aggregation-06,core-03;core-01,0.5,0.5,0.0,0.0,6,12,1.0,0.5
nested-06,nested,core-03;access-18,0.2,4,13,11,core-03;aggregation-05,core-03;core-02,0.5,0.5,0.0,0.0,6,12,1.0,0.5
nested-06,nested,core-03;access-18,0.2,4,14,11,core-03;aggregation-05,core-03;access-06,0.5,0.5,0.0,0.0,6,7,1.0,0.8571428571428571
nested-06,nested,core-03;access-18,0.2,4,15,14,core-03;aggregation-05,core-03;access-18,0.5,1.0,0.0,1.0,6,6,1.0,1.0
nested-06,nested,core-03;access-18,0.2,4,16,10,aggregation-05;core-03,core-03;access-03,0.5,0.5,0.0,0.0,6,7,1.0,0.8571428571428571
nested-06,nested,core-03;access-18,0.2,4,17,9,core-03;aggregation-04,core-03;aggregation-04,0.5,0.5,0.0,0.0,6,9,1.0,0.6666666666666666
nested-06,nested,core-03;access-18,0.2,4,18,10,core-03;aggregation-06,core-03;access-18,0.5,1.0,0.0,1.0,6,6,1.0,1.0
nested-06,nested,core-03;access-18,0.2,4,19,12,core-03;aggregation-05,core-03;access-01,0.5,0.5,0.0,0.0,6,7,1.0,0.8571428571428571
nested-06,nested,core-03;access-18,0.4,0,0,6,core-03;access-13,core-03;access-18,0.5,1.0,0.0,1.0,6,6,1.0,1.0
nested-06,nested,core-03;access-18,0.4,0,1,4,core-03;aggregation-05,core-03;access-18,0.5,1.0,0.0,1.0,6,6,1.0,1.0
nested-06,nested,core-03;access-18,0.4,0,2,6,core-03;aggregation-05,core-03;aggregation-05,0.5,0.5,0.0,0.0,6,6,1.0,1.0
nested-06,nested,core-03;access-18,0.4,0,3,7,core-03;aggregation-06,core-03;access-18,0.5,1.0,0.0,1.0,6,6,1.0,1.0
nested-06,nested,core-03;access-18,0.4,0,4,6,core-03;aggregation-06,core-03;aggregation-06,0.5,0.5,0.0,0.0,6,6,1.0,1.0
nested-06,nested,core-03;access-18,0.4,0,5,5,core-03;aggregation-05,core-03;access-18,0.5,1.0,0.0,1.0,6,6,1.0,1.0
nested-06,nested,core-03;access-18,0.4,0,6,8,core-03;aggregation-06,core-03;access-18,0.5,1.0,0.0,1.0,6,6,1.0,1.0
nested-06,nested,core-03;access-18,0.4,0,7,7,core-03;aggregation-05,core-03;access-18,0.5,1.0,0.0,1.0,6,6,1.0,1.0
nested-06,nested,core-03;access-18,0.4,0,8,6,core-03;aggregation-06,core-03;access-18,0.5,1.0,0.0,1.0,6,6,1.0,1.0
nested-06,nested,core-03;access-18,0.4,0,9,6,core-03;aggregation-05,core-03;access-18,0.5,1.0,0.0,1.0,6,6,1.0,1.0
nested-06,nested,core-03;access-18,0.4,0,10,4,core-03;aggregation-06,core-03;aggregation-06,0.5,0.5,0.0,0.0,6,6,1.0,1.0
nested-06,nested,core-03;access-18,0.4,0,11,6,core-03;aggregation-05,core-03;access-18,0.5,1.0,0.0,1.0,6,6,1.0,1.0
nested-06,nested,core-03;access-18,0.4,0,12,6,core-03;aggregation-05,core-03;access-18,0.5,1.0,0.0,1.0,6,6,1.0,1.0
nested-06,nested,core-03;access-18,0.4,0,13,5,core-03;aggregation-06,core-03;aggregation-06,0.5,0.5,0.0,0.0,6,6,1.0,1.0
nested-06,nested,core-03;access-18,0.4,0,14,7,core-03;aggregation-06,core-03;aggregation-06,0.5,0.5,0.0,0.0,6,6,1.0,1.0
nested-06,nested,core-03;access-18,0.4,0,15,8,core-03;aggregation-05,core-03;access-18,0.5,1.0,0.0,1.0,6,6,1.0,1.0
nested-06,nested,core-03;access-18,0.4,0,16,5,core-03;aggregation-05,core-03;access-18,0.5,1.0,0.0,1.0,6,6,1.0,1.0
nested-06,nested,core-03;access-18,0.4,0,17,4,core-03;aggregation-05,core-03;access-18,0.5,1.0,0.0,1.0,6,6,1.0,1.0
nested-06,nested,core-03;access-18,0.4,0,18,6,core-03;aggregation-06,core-03;access-18,0.5,1.0,0.0,1.0,6,6,1.0,1.0
nested-06,nested,core-03;access-18,0.4,0,19,7,core-03;aggregation-06,core-03;access-18,0.5,1.0,0.0,1.0,6,6,1.0,1.0
nested-06,nested,core-03;access-18,0.4,2,0,6,core-03;access-02,core-03;access-06,0.5,0.5,0.0,0.0,6,7,1.0,0.8571428571428571
nested-06,nested,core-03;access-18,0.4,2,1,7,core-03;aggregation-05,core-03;aggregation-01,0.5,0.5,0.0,0.0,6,9,1.0,0.6666666666666666
nested-06,nested,core-03;access-18,0.4,2,2,10,core-03;aggregation-05,core-03;access-18,0.5,1.0,0.0,1.0,6,6,1.0,1.0
nested-06,nested,core-03;access-18,0.4,2,3,4,aggregation-05;access-06,aggregation-05;access-06,0.0,0.0,0.0,0.0,6,4,0.5,0.42857142857142855
nested-06,nested,core-03;access-18,0.4,2,4,7,core-03;aggregation-05,core-03;aggregation-05,0.5,0.5,0.0,0.0,6,6,1.0,1.0
nested-06,nested,core-03;access-18,0.4,2,5,7,core-03;aggregation-05,core-03;access-02,0.5,0.5,0.0,0.0,6,7,1.0,0.8571428571428571
nested-06,nested,core-03;access-18,0.4,2,6,7,aggregation-05;core-03,core-03;access-05,0.5,0.5,0.0,0.0,6,7,1.0,0.8571428571428571
nested-06,nested,core-03;access-18,0.4,2,7,9,core-03;aggregation-06,core-03;access-02,0.5,0.5,0.0,0.0,6,7,1.0,0.8571428571428571
nested-06,nested,core-03;access-18,0.4,2,8,8,aggregation-05;core-03,core-03;access-11,0.5,0.5,0.0,0.0,6,7,1.0,0.8571428571428571
nested-06,nested,core-03;access-18,0.4,2,9,6,aggregation-05;core-03,core-03;access-05,0.5,0.5,0.0,0.0,6,7,1.0,0.8571428571428571
nested-06,nested,core-03;access-18,0.4,2,10,5,aggregation-04;access-11,aggregation-04;core-03,0.0,0.5,0.0,0.0,6,9,1.0,0.6666666666666666
nested-06,nested,core-03;access-18,0.4,2,11,5,core-03;access-07,core-03;access-07,0.5,0.5,0.0,0.0,6,7,1.0,0.8571428571428571
nested-06,nested,core-03;access-18,0.4,2,12,8,core-03;aggregation-06,core-03;aggregation-06,0.5,0.5,0.0,0.0,6,6,1.0,1.0
nested-06,nested,core-03;access-18,0.4,2,13,9,core-03;aggregation-06,core-03;aggregation-03,0.5,0.5,0.0,0.0,6,9,1.0,0.6666666666666666
nested-06,nested,core-03;access-18,0.4,2,14,10,aggregation-05;core-03,core-03;access-06,0.5,0.5,0.0,0.0,6,7,1.0,0.8571428571428571
nested-06,nested,core-03;access-18,0.4,2,15,6,core-03;access-16,core-03;core-01,0.5,0.5,0.0,0.0,6,12,1.0,0.5
nested-06,nested,core-03;access-18,0.4,2,16,7,core-03;aggregation-06,core-03;aggregation-06,0.5,0.5,0.0,0.0,6,6,1.0,1.0
nested-06,nested,core-03;access-18,0.4,2,17,10,core-03;aggregation-05,core-03;access-11,0.5,0.5,0.0,0.0,6,7,1.0,0.8571428571428571
nested-06,nested,core-03;access-18,0.4,2,18,8,core-03;aggregation-06,core-03;access-07,0.5,0.5,0.0,0.0,6,7,1.0,0.8571428571428571
nested-06,nested,core-03;access-18,0.4,2,19,8,core-03;aggregation-06,core-03;core-02,0.5,0.5,0.0,0.0,6,12,1.0,0.5
nested-06,nested,core-03;access-18,0.4,4,0,10,core-03;aggregation-05,core-03;access-04,0.5,0.5,0.0,0.0,6,7,1.0,0.8571428571428571
nested-06,nested,core-03;access-18,0.4,4,1,12,core-03;aggregation-06,core-03;access-04,0.5,0.5,0.0,0.0,6,7,1.0,0.8571428571428571
nested-06,nested,core-03;access-18,0.4,4,2,7,core-03;access-01,core-03;access-01,0.5,0.5,0.0,0.0,6,7,1.0,0.8571428571428571
nested-06,nested,core-03;access-18,0.4,4,3,9,core-03;aggregation-06,core-03;aggregation-01,0.5,0.5,0.0,0.0,6,9,1.0,0.6666666666666666
nested-06,nested,core-03;access-18,0.4,4,4,10,core-03;aggregation-05,core-03;core-01,0.5,0.5,0.0,0.0,6,12,1.0,0.5
nested-06,nested,core-03;access-18,0.4,4,5,12,core-03;aggregation-05,core-03;core-02,0.5,0.5,0.0,0.0,6,12,1.0,0.5
nested-06,nested,core-03;access-18,0.4,4,6,6,access-02;access-07,core-03;access-02,0.0,0.5,0.0,0.0,6,7,1.0,0.8571428571428571
nested-06,nested,core-03;access-18,0.4,4,7,12,aggregation-05;core-03,core-03;access-18,0.5,1.0,0.0,1.0,6,6,1.0,1.0
nested-06,nested,core-03;access-18,0.4,4,8,9,core-03;aggregation-05,core-03;access-02,0.5,0.5,0.0,0.0,6,7,1.0,0.8571428571428571
nested-06,nested,core-03;access-18,0.4,4,9,11,aggregation-05;core-03,core-03;access-02,0.5,0.5,0.0,0.0,6,7,1.0,0.8571428571428571
nested-06,nested,core-03;access-18,0.4,4,10,9,access-02;access-10,core-03;access-12,0.0,0.5,0.0,0.0,6,7,1.0,0.8571428571428571
nested-06,nested,core-03;access-18,0.4,4,11,10,core-03;aggregation-06,core-03;access-12,0.5,0.5,0.0,0.0,6,7,1.0,0.8571428571428571
nested-06,nested,core-03;access-18,0.4,4,12,7,access-04;access-15,core-03;access-04,0.0,0.5,0.0,0.0,6,7,1.0,0.8571428571428571
nested-06,nested,core-03;access-18,0.4,4,13,7,aggregation-06;core-03,aggregation-06;access-11,0.5,0.0,0.0,0.0,6,4,0.5,0.42857142857142855
nested-06,nested,core-03;access-18,0.4,4,14,10,aggregation-05;core-03,core-03;access-02,0.5,0.5,0.0,0.0,6,7,1.0,0.8571428571428571
nested-06,nested,core-03;access-18,0.4,4,15,11,aggregation-05;core-03,core-03;access-10,0.5,0.5,0.0,0.0,6,7,1.0,0.8571428571428571
nested-06,nested,core-03;access-18,0.4,4,16,11,core-03;access-01,core-03;access-18,0.5,1.0,0.0,1.0,6,6,1.0,1.0
nested-06,nested,core-03;access-18,0.4,4,17,11,core-03;aggregation-05,core-03;access-09,0.5,0.5,0.0,0.0,6,7,1.0,0.8571428571428571
nested-06,nested,core-03;access-18,0.4,4,18,12,core-03;aggregation-05,core-03;access-05,0.5,0.5,0.0,0.0,6,7,1.0,0.8571428571428571
nested-06,nested,core-03;access-18,0.4,4,19,9,access-01;access-02,core-03;access-01,0.0,0.5,0.0,0.0,6,7,1.0,0.8571428571428571
