root_role,root_cause,missing_rate,false_alarm_count,trial,observed_alarm_count,topology_rank,temporal_rank
core,core-01,0.0,0,0,9,1,1
core,core-01,0.0,0,1,9,1,1
core,core-01,0.0,0,2,9,1,1
core,core-01,0.0,0,3,9,1,1
core,core-01,0.0,0,4,9,1,1
core,core-01,0.0,0,5,9,1,1
core,core-01,0.0,0,6,9,1,1
core,core-01,0.0,0,7,9,1,1
core,core-01,0.0,0,8,9,1,1
core,core-01,0.0,0,9,9,1,1
core,core-01,0.0,0,10,9,1,1
core,core-01,0.0,0,11,9,1,1
core,core-01,0.0,0,12,9,1,1
core,core-01,0.0,0,13,9,1,1
core,core-01,0.0,0,14,9,1,1
core,core-01,0.0,0,15,9,1,1
core,core-01,0.0,0,16,9,1,1
core,core-01,0.0,0,17,9,1,1
core,core-01,0.0,0,18,9,1,1
core,core-01,0.0,0,19,9,1,1
core,core-01,0.0,2,0,11,1,1
core,core-01,0.0,2,1,11,1,1
core,core-01,0.0,2,2,11,1,1
core,core-01,0.0,2,3,11,1,1
core,core-01,0.0,2,4,11,1,1
core,core-01,0.0,2,5,11,1,1
core,core-01,0.0,2,6,11,1,1
core,core-01,0.0,2,7,11,1,1
core,core-01,0.0,2,8,11,1,1
core,core-01,0.0,2,9,11,1,1
core,core-01,0.0,2,10,11,1,1
core,core-01,0.0,2,11,11,1,1
core,core-01,0.0,2,12,11,1,1
core,core-01,0.0,2,13,11,1,1
core,core-01,0.0,2,14,11,1,1
core,core-01,0.0,2,15,11,1,1
core,core-01,0.0,2,16,11,1,1
core,core-01,0.0,2,17,11,1,1
core,core-01,0.0,2,18,11,1,1
core,core-01,0.0,2,19,11,1,1
core,core-01,0.0,4,0,13,1,1
core,core-01,0.0,4,1,13,1,1
core,core-01,0.0,4,2,13,1,1
core,core-01,0.0,4,3,13,1,1
core,core-01,0.0,4,4,13,1,1
core,core-01,0.0,4,5,13,1,1
core,core-01,0.0,4,6,13,1,1
core,core-01,0.0,4,7,13,1,1
core,core-01,0.0,4,8,13,1,1
core,core-01,0.0,4,9,13,1,1
core,core-01,0.0,4,10,13,1,1
core,core-01,0.0,4,11,13,1,1
core,core-01,0.0,4,12,13,1,1
core,core-01,0.0,4,13,13,1,1
core,core-01,0.0,4,14,13,1,1
core,core-01,0.0,4,15,13,1,1
core,core-01,0.0,4,16,13,1,1
core,core-01,0.0,4,17,13,1,1
core,core-01,0.0,4,18,13,1,1
core,core-01,0.0,4,19,13,1,1
core,core-01,0.2,0,0,7,1,1
core,core-01,0.2,0,1,9,1,1
core,core-01,0.2,0,2,7,1,1
core,core-01,0.2,0,3,8,1,1
core,core-01,0.2,0,4,7,1,1
core,core-01,0.2,0,5,7,1,1
core,core-01,0.2,0,6,7,1,1
core,core-01,0.2,0,7,9,1,1
core,core-01,0.2,0,8,7,1,1
core,core-01,0.2,0,9,9,1,1
core,core-01,0.2,0,10,6,1,1
core,core-01,0.2,0,11,6,1,1
core,core-01,0.2,0,12,8,1,1
core,core-01,0.2,0,13,7,1,1
core,core-01,0.2,0,14,7,1,1
core,core-01,0.2,0,15,7,1,1
core,core-01,0.2,0,16,8,1,1
core,core-01,0.2,0,17,8,1,1
core,core-01,0.2,0,18,8,1,1
core,core-01,0.2,0,19,8,1,1
core,core-01,0.2,2,0,10,1,1
core,core-01,0.2,2,1,7,1,1
core,core-01,0.2,2,2,10,1,1
core,core-01,0.2,2,3,10,1,1
core,core-01,0.2,2,4,10,1,1
core,core-01,0.2,2,5,8,1,1
core,core-01,0.2,2,6,8,1,1
core,core-01,0.2,2,7,10,1,1
core,core-01,0.2,2,8,10,1,1
core,core-01,0.2,2,9,10,1,1
core,core-01,0.2,2,10,9,1,1
core,core-01,0.2,2,11,9,1,1
core,core-01,0.2,2,12,8,1,1
core,core-01,0.2,2,13,11,1,1
core,core-01,0.2,2,14,9,1,1
core,core-01,0.2,2,15,9,1,1
core,core-01,0.2,2,16,8,1,1
core,core-01,0.2,2,17,8,1,1
core,core-01,0.2,2,18,10,1,1
core,core-01,0.2,2,19,7,1,1
core,core-01,0.2,4,0,11,1,1
core,core-01,0.2,4,1,12,1,1
core,core-01,0.2,4,2,11,1,1
core,core-01,0.2,4,3,8,2,1
core,core-01,0.2,4,4,10,1,1
core,core-01,0.2,4,5,12,1,1
core,core-01,0.2,4,6,11,1,1
core,core-01,0.2,4,7,11,1,1
core,core-01,0.2,4,8,11,1,1
core,core-01,0.2,4,9,13,1,1
core,core-01,0.2,4,10,11,1,1
core,core-01,0.2,4,11,13,1,1
core,core-01,0.2,4,12,13,1,1
core,core-01,0.2,4,13,8,2,2
core,core-01,0.2,4,14,11,1,1
core,core-01,0.2,4,15,12,1,1
core,core-01,0.2,4,16,12,1,1
core,core-01,0.2,4,17,13,1,1
core,core-01,0.2,4,18,10,1,1
core,core-01,0.2,4,19,11,1,1
core,core-01,0.4,0,0,6,1,1
core,core-01,0.4,0,1,7,1,1
core,core-01,0.4,0,2,8,1,1
core,core-01,0.4,0,3,5,1,1
core,core-01,0.4,0,4,7,1,1
core,core-01,0.4,0,5,6,1,1
core,core-01,0.4,0,6,6,1,1
core,core-01,0.4,0,7,5,1,1
core,core-01,0.4,0,8,6,1,1
core,core-01,0.4,0,9,6,1,1
core,core-01,0.4,0,10,4,1,1
core,core-01,0.4,0,11,5,1,1
core,core-01,0.4,0,12,8,1,1
core,core-01,0.4,0,13,5,1,1
core,core-01,0.4,0,14,8,1,1
core,core-01,0.4,0,15,8,1,1
core,core-01,0.4,0,16,5,1,1
core,core-01,0.4,0,17,5,1,1
core,core-01,0.4,0,18,5,1,1
core,core-01,0.4,0,19,4,1,1
core,core-01,0.4,2,0,9,1,1
core,core-01,0.4,2,1,11,1,1
core,core-01,0.4,2,2,10,1,1
core,core-01,0.4,2,3,9,1,1
core,core-01,0.4,2,4,5,1,1
core,core-01,0.4,2,5,8,1,1
core,core-01,0.4,2,6,7,1,1
core,core-01,0.4,2,7,6,1,1
core,core-01,0.4,2,8,7,1,1
core,core-01,0.4,2,9,7,1,1
core,core-01,0.4,2,10,7,1,1
core,core-01,0.4,2,11,9,1,1
core,core-01,0.4,2,12,8,1,1
core,core-01,0.4,2,13,7,1,1
core,core-01,0.4,2,14,4,3,1
core,core-01,0.4,2,15,5,2,2
core,core-01,0.4,2,16,7,1,1
core,core-01,0.4,2,17,6,1,1
core,core-01,0.4,2,18,6,2,2
core,core-01,0.4,2,19,11,1,1
core,core-01,0.4,4,0,9,1,1
core,core-01,0.4,4,1,9,1,1
core,core-01,0.4,4,2,9,1,1
core,core-01,0.4,4,3,9,1,1
core,core-01,0.4,4,4,11,1,1
core,core-01,0.4,4,5,7,8,1
core,core-01,0.4,4,6,9,1,1
core,core-01,0.4,4,7,10,1,1
core,core-01,0.4,4,8,8,2,2
core,core-01,0.4,4,9,9,1,1
core,core-01,0.4,4,10,9,1,1
core,core-01,0.4,4,11,10,1,1
core,core-01,0.4,4,12,9,1,1
core,core-01,0.4,4,13,7,1,1
core,core-01,0.4,4,14,9,1,1
core,core-01,0.4,4,15,9,1,1
core,core-01,0.4,4,16,12,1,1
core,core-01,0.4,4,17,11,1,1
core,core-01,0.4,4,18,10,2,2
core,core-01,0.4,4,19,11,1,1
core,core-02,0.0,0,0,9,1,1
core,core-02,0.0,0,1,9,1,1
core,core-02,0.0,0,2,9,1,1
core,core-02,0.0,0,3,9,1,1
core,core-02,0.0,0,4,9,1,1
core,core-02,0.0,0,5,9,1,1
core,core-02,0.0,0,6,9,1,1
core,core-02,0.0,0,7,9,1,1
core,core-02,0.0,0,8,9,1,1
core,core-02,0.0,0,9,9,1,1
core,core-02,0.0,0,10,9,1,1
core,core-02,0.0,0,11,9,1,1
core,core-02,0.0,0,12,9,1,1
core,core-02,0.0,0,13,9,1,1
core,core-02,0.0,0,14,9,1,1
core,core-02,0.0,0,15,9,1,1
core,core-02,0.0,0,16,9,1,1
core,core-02,0.0,0,17,9,1,1
core,core-02,0.0,0,18,9,1,1
core,core-02,0.0,0,19,9,1,1
core,core-02,0.0,2,0,11,1,1
core,core-02,0.0,2,1,11,1,1
core,core-02,0.0,2,2,11,1,1
core,core-02,0.0,2,3,11,1,1
core,core-02,0.0,2,4,11,1,1
core,core-02,0.0,2,5,11,1,1
core,core-02,0.0,2,6,11,1,1
core,core-02,0.0,2,7,11,1,1
core,core-02,0.0,2,8,11,1,1
core,core-02,0.0,2,9,11,1,1
core,core-02,0.0,2,10,11,1,1
core,core-02,0.0,2,11,11,1,1
core,core-02,0.0,2,12,11,1,1
core,core-02,0.0,2,13,11,1,1
core,core-02,0.0,2,14,11,1,1
core,core-02,0.0,2,15,11,1,1
core,core-02,0.0,2,16,11,1,1
core,core-02,0.0,2,17,11,1,1
core,core-02,0.0,2,18,11,1,1
core,core-02,0.0,2,19,11,1,1
core,core-02,0.0,4,0,13,1,1
core,core-02,0.0,4,1,13,1,1
core,core-02,0.0,4,2,13,1,1
core,core-02,0.0,4,3,13,1,1
core,core-02,0.0,4,4,13,1,1
core,core-02,0.0,4,5,13,1,1
core,core-02,0.0,4,6,13,1,1
core,core-02,0.0,4,7,13,1,1
core,core-02,0.0,4,8,13,1,1
core,core-02,0.0,4,9,13,1,1
core,core-02,0.0,4,10,13,1,1
core,core-02,0.0,4,11,13,1,1
core,core-02,0.0,4,12,13,1,1
core,core-02,0.0,4,13,13,1,1
core,core-02,0.0,4,14,13,1,1
core,core-02,0.0,4,15,13,1,1
core,core-02,0.0,4,16,13,1,1
core,core-02,0.0,4,17,13,1,1
core,core-02,0.0,4,18,13,1,1
core,core-02,0.0,4,19,13,1,1
core,core-02,0.2,0,0,7,1,1
core,core-02,0.2,0,1,6,1,1
core,core-02,0.2,0,2,5,1,1
core,core-02,0.2,0,3,7,1,1
core,core-02,0.2,0,4,8,1,1
core,core-02,0.2,0,5,7,1,1
core,core-02,0.2,0,6,9,1,1
core,core-02,0.2,0,7,7,1,1
core,core-02,0.2,0,8,7,1,1
core,core-02,0.2,0,9,4,1,1
core,core-02,0.2,0,10,7,1,1
core,core-02,0.2,0,11,7,1,1
core,core-02,0.2,0,12,9,1,1
core,core-02,0.2,0,13,5,1,1
core,core-02,0.2,0,14,8,1,1
core,core-02,0.2,0,15,9,1,1
core,core-02,0.2,0,16,6,1,1
core,core-02,0.2,0,17,7,1,1
core,core-02,0.2,0,18,8,1,1
core,core-02,0.2,0,19,7,1,1
core,core-02,0.2,2,0,8,1,1
core,core-02,0.2,2,1,10,1,1
core,core-02,0.2,2,2,11,1,1
core,core-02,0.2,2,3,11,1,1
core,core-02,0.2,2,4,9,1,1
core,core-02,0.2,2,5,10,1,1
core,core-02,0.2,2,6,10,1,1
core,core-02,0.2,2,7,10,1,1
core,core-02,0.2,2,8,10,1,1
core,core-02,0.2,2,9,9,1,1
core,core-02,0.2,2,10,9,1,1
core,core-02,0.2,2,11,10,1,1
core,core-02,0.2,2,12,8,1,1
core,core-02,0.2,2,13,9,1,1
core,core-02,0.2,2,14,10,1,1
core,core-02,0.2,2,15,8,1,1
core,core-02,0.2,2,16,11,1,1
core,core-02,0.2,2,17,8,1,1
core,core-02,0.2,2,18,7,1,1
core,core-02,0.2,2,19,8,1,1
core,core-02,0.2,4,0,8,2,2
core,core-02,0.2,4,1,11,1,1
core,core-02,0.2,4,2,10,1,1
core,core-02,0.2,4,3,10,1,1
core,core-02,0.2,4,4,12,1,1
core,core-02,0.2,4,5,11,1,1
core,core-02,0.2,4,6,12,1,1
core,core-02,0.2,4,7,12,1,1
core,core-02,0.2,4,8,10,1,1
core,core-02,0.2,4,9,10,1,1
core,core-02,0.2,4,10,10,1,1
core,core-02,0.2,4,11,11,1,1
core,core-02,0.2,4,12,9,1,1
core,core-02,0.2,4,13,11,1,1
core,core-02,0.2,4,14,12,1,1
core,core-02,0.2,4,15,11,1,1
core,core-02,0.2,4,16,12,1,1
core,core-02,0.2,4,17,11,1,1
core,core-02,0.2,4,18,12,1,1
core,core-02,0.2,4,19,11,1,1
core,core-02,0.4,0,0,4,1,1
core,core-02,0.4,0,1,7,1,1
core,core-02,0.4,0,2,6,1,1
core,core-02,0.4,0,3,5,2,2
core,core-02,0.4,0,4,5,1,1
core,core-02,0.4,0,5,3,1,1
core,core-02,0.4,0,6,6,1,1
core,core-02,0.4,0,7,7,1,1
core,core-02,0.4,0,8,5,1,1
core,core-02,0.4,0,9,3,1,1
core,core-02,0.4,0,10,8,1,1
core,core-02,0.4,0,11,7,1,1
core,core-02,0.4,0,12,7,1,1
core,core-02,0.4,0,13,7,1,1
core,core-02,0.4,0,14,4,1,1
core,core-02,0.4,0,15,6,1,1
core,core-02,0.4,0,16,7,1,1
core,core-02,0.4,0,17,4,1,1
core,core-02,0.4,0,18,6,1,1
core,core-02,0.4,0,19,7,1,1
core,core-02,0.4,2,0,6,2,2
core,core-02,0.4,2,1,5,1,1
core,core-02,0.4,2,2,9,1,1
core,core-02,0.4,2,3,7,1,1
core,core-02,0.4,2,4,9,1,1
core,core-02,0.4,2,5,11,1,1
core,core-02,0.4,2,6,6,2,2
core,core-02,0.4,2,7,8,1,1
core,core-02,0.4,2,8,8,1,1
core,core-02,0.4,2,9,6,1,1
core,core-02,0.4,2,10,9,1,1
core,core-02,0.4,2,11,6,1,1
core,core-02,0.4,2,12,6,1,1
core,core-02,0.4,2,13,7,1,1
core,core-02,0.4,2,14,8,1,1
core,core-02,0.4,2,15,8,1,1
core,core-02,0.4,2,16,8,1,1
core,core-02,0.4,2,17,8,1,1
core,core-02,0.4,2,18,7,1,1
core,core-02,0.4,2,19,8,1,1
core,core-02,0.4,4,0,7,7,1
core,core-02,0.4,4,1,9,1,1
core,core-02,0.4,4,2,8,1,1
core,core-02,0.4,4,3,9,1,1
core,core-02,0.4,4,4,10,2,2
core,core-02,0.4,4,5,9,1,1
core,core-02,0.4,4,6,6,7,6
core,core-02,0.4,4,7,8,3,3
core,core-02,0.4,4,8,12,1,1
core,core-02,0.4,4,9,10,1,1
core,core-02,0.4,4,10,10,1,1
core,core-02,0.4,4,11,9,1,1
core,core-02,0.4,4,12,8,1,1
core,core-02,0.4,4,13,11,1,1
core,core-02,0.4,4,14,9,1,1
core,core-02,0.4,4,15,8,1,1
core,core-02,0.4,4,16,10,1,1
core,core-02,0.4,4,17,8,1,1
core,core-02,0.4,4,18,8,3,2
core,core-02,0.4,4,19,9,1,1
core,core-03,0.0,0,0,9,1,1
core,core-03,0.0,0,1,9,1,1
core,core-03,0.0,0,2,9,1,1
core,core-03,0.0,0,3,9,1,1
core,core-03,0.0,0,4,9,1,1
core,core-03,0.0,0,5,9,1,1
core,core-03,0.0,0,6,9,1,1
core,core-03,0.0,0,7,9,1,1
core,core-03,0.0,0,8,9,1,1
core,core-03,0.0,0,9,9,1,1
core,core-03,0.0,0,10,9,1,1
core,core-03,0.0,0,11,9,1,1
core,core-03,0.0,0,12,9,1,1
core,core-03,0.0,0,13,9,1,1
core,core-03,0.0,0,14,9,1,1
core,core-03,0.0,0,15,9,1,1
core,core-03,0.0,0,16,9,1,1
core,core-03,0.0,0,17,9,1,1
core,core-03,0.0,0,18,9,1,1
core,core-03,0.0,0,19,9,1,1
core,core-03,0.0,2,0,11,1,1
core,core-03,0.0,2,1,11,1,1
core,core-03,0.0,2,2,11,1,1
core,core-03,0.0,2,3,11,1,1
core,core-03,0.0,2,4,11,1,1
core,core-03,0.0,2,5,11,1,1
core,core-03,0.0,2,6,11,1,1
core,core-03,0.0,2,7,11,1,1
core,core-03,0.0,2,8,11,1,1
core,core-03,0.0,2,9,11,1,1
core,core-03,0.0,2,10,11,1,1
core,core-03,0.0,2,11,11,1,1
core,core-03,0.0,2,12,11,1,1
core,core-03,0.0,2,13,11,1,1
core,core-03,0.0,2,14,11,1,1
core,core-03,0.0,2,15,11,1,1
core,core-03,0.0,2,16,11,1,1
core,core-03,0.0,2,17,11,1,1
core,core-03,0.0,2,18,11,1,1
core,core-03,0.0,2,19,11,1,1
core,core-03,0.0,4,0,13,1,1
core,core-03,0.0,4,1,13,1,1
core,core-03,0.0,4,2,13,1,1
core,core-03,0.0,4,3,13,1,1
core,core-03,0.0,4,4,13,1,1
core,core-03,0.0,4,5,13,1,1
core,core-03,0.0,4,6,13,1,1
core,core-03,0.0,4,7,13,1,1
core,core-03,0.0,4,8,13,1,1
core,core-03,0.0,4,9,13,1,1
core,core-03,0.0,4,10,13,1,1
core,core-03,0.0,4,11,13,1,1
core,core-03,0.0,4,12,13,1,1
core,core-03,0.0,4,13,13,1,1
core,core-03,0.0,4,14,13,1,1
core,core-03,0.0,4,15,13,1,1
core,core-03,0.0,4,16,13,1,1
core,core-03,0.0,4,17,13,1,1
core,core-03,0.0,4,18,13,1,1
core,core-03,0.0,4,19,13,1,1
core,core-03,0.2,0,0,8,1,1
core,core-03,0.2,0,1,8,1,1
core,core-03,0.2,0,2,9,1,1
core,core-03,0.2,0,3,7,1,1
core,core-03,0.2,0,4,9,1,1
core,core-03,0.2,0,5,8,1,1
core,core-03,0.2,0,6,7,1,1
core,core-03,0.2,0,7,6,1,1
core,core-03,0.2,0,8,8,1,1
core,core-03,0.2,0,9,8,1,1
core,core-03,0.2,0,10,7,1,1
core,core-03,0.2,0,11,7,1,1
core,core-03,0.2,0,12,9,1,1
core,core-03,0.2,0,13,9,1,1
core,core-03,0.2,0,14,7,1,1
core,core-03,0.2,0,15,6,1,1
core,core-03,0.2,0,16,9,1,1
core,core-03,0.2,0,17,5,1,1
core,core-03,0.2,0,18,7,1,1
core,core-03,0.2,0,19,7,1,1
core,core-03,0.2,2,0,10,1,1
core,core-03,0.2,2,1,10,1,1
core,core-03,0.2,2,2,9,1,1
core,core-03,0.2,2,3,10,1,1
core,core-03,0.2,2,4,11,1,1
core,core-03,0.2,2,5,11,1,1
core,core-03,0.2,2,6,9,1,1
core,core-03,0.2,2,7,8,1,1
core,core-03,0.2,2,8,11,1,1
core,core-03,0.2,2,9,9,1,1
core,core-03,0.2,2,10,9,1,1
core,core-03,0.2,2,11,10,1,1
core,core-03,0.2,2,12,9,1,1
core,core-03,0.2,2,13,10,1,1
core,core-03,0.2,2,14,10,1,1
core,core-03,0.2,2,15,9,1,1
core,core-03,0.2,2,16,9,1,1
core,core-03,0.2,2,17,10,1,1
core,core-03,0.2,2,18,11,1,1
core,core-03,0.2,2,19,11,1,1
core,core-03,0.2,4,0,11,1,1
core,core-03,0.2,4,1,13,1,1
core,core-03,0.2,4,2,10,1,1
core,core-03,0.2,4,3,11,1,1
core,core-03,0.2,4,4,13,1,1
core,core-03,0.2,4,5,11,1,1
core,core-03,0.2,4,6,11,1,1
core,core-03,0.2,4,7,13,1,1
core,core-03,0.2,4,8,11,1,1
core,core-03,0.2,4,9,11,1,1
core,core-03,0.2,4,10,10,1,1
core,core-03,0.2,4,11,12,1,1
core,core-03,0.2,4,12,12,1,1
core,core-03,0.2,4,13,12,1,1
core,core-03,0.2,4,14,12,1,1
core,core-03,0.2,4,15,12,1,1
core,core-03,0.2,4,16,10,2,2
core,core-03,0.2,4,17,13,1,1
core,core-03,0.2,4,18,9,1,1
core,core-03,0.2,4,19,12,1,1
core,core-03,0.4,0,0,3,1,1
core,core-03,0.4,0,1,3,1,1
core,core-03,0.4,0,2,3,1,1
core,core-03,0.4,0,3,5,1,1
core,core-03,0.4,0,4,6,1,1
core,core-03,0.4,0,5,8,1,1
core,core-03,0.4,0,6,8,1,1
core,core-03,0.4,0,7,5,1,1
core,core-03,0.4,0,8,5,1,1
core,core-03,0.4,0,9,4,1,1
core,core-03,0.4,0,10,5,1,1
core,core-03,0.4,0,11,6,1,1
core,core-03,0.4,0,12,5,1,1
core,core-03,0.4,0,13,6,1,1
core,core-03,0.4,0,14,2,1,1
core,core-03,0.4,0,15,6,1,1
core,core-03,0.4,0,16,5,1,1
core,core-03,0.4,0,17,5,1,1
core,core-03,0.4,0,18,7,1,1
core,core-03,0.4,0,19,5,1,1
core,core-03,0.4,2,0,8,1,1
core,core-03,0.4,2,1,7,1,1
core,core-03,0.4,2,2,6,2,2
core,core-03,0.4,2,3,9,1,1
core,core-03,0.4,2,4,6,1,1
core,core-03,0.4,2,5,9,1,1
core,core-03,0.4,2,6,9,1,1
core,core-03,0.4,2,7,8,1,1
core,core-03,0.4,2,8,10,1,1
core,core-03,0.4,2,9,9,1,1
core,core-03,0.4,2,10,7,1,1
core,core-03,0.4,2,11,7,1,1
core,core-03,0.4,2,12,8,1,1
core,core-03,0.4,2,13,9,1,1
core,core-03,0.4,2,14,10,1,1
core,core-03,0.4,2,15,8,1,1
core,core-03,0.4,2,16,9,1,1
core,core-03,0.4,2,17,7,1,1
core,core-03,0.4,2,18,8,1,1
core,core-03,0.4,2,19,10,1,1
core,core-03,0.4,4,0,9,1,1
core,core-03,0.4,4,1,11,1,1
core,core-03,0.4,4,2,9,1,1
core,core-03,0.4,4,3,11,1,1
core,core-03,0.4,4,4,9,1,1
core,core-03,0.4,4,5,11,1,1
core,core-03,0.4,4,6,12,1,1
core,core-03,0.4,4,7,10,1,1
core,core-03,0.4,4,8,10,1,1
core,core-03,0.4,4,9,9,1,1
core,core-03,0.4,4,10,11,1,1
core,core-03,0.4,4,11,10,1,1
core,core-03,0.4,4,12,7,8,1
core,core-03,0.4,4,13,11,1,1
core,core-03,0.4,4,14,10,1,1
core,core-03,0.4,4,15,9,1,1
core,core-03,0.4,4,16,10,1,1
core,core-03,0.4,4,17,10,1,1
core,core-03,0.4,4,18,9,1,1
core,core-03,0.4,4,19,9,1,1
aggregation,aggregation-01,0.0,0,0,4,1,1
aggregation,aggregation-01,0.0,0,1,4,1,1
aggregation,aggregation-01,0.0,0,2,4,1,1
aggregation,aggregation-01,0.0,0,3,4,1,1
aggregation,aggregation-01,0.0,0,4,4,1,1
aggregation,aggregation-01,0.0,0,5,4,1,1
aggregation,aggregation-01,0.0,0,6,4,1,1
aggregation,aggregation-01,0.0,0,7,4,1,1
aggregation,aggregation-01,0.0,0,8,4,1,1
aggregation,aggregation-01,0.0,0,9,4,1,1
aggregation,aggregation-01,0.0,0,10,4,1,1
aggregation,aggregation-01,0.0,0,11,4,1,1
aggregation,aggregation-01,0.0,0,12,4,1,1
aggregation,aggregation-01,0.0,0,13,4,1,1
aggregation,aggregation-01,0.0,0,14,4,1,1
aggregation,aggregation-01,0.0,0,15,4,1,1
aggregation,aggregation-01,0.0,0,16,4,1,1
aggregation,aggregation-01,0.0,0,17,4,1,1
aggregation,aggregation-01,0.0,0,18,4,1,1
aggregation,aggregation-01,0.0,0,19,4,1,1
aggregation,aggregation-01,0.0,2,0,6,1,1
aggregation,aggregation-01,0.0,2,1,6,1,1
aggregation,aggregation-01,0.0,2,2,6,1,1
aggregation,aggregation-01,0.0,2,3,6,1,1
aggregation,aggregation-01,0.0,2,4,6,1,1
aggregation,aggregation-01,0.0,2,5,6,1,1
aggregation,aggregation-01,0.0,2,6,6,2,1
aggregation,aggregation-01,0.0,2,7,6,1,1
aggregation,aggregation-01,0.0,2,8,6,1,1
aggregation,aggregation-01,0.0,2,9,6,1,1
aggregation,aggregation-01,0.0,2,10,6,1,1
aggregation,aggregation-01,0.0,2,11,6,1,1
aggregation,aggregation-01,0.0,2,12,6,1,1
aggregation,aggregation-01,0.0,2,13,6,1,1
aggregation,aggregation-01,0.0,2,14,6,1,1
aggregation,aggregation-01,0.0,2,15,6,1,1
aggregation,aggregation-01,0.0,2,16,6,1,1
aggregation,aggregation-01,0.0,2,17,6,1,1
aggregation,aggregation-01,0.0,2,18,6,1,1
aggregation,aggregation-01,0.0,2,19,6,1,1
aggregation,aggregation-01,0.0,4,0,8,2,1
aggregation,aggregation-01,0.0,4,1,8,2,1
aggregation,aggregation-01,0.0,4,2,8,1,1
aggregation,aggregation-01,0.0,4,3,8,1,1
aggregation,aggregation-01,0.0,4,4,8,1,1
aggregation,aggregation-01,0.0,4,5,8,1,1
aggregation,aggregation-01,0.0,4,6,8,1,1
aggregation,aggregation-01,0.0,4,7,8,1,1
aggregation,aggregation-01,0.0,4,8,8,1,1
aggregation,aggregation-01,0.0,4,9,8,1,1
aggregation,aggregation-01,0.0,4,10,8,1,1
aggregation,aggregation-01,0.0,4,11,8,2,1
aggregation,aggregation-01,0.0,4,12,8,1,1
aggregation,aggregation-01,0.0,4,13,8,1,1
aggregation,aggregation-01,0.0,4,14,8,2,1
aggregation,aggregation-01,0.0,4,15,8,1,1
aggregation,aggregation-01,0.0,4,16,8,2,1
aggregation,aggregation-01,0.0,4,17,8,1,1
aggregation,aggregation-01,0.0,4,18,8,1,1
aggregation,aggregation-01,0.0,4,19,8,2,2
aggregation,aggregation-01,0.2,0,0,3,1,1
aggregation,aggregation-01,0.2,0,1,4,1,1
aggregation,aggregation-01,0.2,0,2,4,1,1
aggregation,aggregation-01,0.2,0,3,3,1,1
aggregation,aggregation-01,0.2,0,4,4,1,1
aggregation,aggregation-01,0.2,0,5,2,1,1
aggregation,aggregation-01,0.2,0,6,3,1,1
aggregation,aggregation-01,0.2,0,7,4,1,1
aggregation,aggregation-01,0.2,0,8,4,1,1
aggregation,aggregation-01,0.2,0,9,3,1,1
aggregation,aggregation-01,0.2,0,10,3,1,1
aggregation,aggregation-01,0.2,0,11,3,1,1
aggregation,aggregation-01,0.2,0,12,4,1,1
aggregation,aggregation-01,0.2,0,13,4,1,1
aggregation,aggregation-01,0.2,0,14,4,1,1
aggregation,aggregation-01,0.2,0,15,3,1,1
aggregation,aggregation-01,0.2,0,16,4,1,1
aggregation,aggregation-01,0.2,0,17,2,1,1
aggregation,aggregation-01,0.2,0,18,3,1,1
aggregation,aggregation-01,0.2,0,19,3,1,1
aggregation,aggregation-01,0.2,2,0,4,3,1
aggregation,aggregation-01,0.2,2,1,5,1,1
aggregation,aggregation-01,0.2,2,2,6,1,1
aggregation,aggregation-01,0.2,2,3,5,1,1
aggregation,aggregation-01,0.2,2,4,3,4,4
aggregation,aggregation-01,0.2,2,5,4,1,1
aggregation,aggregation-01,0.2,2,6,4,2,1
aggregation,aggregation-01,0.2,2,7,5,1,1
aggregation,aggregation-01,0.2,2,8,5,2,1
aggregation,aggregation-01,0.2,2,9,5,1,1
aggregation,aggregation-01,0.2,2,10,5,1,1
aggregation,aggregation-01,0.2,2,11,6,1,1
aggregation,aggregation-01,0.2,2,12,6,1,1
aggregation,aggregation-01,0.2,2,13,6,1,1
aggregation,aggregation-01,0.2,2,14,6,1,1
aggregation,aggregation-01,0.2,2,15,6,1,1
aggregation,aggregation-01,0.2,2,16,6,1,1
aggregation,aggregation-01,0.2,2,17,6,1,1
aggregation,aggregation-01,0.2,2,18,5,1,1
aggregation,aggregation-01,0.2,2,19,5,1,1
aggregation,aggregation-01,0.2,4,0,7,1,1
aggregation,aggregation-01,0.2,4,1,7,2,2
aggregation,aggregation-01,0.2,4,2,8,2,1
aggregation,aggregation-01,0.2,4,3,8,1,1
aggregation,aggregation-01,0.2,4,4,7,2,1
aggregation,aggregation-01,0.2,4,5,6,8,7
aggregation,aggregation-01,0.2,4,6,6,8,6
aggregation,aggregation-01,0.2,4,7,7,1,1
aggregation,aggregation-01,0.2,4,8,7,2,2
aggregation,aggregation-01,0.2,4,9,8,1,1
aggregation,aggregation-01,0.2,4,10,7,2,1
aggregation,aggregation-01,0.2,4,11,7,2,1
aggregation,aggregation-01,0.2,4,12,7,2,2
aggregation,aggregation-01,0.2,4,13,7,2,1
aggregation,aggregation-01,0.2,4,14,7,1,1
aggregation,aggregation-01,0.2,4,15,7,1,1
aggregation,aggregation-01,0.2,4,16,7,1,1
aggregation,aggregation-01,0.2,4,17,8,1,1
aggregation,aggregation-01,0.2,4,18,7,1,1
aggregation,aggregation-01,0.2,4,19,7,2,1
aggregation,aggregation-01,0.4,0,0,2,1,1
aggregation,aggregation-01,0.4,0,1,2,1,1
aggregation,aggregation-01,0.4,0,2,2,1,1
aggregation,aggregation-01,0.4,0,3,2,1,1
aggregation,aggregation-01,0.4,0,4,3,1,1
aggregation,aggregation-01,0.4,0,5,3,1,1
aggregation,aggregation-01,0.4,0,6,4,1,1
aggregation,aggregation-01,0.4,0,7,3,1,1
aggregation,aggregation-01,0.4,0,8,3,1,1
aggregation,aggregation-01,0.4,0,9,3,1,1
aggregation,aggregation-01,0.4,0,10,1,2,2
aggregation,aggregation-01,0.4,0,11,2,1,1
aggregation,aggregation-01,0.4,0,12,3,1,1
aggregation,aggregation-01,0.4,0,13,3,1,1
aggregation,aggregation-01,0.4,0,14,4,1,1
aggregation,aggregation-01,0.4,0,15,2,1,1
aggregation,aggregation-01,0.4,0,16,2,1,1
aggregation,aggregation-01,0.4,0,17,4,1,1
aggregation,aggregation-01,0.4,0,18,3,1,1
aggregation,aggregation-01,0.4,0,19,3,1,1
aggregation,aggregation-01,0.4,2,0,5,1,1
aggregation,aggregation-01,0.4,2,1,4,5,1
aggregation,aggregation-01,0.4,2,2,5,2,2
aggregation,aggregation-01,0.4,2,3,4,1,1
aggregation,aggregation-01,0.4,2,4,4,1,1
aggregation,aggregation-01,0.4,2,5,3,4,4
aggregation,aggregation-01,0.4,2,6,6,1,1
aggregation,aggregation-01,0.4,2,7,6,1,1
aggregation,aggregation-01,0.4,2,8,4,1,1
aggregation,aggregation-01,0.4,2,9,4,5,1
aggregation,aggregation-01,0.4,2,10,5,1,1
aggregation,aggregation-01,0.4,2,11,5,1,1
aggregation,aggregation-01,0.4,2,12,6,1,1
aggregation,aggregation-01,0.4,2,13,4,2,2
aggregation,aggregation-01,0.4,2,14,4,5,1
aggregation,aggregation-01,0.4,2,15,2,21,21
aggregation,aggregation-01,0.4,2,16,6,1,1
aggregation,aggregation-01,0.4,2,17,3,5,5
aggregation,aggregation-01,0.4,2,18,5,1,1
aggregation,aggregation-01,0.4,2,19,3,5,5
aggregation,aggregation-01,0.4,4,0,7,1,1
aggregation,aggregation-01,0.4,4,1,6,7,6
aggregation,aggregation-01,0.4,4,2,6,6,5
aggregation,aggregation-01,0.4,4,3,8,1,1
aggregation,aggregation-01,0.4,4,4,7,2,2
aggregation,aggregation-01,0.4,4,5,6,7,6
aggregation,aggregation-01,0.4,4,6,6,4,1
aggregation,aggregation-01,0.4,4,7,7,1,1
aggregation,aggregation-01,0.4,4,8,6,5,1
aggregation,aggregation-01,0.4,4,9,6,6,6
aggregation,aggregation-01,0.4,4,10,5,6,6
aggregation,aggregation-01,0.4,4,11,7,2,1
aggregation,aggregation-01,0.4,4,12,6,8,6
aggregation,aggregation-01,0.4,4,13,6,5,1
aggregation,aggregation-01,0.4,4,14,6,5,2
aggregation,aggregation-01,0.4,4,15,7,1,1
aggregation,aggregation-01,0.4,4,16,6,6,5
aggregation,aggregation-01,0.4,4,17,6,3,1
aggregation,aggregation-01,0.4,4,18,6,8,7
aggregation,aggregation-01,0.4,4,19,6,6,1
access,access-01,0.0,0,0,1,1,1
access,access-01,0.0,0,1,1,1,1
access,access-01,0.0,0,2,1,1,1
access,access-01,0.0,0,3,1,1,1
access,access-01,0.0,0,4,1,1,1
access,access-01,0.0,0,5,1,1,1
access,access-01,0.0,0,6,1,1,1
access,access-01,0.0,0,7,1,1,1
access,access-01,0.0,0,8,1,1,1
access,access-01,0.0,0,9,1,1,1
access,access-01,0.0,0,10,1,1,1
access,access-01,0.0,0,11,1,1,1
access,access-01,0.0,0,12,1,1,1
access,access-01,0.0,0,13,1,1,1
access,access-01,0.0,0,14,1,1,1
access,access-01,0.0,0,15,1,1,1
access,access-01,0.0,0,16,1,1,1
access,access-01,0.0,0,17,1,1,1
access,access-01,0.0,0,18,1,1,1
access,access-01,0.0,0,19,1,1,1
access,access-01,0.0,2,0,3,1,1
access,access-01,0.0,2,1,3,1,2
access,access-01,0.0,2,2,3,1,1
access,access-01,0.0,2,3,3,1,1
access,access-01,0.0,2,4,3,2,2
access,access-01,0.0,2,5,3,2,1
access,access-01,0.0,2,6,3,2,2
access,access-01,0.0,2,7,3,1,1
access,access-01,0.0,2,8,3,1,1
access,access-01,0.0,2,9,3,2,2
access,access-01,0.0,2,10,3,1,1
access,access-01,0.0,2,11,3,2,2
access,access-01,0.0,2,12,3,1,1
access,access-01,0.0,2,13,3,1,1
access,access-01,0.0,2,14,3,3,3
access,access-01,0.0,2,15,3,2,1
access,access-01,0.0,2,16,3,1,1
access,access-01,0.0,2,17,3,2,1
access,access-01,0.0,2,18,3,1,1
access,access-01,0.0,2,19,3,2,2
access,access-01,0.0,4,0,5,2,2
access,access-01,0.0,4,1,5,2,2
access,access-01,0.0,4,2,5,1,1
access,access-01,0.0,4,3,5,2,3
access,access-01,0.0,4,4,5,3,3
access,access-01,0.0,4,5,5,2,1
access,access-01,0.0,4,6,5,3,3
access,access-01,0.0,4,7,5,1,1
access,access-01,0.0,4,8,5,2,1
access,access-01,0.0,4,9,5,3,3
access,access-01,0.0,4,10,5,1,1
access,access-01,0.0,4,11,5,2,2
access,access-01,0.0,4,12,5,2,1
access,access-01,0.0,4,13,5,1,1
access,access-01,0.0,4,14,5,2,2
access,access-01,0.0,4,15,5,3,2
access,access-01,0.0,4,16,5,1,1
access,access-01,0.0,4,17,5,2,2
access,access-01,0.0,4,18,5,1,1
access,access-01,0.0,4,19,5,2,2
access,access-01,0.2,0,0,1,1,1
access,access-01,0.2,0,1,1,1,1
access,access-01,0.2,0,2,1,1,1
access,access-01,0.2,0,3,1,1,1
access,access-01,0.2,0,4,1,1,1
access,access-01,0.2,0,5,0,1,1
access,access-01,0.2,0,6,1,1,1
access,access-01,0.2,0,7,1,1,1
access,access-01,0.2,0,8,1,1,1
access,access-01,0.2,0,9,1,1,1
access,access-01,0.2,0,10,1,1,1
access,access-01,0.2,0,11,1,1,1
access,access-01,0.2,0,12,1,1,1
access,access-01,0.2,0,13,0,1,1
access,access-01,0.2,0,14,1,1,1
access,access-01,0.2,0,15,1,1,1
access,access-01,0.2,0,16,1,1,1
access,access-01,0.2,0,17,1,1,1
access,access-01,0.2,0,18,1,1,1
access,access-01,0.2,0,19,1,1,1
access,access-01,0.2,2,0,3,2,2
access,access-01,0.2,2,1,3,1,1
access,access-01,0.2,2,2,3,2,2
access,access-01,0.2,2,3,3,1,1
access,access-01,0.2,2,4,3,1,1
access,access-01,0.2,2,5,3,2,3
access,access-01,0.2,2,6,3,1,1
access,access-01,0.2,2,7,3,3,3
access,access-01,0.2,2,8,3,2,2
access,access-01,0.2,2,9,3,1,1
access,access-01,0.2,2,10,3,1,1
access,access-01,0.2,2,11,3,1,1
access,access-01,0.2,2,12,3,1,1
access,access-01,0.2,2,13,3,2,1
access,access-01,0.2,2,14,3,3,3
access,access-01,0.2,2,15,3,1,1
access,access-01,0.2,2,16,3,1,1
access,access-01,0.2,2,17,3,1,1
access,access-01,0.2,2,18,3,3,3
access,access-01,0.2,2,19,3,2,2
access,access-01,0.2,4,0,5,3,1
access,access-01,0.2,4,1,4,5,5
access,access-01,0.2,4,2,4,10,10
access,access-01,0.2,4,3,5,3,2
access,access-01,0.2,4,4,5,3,3
access,access-01,0.2,4,5,5,1,1
access,access-01,0.2,4,6,4,8,8
access,access-01,0.2,4,7,4,10,10
access,access-01,0.2,4,8,5,2,1
access,access-01,0.2,4,9,5,1,2
access,access-01,0.2,4,10,5,3,3
access,access-01,0.2,4,11,5,3,1
access,access-01,0.2,4,12,5,2,1
access,access-01,0.2,4,13,5,2,1
access,access-01,0.2,4,14,5,2,2
access,access-01,0.2,4,15,5,3,3
access,access-01,0.2,4,16,5,2,2
access,access-01,0.2,4,17,5,1,1
access,access-01,0.2,4,18,4,12,12
access,access-01,0.2,4,19,4,6,6
access,access-01,0.4,0,0,1,1,1
access,access-01,0.4,0,1,1,1,1
access,access-01,0.4,0,2,1,1,1
access,access-01,0.4,0,3,0,1,1
access,access-01,0.4,0,4,0,1,1
access,access-01,0.4,0,5,1,1,1
access,access-01,0.4,0,6,0,1,1
access,access-01,0.4,0,7,0,1,1
access,access-01,0.4,0,8,0,1,1
access,access-01,0.4,0,9,1,1,1
access,access-01,0.4,0,10,0,1,1
access,access-01,0.4,0,11,0,1,1
access,access-01,0.4,0,12,1,1,1
access,access-01,0.4,0,13,1,1,1
access,access-01,0.4,0,14,0,1,1
access,access-01,0.4,0,15,1,1,1
access,access-01,0.4,0,16,1,1,1
access,access-01,0.4,0,17,0,1,1
access,access-01,0.4,0,18,1,1,1
access,access-01,0.4,0,19,0,1,1
access,access-01,0.4,2,0,2,6,6
access,access-01,0.4,2,1,3,1,1
access,access-01,0.4,2,2,2,4,4
access,access-01,0.4,2,3,3,1,1
access,access-01,0.4,2,4,2,6,6
access,access-01,0.4,2,5,3,1,1
access,access-01,0.4,2,6,3,2,1
access,access-01,0.4,2,7,3,1,1
access,access-01,0.4,2,8,2,5,5
access,access-01,0.4,2,9,3,1,1
access,access-01,0.4,2,10,2,5,5
access,access-01,0.4,2,11,3,3,2
access,access-01,0.4,2,12,3,1,1
access,access-01,0.4,2,13,3,1,1
access,access-01,0.4,2,14,3,2,1
access,access-01,0.4,2,15,2,6,6
access,access-01,0.4,2,16,2,7,7
access,access-01,0.4,2,17,2,5,5
access,access-01,0.4,2,18,3,2,2
access,access-01,0.4,2,19,3,1,1
access,access-01,0.4,4,0,5,2,1
access,access-01,0.4,4,1,4,5,5
access,access-01,0.4,4,2,5,1,1
access,access-01,0.4,4,3,4,7,7
access,access-01,0.4,4,4,5,3,3
access,access-01,0.4,4,5,5,2,2
access,access-01,0.4,4,6,5,3,1
access,access-01,0.4,4,7,5,2,1
access,access-01,0.4,4,8,5,2,2
access,access-01,0.4,4,9,4,8,8
access,access-01,0.4,4,10,4,9,9
access,access-01,0.4,4,11,5,1,1
access,access-01,0.4,4,12,5,3,1
access,access-01,0.4,4,13,5,2,2
access,access-01,0.4,4,14,4,8,8
access,access-01,0.4,4,15,5,1,1
access,access-01,0.4,4,16,5,1,1
access,access-01,0.4,4,17,5,3,3
access,access-01,0.4,4,18,5,3,3
access,access-01,0.4,4,19,4,7,7
access,access-02,0.0,0,0,1,1,1
access,access-02,0.0,0,1,1,1,1
access,access-02,0.0,0,2,1,1,1
access,access-02,0.0,0,3,1,1,1
access,access-02,0.0,0,4,1,1,1
access,access-02,0.0,0,5,1,1,1
access,access-02,0.0,0,6,1,1,1
access,access-02,0.0,0,7,1,1,1
access,access-02,0.0,0,8,1,1,1
access,access-02,0.0,0,9,1,1,1
access,access-02,0.0,0,10,1,1,1
access,access-02,0.0,0,11,1,1,1
access,access-02,0.0,0,12,1,1,1
access,access-02,0.0,0,13,1,1,1
access,access-02,0.0,0,14,1,1,1
access,access-02,0.0,0,15,1,1,1
access,access-02,0.0,0,16,1,1,1
access,access-02,0.0,0,17,1,1,1
access,access-02,0.0,0,18,1,1,1
access,access-02,0.0,0,19,1,1,1
access,access-02,0.0,2,0,3,4,4
access,access-02,0.0,2,1,3,1,1
access,access-02,0.0,2,2,3,1,1
access,access-02,0.0,2,3,3,1,1
access,access-02,0.0,2,4,3,2,1
access,access-02,0.0,2,5,3,1,1
access,access-02,0.0,2,6,3,1,1
access,access-02,0.0,2,7,3,1,2
access,access-02,0.0,2,8,3,1,1
access,access-02,0.0,2,9,3,3,3
access,access-02,0.0,2,10,3,4,4
access,access-02,0.0,2,11,3,1,1
access,access-02,0.0,2,12,3,1,1
access,access-02,0.0,2,13,3,2,1
access,access-02,0.0,2,14,3,3,3
access,access-02,0.0,2,15,3,2,2
access,access-02,0.0,2,16,3,1,1
access,access-02,0.0,2,17,3,2,2
access,access-02,0.0,2,18,3,1,1
access,access-02,0.0,2,19,3,3,2
access,access-02,0.0,4,0,5,2,2
access,access-02,0.0,4,1,5,2,1
access,access-02,0.0,4,2,5,2,1
access,access-02,0.0,4,3,5,1,1
access,access-02,0.0,4,4,5,1,1
access,access-02,0.0,4,5,5,3,1
access,access-02,0.0,4,6,5,2,2
access,access-02,0.0,4,7,5,1,1
access,access-02,0.0,4,8,5,3,3
access,access-02,0.0,4,9,5,1,1
access,access-02,0.0,4,10,5,1,1
access,access-02,0.0,4,11,5,2,1
access,access-02,0.0,4,12,5,1,1
access,access-02,0.0,4,13,5,3,2
access,access-02,0.0,4,14,5,1,1
access,access-02,0.0,4,15,5,3,1
access,access-02,0.0,4,16,5,1,2
access,access-02,0.0,4,17,5,2,1
access,access-02,0.0,4,18,5,3,3
access,access-02,0.0,4,19,5,1,1
access,access-02,0.2,0,0,0,2,2
access,access-02,0.2,0,1,1,1,1
access,access-02,0.2,0,2,1,1,1
access,access-02,0.2,0,3,1,1,1
access,access-02,0.2,0,4,1,1,1
access,access-02,0.2,0,5,0,2,2
access,access-02,0.2,0,6,1,1,1
access,access-02,0.2,0,7,0,2,2
access,access-02,0.2,0,8,1,1,1
access,access-02,0.2,0,9,1,1,1
access,access-02,0.2,0,10,1,1,1
access,access-02,0.2,0,11,1,1,1
access,access-02,0.2,0,12,1,1,1
access,access-02,0.2,0,13,0,2,2
access,access-02,0.2,0,14,1,1,1
access,access-02,0.2,0,15,0,2,2
access,access-02,0.2,0,16,1,1,1
access,access-02,0.2,0,17,1,1,1
access,access-02,0.2,0,18,1,1,1
access,access-02,0.2,0,19,1,1,1
access,access-02,0.2,2,0,3,2,2
access,access-02,0.2,2,1,3,2,1
access,access-02,0.2,2,2,3,2,1
access,access-02,0.2,2,3,3,1,1
access,access-02,0.2,2,4,3,1,1
access,access-02,0.2,2,5,3,1,1
access,access-02,0.2,2,6,3,1,1
access,access-02,0.2,2,7,2,5,5
access,access-02,0.2,2,8,2,6,6
access,access-02,0.2,2,9,2,8,8
access,access-02,0.2,2,10,2,8,8
access,access-02,0.2,2,11,2,6,6
access,access-02,0.2,2,12,3,1,1
access,access-02,0.2,2,13,3,4,4
access,access-02,0.2,2,14,3,1,1
access,access-02,0.2,2,15,3,3,2
access,access-02,0.2,2,16,2,6,6
access,access-02,0.2,2,17,3,4,3
access,access-02,0.2,2,18,3,1,1
access,access-02,0.2,2,19,3,1,1
access,access-02,0.2,4,0,5,2,2
access,access-02,0.2,4,1,5,1,1
access,access-02,0.2,4,2,5,4,3
access,access-02,0.2,4,3,5,1,1
access,access-02,0.2,4,4,5,2,2
access,access-02,0.2,4,5,5,2,2
access,access-02,0.2,4,6,5,2,1
access,access-02,0.2,4,7,4,10,10
access,access-02,0.2,4,8,5,1,1
access,access-02,0.2,4,9,5,3,3
access,access-02,0.2,4,10,5,1,2
access,access-02,0.2,4,11,5,3,1
access,access-02,0.2,4,12,5,2,1
access,access-02,0.2,4,13,5,2,2
access,access-02,0.2,4,14,5,3,1
access,access-02,0.2,4,15,5,2,2
access,access-02,0.2,4,16,5,3,1
access,access-02,0.2,4,17,4,11,11
access,access-02,0.2,4,18,5,3,3
access,access-02,0.2,4,19,5,2,2
access,access-02,0.4,0,0,1,1,1
access,access-02,0.4,0,1,1,1,1
access,access-02,0.4,0,2,1,1,1
access,access-02,0.4,0,3,0,2,2
access,access-02,0.4,0,4,0,2,2
access,access-02,0.4,0,5,0,2,2
access,access-02,0.4,0,6,0,2,2
access,access-02,0.4,0,7,1,1,1
access,access-02,0.4,0,8,0,2,2
access,access-02,0.4,0,9,0,2,2
access,access-02,0.4,0,10,0,2,2
access,access-02,0.4,0,11,1,1,1
access,access-02,0.4,0,12,1,1,1
access,access-02,0.4,0,13,0,2,2
access,access-02,0.4,0,14,1,1,1
access,access-02,0.4,0,15,0,2,2
access,access-02,0.4,0,16,0,2,2
access,access-02,0.4,0,17,1,1,1
access,access-02,0.4,0,18,0,2,2
access,access-02,0.4,0,19,0,2,2
access,access-02,0.4,2,0,3,1,1
access,access-02,0.4,2,1,3,2,1
access,access-02,0.4,2,2,3,2,2
access,access-02,0.4,2,3,3,2,1
access,access-02,0.4,2,4,3,1,1
access,access-02,0.4,2,5,2,8,8
access,access-02,0.4,2,6,2,6,6
access,access-02,0.4,2,7,3,1,1
access,access-02,0.4,2,8,3,2,2
access,access-02,0.4,2,9,2,7,7
access,access-02,0.4,2,10,3,1,1
access,access-02,0.4,2,11,3,1,2
access,access-02,0.4,2,12,3,2,2
access,access-02,0.4,2,13,3,1,1
access,access-02,0.4,2,14,2,7,7
access,access-02,0.4,2,15,3,2,1
access,access-02,0.4,2,16,2,5,5
access,access-02,0.4,2,17,3,2,2
access,access-02,0.4,2,18,3,2,2
access,access-02,0.4,2,19,3,1,1
access,access-02,0.4,4,0,5,1,1
access,access-02,0.4,4,1,4,10,10
access,access-02,0.4,4,2,5,2,1
access,access-02,0.4,4,3,4,8,8
access,access-02,0.4,4,4,5,3,2
access,access-02,0.4,4,5,4,12,12
access,access-02,0.4,4,6,5,2,1
access,access-02,0.4,4,7,4,9,9
access,access-02,0.4,4,8,5,2,1
access,access-02,0.4,4,9,5,2,1
access,access-02,0.4,4,10,5,4,4
access,access-02,0.4,4,11,5,3,2
access,access-02,0.4,4,12,5,1,1
access,access-02,0.4,4,13,4,7,7
access,access-02,0.4,4,14,4,13,13
access,access-02,0.4,4,15,4,11,11
access,access-02,0.4,4,16,4,9,9
access,access-02,0.4,4,17,5,1,1
access,access-02,0.4,4,18,4,11,11
access,access-02,0.4,4,19,5,1,1
access,access-03,0.0,0,0,1,1,1
access,access-03,0.0,0,1,1,1,1
access,access-03,0.0,0,2,1,1,1
access,access-03,0.0,0,3,1,1,1
access,access-03,0.0,0,4,1,1,1
access,access-03,0.0,0,5,1,1,1
access,access-03,0.0,0,6,1,1,1
access,access-03,0.0,0,7,1,1,1
access,access-03,0.0,0,8,1,1,1
access,access-03,0.0,0,9,1,1,1
access,access-03,0.0,0,10,1,1,1
access,access-03,0.0,0,11,1,1,1
access,access-03,0.0,0,12,1,1,1
access,access-03,0.0,0,13,1,1,1
access,access-03,0.0,0,14,1,1,1
access,access-03,0.0,0,15,1,1,1
access,access-03,0.0,0,16,1,1,1
access,access-03,0.0,0,17,1,1,1
access,access-03,0.0,0,18,1,1,1
access,access-03,0.0,0,19,1,1,1
access,access-03,0.0,2,0,3,1,1
access,access-03,0.0,2,1,3,1,1
access,access-03,0.0,2,2,3,4,4
access,access-03,0.0,2,3,3,1,1
access,access-03,0.0,2,4,3,1,1
access,access-03,0.0,2,5,3,1,1
access,access-03,0.0,2,6,3,1,1
access,access-03,0.0,2,7,3,3,2
access,access-03,0.0,2,8,3,1,1
access,access-03,0.0,2,9,3,1,2
access,access-03,0.0,2,10,3,2,2
access,access-03,0.0,2,11,3,2,2
access,access-03,0.0,2,12,3,2,2
access,access-03,0.0,2,13,3,3,3
access,access-03,0.0,2,14,3,2,1
access,access-03,0.0,2,15,3,3,2
access,access-03,0.0,2,16,3,4,4
access,access-03,0.0,2,17,3,1,1
access,access-03,0.0,2,18,3,2,3
access,access-03,0.0,2,19,3,1,1
access,access-03,0.0,4,0,5,2,1
access,access-03,0.0,4,1,5,4,3
access,access-03,0.0,4,2,5,3,3
access,access-03,0.0,4,3,5,3,3
access,access-03,0.0,4,4,5,5,5
access,access-03,0.0,4,5,5,2,2
access,access-03,0.0,4,6,5,1,1
access,access-03,0.0,4,7,5,1,1
access,access-03,0.0,4,8,5,3,2
access,access-03,0.0,4,9,5,2,2
access,access-03,0.0,4,10,5,1,1
access,access-03,0.0,4,11,5,1,1
access,access-03,0.0,4,12,5,1,1
access,access-03,0.0,4,13,5,3,1
access,access-03,0.0,4,14,5,3,2
access,access-03,0.0,4,15,5,1,1
access,access-03,0.0,4,16,5,4,4
access,access-03,0.0,4,17,5,4,3
access,access-03,0.0,4,18,5,2,2
access,access-03,0.0,4,19,5,3,3
access,access-03,0.2,0,0,1,1,1
access,access-03,0.2,0,1,1,1,1
access,access-03,0.2,0,2,1,1,1
access,access-03,0.2,0,3,1,1,1
access,access-03,0.2,0,4,1,1,1
access,access-03,0.2,0,5,1,1,1
access,access-03,0.2,0,6,0,3,3
access,access-03,0.2,0,7,0,3,3
access,access-03,0.2,0,8,1,1,1
access,access-03,0.2,0,9,0,3,3
access,access-03,0.2,0,10,1,1,1
access,access-03,0.2,0,11,1,1,1
access,access-03,0.2,0,12,1,1,1
access,access-03,0.2,0,13,1,1,1
access,access-03,0.2,0,14,1,1,1
access,access-03,0.2,0,15,1,1,1
access,access-03,0.2,0,16,1,1,1
access,access-03,0.2,0,17,0,3,3
access,access-03,0.2,0,18,1,1,1
access,access-03,0.2,0,19,1,1,1
access,access-03,0.2,2,0,3,1,1
access,access-03,0.2,2,1,3,1,1
access,access-03,0.2,2,2,2,8,8
access,access-03,0.2,2,3,3,2,2
access,access-03,0.2,2,4,3,1,1
access,access-03,0.2,2,5,3,4,4
access,access-03,0.2,2,6,3,1,1
access,access-03,0.2,2,7,2,9,9
access,access-03,0.2,2,8,3,1,1
access,access-03,0.2,2,9,3,1,1
access,access-03,0.2,2,10,3,1,1
access,access-03,0.2,2,11,3,1,1
access,access-03,0.2,2,12,3,1,1
access,access-03,0.2,2,13,2,7,7
access,access-03,0.2,2,14,3,3,3
access,access-03,0.2,2,15,2,7,7
access,access-03,0.2,2,16,3,1,1
access,access-03,0.2,2,17,2,9,9
access,access-03,0.2,2,18,3,1,1
access,access-03,0.2,2,19,3,2,2
access,access-03,0.2,4,0,4,13,13
access,access-03,0.2,4,1,5,2,2
access,access-03,0.2,4,2,4,12,12
access,access-03,0.2,4,3,5,2,3
access,access-03,0.2,4,4,4,12,12
access,access-03,0.2,4,5,5,3,3
access,access-03,0.2,4,6,5,2,1
access,access-03,0.2,4,7,5,3,1
access,access-03,0.2,4,8,5,2,2
access,access-03,0.2,4,9,5,2,1
access,access-03,0.2,4,10,5,2,2
access,access-03,0.2,4,11,5,1,1
access,access-03,0.2,4,12,5,3,3
access,access-03,0.2,4,13,5,1,1
access,access-03,0.2,4,14,5,1,1
access,access-03,0.2,4,15,5,1,1
access,access-03,0.2,4,16,5,3,3
access,access-03,0.2,4,17,5,3,2
access,access-03,0.2,4,18,5,3,1
access,access-03,0.2,4,19,5,3,2
access,access-03,0.4,0,0,1,1,1
access,access-03,0.4,0,1,0,3,3
access,access-03,0.4,0,2,0,3,3
access,access-03,0.4,0,3,0,3,3
access,access-03,0.4,0,4,1,1,1
access,access-03,0.4,0,5,1,1,1
access,access-03,0.4,0,6,0,3,3
access,access-03,0.4,0,7,1,1,1
access,access-03,0.4,0,8,1,1,1
access,access-03,0.4,0,9,0,3,3
access,access-03,0.4,0,10,1,1,1
access,access-03,0.4,0,11,1,1,1
access,access-03,0.4,0,12,0,3,3
access,access-03,0.4,0,13,0,3,3
access,access-03,0.4,0,14,0,3,3
access,access-03,0.4,0,15,1,1,1
access,access-03,0.4,0,16,0,3,3
access,access-03,0.4,0,17,0,3,3
access,access-03,0.4,0,18,1,1,1
access,access-03,0.4,0,19,0,3,3
access,access-03,0.4,2,0,3,1,1
access,access-03,0.4,2,1,3,2,1
access,access-03,0.4,2,2,3,2,2
access,access-03,0.4,2,3,3,3,3
access,access-03,0.4,2,4,3,1,1
access,access-03,0.4,2,5,2,7,7
access,access-03,0.4,2,6,3,1,1
access,access-03,0.4,2,7,3,1,2
access,access-03,0.4,2,8,3,1,1
access,access-03,0.4,2,9,3,3,3
access,access-03,0.4,2,10,3,2,1
access,access-03,0.4,2,11,3,1,1
access,access-03,0.4,2,12,3,4,4
access,access-03,0.4,2,13,2,9,9
access,access-03,0.4,2,14,3,1,1
access,access-03,0.4,2,15,3,1,1
access,access-03,0.4,2,16,3,1,1
access,access-03,0.4,2,17,2,9,9
access,access-03,0.4,2,18,3,3,2
access,access-03,0.4,2,19,2,7,7
access,access-03,0.4,4,0,5,2,3
access,access-03,0.4,4,1,5,3,3
access,access-03,0.4,4,2,5,2,2
access,access-03,0.4,4,3,5,1,1
access,access-03,0.4,4,4,5,1,1
access,access-03,0.4,4,5,4,12,12
access,access-03,0.4,4,6,4,12,12
access,access-03,0.4,4,7,5,2,2
access,access-03,0.4,4,8,4,12,12
access,access-03,0.4,4,9,4,11,11
access,access-03,0.4,4,10,5,3,2
access,access-03,0.4,4,11,5,1,1
access,access-03,0.4,4,12,5,3,3
access,access-03,0.4,4,13,4,11,11
access,access-03,0.4,4,14,5,3,2
access,access-03,0.4,4,15,4,11,11
access,access-03,0.4,4,16,5,2,1
access,access-03,0.4,4,17,4,11,11
access,access-03,0.4,4,18,5,3,3
access,access-03,0.4,4,19,4,10,10
aggregation,aggregation-02,0.0,0,0,4,1,1
aggregation,aggregation-02,0.0,0,1,4,1,1
aggregation,aggregation-02,0.0,0,2,4,1,1
aggregation,aggregation-02,0.0,0,3,4,1,1
aggregation,aggregation-02,0.0,0,4,4,1,1
aggregation,aggregation-02,0.0,0,5,4,1,1
aggregation,aggregation-02,0.0,0,6,4,1,1
aggregation,aggregation-02,0.0,0,7,4,1,1
aggregation,aggregation-02,0.0,0,8,4,1,1
aggregation,aggregation-02,0.0,0,9,4,1,1
aggregation,aggregation-02,0.0,0,10,4,1,1
aggregation,aggregation-02,0.0,0,11,4,1,1
aggregation,aggregation-02,0.0,0,12,4,1,1
aggregation,aggregation-02,0.0,0,13,4,1,1
aggregation,aggregation-02,0.0,0,14,4,1,1
aggregation,aggregation-02,0.0,0,15,4,1,1
aggregation,aggregation-02,0.0,0,16,4,1,1
aggregation,aggregation-02,0.0,0,17,4,1,1
aggregation,aggregation-02,0.0,0,18,4,1,1
aggregation,aggregation-02,0.0,0,19,4,1,1
aggregation,aggregation-02,0.0,2,0,6,1,1
aggregation,aggregation-02,0.0,2,1,6,1,1
aggregation,aggregation-02,0.0,2,2,6,1,1
aggregation,aggregation-02,0.0,2,3,6,1,1
aggregation,aggregation-02,0.0,2,4,6,1,1
aggregation,aggregation-02,0.0,2,5,6,1,1
aggregation,aggregation-02,0.0,2,6,6,1,1
aggregation,aggregation-02,0.0,2,7,6,1,1
aggregation,aggregation-02,0.0,2,8,6,1,1
aggregation,aggregation-02,0.0,2,9,6,1,1
aggregation,aggregation-02,0.0,2,10,6,1,1
aggregation,aggregation-02,0.0,2,11,6,1,1
aggregation,aggregation-02,0.0,2,12,6,1,1
aggregation,aggregation-02,0.0,2,13,6,1,1
aggregation,aggregation-02,0.0,2,14,6,1,1
aggregation,aggregation-02,0.0,2,15,6,1,1
aggregation,aggregation-02,0.0,2,16,6,1,1
aggregation,aggregation-02,0.0,2,17,6,1,1
aggregation,aggregation-02,0.0,2,18,6,1,1
aggregation,aggregation-02,0.0,2,19,6,1,1
aggregation,aggregation-02,0.0,4,0,8,1,1
aggregation,aggregation-02,0.0,4,1,8,1,1
aggregation,aggregation-02,0.0,4,2,8,1,1
aggregation,aggregation-02,0.0,4,3,8,1,1
aggregation,aggregation-02,0.0,4,4,8,1,1
aggregation,aggregation-02,0.0,4,5,8,1,1
aggregation,aggregation-02,0.0,4,6,8,1,1
aggregation,aggregation-02,0.0,4,7,8,1,1
aggregation,aggregation-02,0.0,4,8,8,1,1
aggregation,aggregation-02,0.0,4,9,8,2,1
aggregation,aggregation-02,0.0,4,10,8,1,1
aggregation,aggregation-02,0.0,4,11,8,1,1
aggregation,aggregation-02,0.0,4,12,8,1,1
aggregation,aggregation-02,0.0,4,13,8,1,1
aggregation,aggregation-02,0.0,4,14,8,2,1
aggregation,aggregation-02,0.0,4,15,8,2,1
aggregation,aggregation-02,0.0,4,16,8,1,1
aggregation,aggregation-02,0.0,4,17,8,1,1
aggregation,aggregation-02,0.0,4,18,8,1,1
aggregation,aggregation-02,0.0,4,19,8,1,1
aggregation,aggregation-02,0.2,0,0,3,1,1
aggregation,aggregation-02,0.2,0,1,3,1,1
aggregation,aggregation-02,0.2,0,2,3,1,1
aggregation,aggregation-02,0.2,0,3,4,1,1
aggregation,aggregation-02,0.2,0,4,4,1,1
aggregation,aggregation-02,0.2,0,5,4,1,1
aggregation,aggregation-02,0.2,0,6,3,1,1
aggregation,aggregation-02,0.2,0,7,1,2,2
aggregation,aggregation-02,0.2,0,8,4,1,1
aggregation,aggregation-02,0.2,0,9,3,1,1
aggregation,aggregation-02,0.2,0,10,3,1,1
aggregation,aggregation-02,0.2,0,11,4,1,1
aggregation,aggregation-02,0.2,0,12,4,1,1
aggregation,aggregation-02,0.2,0,13,3,1,1
aggregation,aggregation-02,0.2,0,14,3,1,1
aggregation,aggregation-02,0.2,0,15,3,1,1
aggregation,aggregation-02,0.2,0,16,2,1,1
aggregation,aggregation-02,0.2,0,17,4,1,1
aggregation,aggregation-02,0.2,0,18,3,1,1
aggregation,aggregation-02,0.2,0,19,3,1,1
aggregation,aggregation-02,0.2,2,0,6,1,1
aggregation,aggregation-02,0.2,2,1,6,1,1
aggregation,aggregation-02,0.2,2,2,6,1,1
aggregation,aggregation-02,0.2,2,3,6,1,1
aggregation,aggregation-02,0.2,2,4,5,1,1
aggregation,aggregation-02,0.2,2,5,5,1,1
aggregation,aggregation-02,0.2,2,6,4,1,1
aggregation,aggregation-02,0.2,2,7,6,1,1
aggregation,aggregation-02,0.2,2,8,4,1,1
aggregation,aggregation-02,0.2,2,9,6,1,1
aggregation,aggregation-02,0.2,2,10,5,2,1
aggregation,aggregation-02,0.2,2,11,6,1,1
aggregation,aggregation-02,0.2,2,12,5,2,2
aggregation,aggregation-02,0.2,2,13,3,4,4
aggregation,aggregation-02,0.2,2,14,4,6,2
aggregation,aggregation-02,0.2,2,15,5,1,1
aggregation,aggregation-02,0.2,2,16,6,1,1
aggregation,aggregation-02,0.2,2,17,5,2,1
aggregation,aggregation-02,0.2,2,18,6,1,1
aggregation,aggregation-02,0.2,2,19,5,1,1
aggregation,aggregation-02,0.2,4,0,7,1,1
aggregation,aggregation-02,0.2,4,1,6,7,6
aggregation,aggregation-02,0.2,4,2,5,7,7
aggregation,aggregation-02,0.2,4,3,8,2,1
aggregation,aggregation-02,0.2,4,4,7,1,1
aggregation,aggregation-02,0.2,4,5,8,1,1
aggregation,aggregation-02,0.2,4,6,7,1,1
aggregation,aggregation-02,0.2,4,7,7,1,1
aggregation,aggregation-02,0.2,4,8,8,1,1
aggregation,aggregation-02,0.2,4,9,8,1,1
aggregation,aggregation-02,0.2,4,10,8,1,1
aggregation,aggregation-02,0.2,4,11,7,1,1
aggregation,aggregation-02,0.2,4,12,7,1,1
aggregation,aggregation-02,0.2,4,13,8,1,1
aggregation,aggregation-02,0.2,4,14,7,1,1
aggregation,aggregation-02,0.2,4,15,7,1,1
aggregation,aggregation-02,0.2,4,16,7,1,1
aggregation,aggregation-02,0.2,4,17,8,1,1
aggregation,aggregation-02,0.2,4,18,7,1,1
aggregation,aggregation-02,0.2,4,19,8,1,1
aggregation,aggregation-02,0.4,0,0,3,1,1
aggregation,aggregation-02,0.4,0,1,1,2,2
aggregation,aggregation-02,0.4,0,2,4,1,1
aggregation,aggregation-02,0.4,0,3,2,1,1
aggregation,aggregation-02,0.4,0,4,3,1,1
aggregation,aggregation-02,0.4,0,5,1,1,1
aggregation,aggregation-02,0.4,0,6,2,1,1
aggregation,aggregation-02,0.4,0,7,2,1,1
aggregation,aggregation-02,0.4,0,8,3,1,1
aggregation,aggregation-02,0.4,0,9,1,2,2
aggregation,aggregation-02,0.4,0,10,2,1,1
aggregation,aggregation-02,0.4,0,11,1,1,1
aggregation,aggregation-02,0.4,0,12,3,1,1
aggregation,aggregation-02,0.4,0,13,3,1,1
aggregation,aggregation-02,0.4,0,14,3,1,1
aggregation,aggregation-02,0.4,0,15,1,2,2
aggregation,aggregation-02,0.4,0,16,3,1,1
aggregation,aggregation-02,0.4,0,17,3,1,1
aggregation,aggregation-02,0.4,0,18,4,1,1
aggregation,aggregation-02,0.4,0,19,3,1,1
aggregation,aggregation-02,0.4,2,0,4,1,1
aggregation,aggregation-02,0.4,2,1,4,2,1
aggregation,aggregation-02,0.4,2,2,5,1,1
aggregation,aggregation-02,0.4,2,3,4,1,1
aggregation,aggregation-02,0.4,2,4,5,1,1
aggregation,aggregation-02,0.4,2,5,6,1,1
aggregation,aggregation-02,0.4,2,6,3,4,4
aggregation,aggregation-02,0.4,2,7,4,6,2
aggregation,aggregation-02,0.4,2,8,5,1,1
aggregation,aggregation-02,0.4,2,9,4,4,1
aggregation,aggregation-02,0.4,2,10,4,6,2
aggregation,aggregation-02,0.4,2,11,4,4,1
aggregation,aggregation-02,0.4,2,12,4,5,1
aggregation,aggregation-02,0.4,2,13,4,4,2
aggregation,aggregation-02,0.4,2,14,5,1,1
aggregation,aggregation-02,0.4,2,15,4,5,1
aggregation,aggregation-02,0.4,2,16,4,2,1
aggregation,aggregation-02,0.4,2,17,5,2,2
aggregation,aggregation-02,0.4,2,18,5,1,1
aggregation,aggregation-02,0.4,2,19,3,4,4
aggregation,aggregation-02,0.4,4,0,6,5,5
aggregation,aggregation-02,0.4,4,1,7,3,2
aggregation,aggregation-02,0.4,4,2,5,7,7
aggregation,aggregation-02,0.4,4,3,7,2,2
aggregation,aggregation-02,0.4,4,4,6,5,1
aggregation,aggregation-02,0.4,4,5,7,1,1
aggregation,aggregation-02,0.4,4,6,8,1,1
aggregation,aggregation-02,0.4,4,7,7,2,1
aggregation,aggregation-02,0.4,4,8,8,1,1
aggregation,aggregation-02,0.4,4,9,8,1,1
aggregation,aggregation-02,0.4,4,10,6,4,1
aggregation,aggregation-02,0.4,4,11,6,8,8
aggregation,aggregation-02,0.4,4,12,7,2,1
aggregation,aggregation-02,0.4,4,13,6,8,6
aggregation,aggregation-02,0.4,4,14,6,5,1
aggregation,aggregation-02,0.4,4,15,7,2,1
aggregation,aggregation-02,0.4,4,16,7,1,1
aggregation,aggregation-02,0.4,4,17,5,10,10
aggregation,aggregation-02,0.4,4,18,8,1,1
aggregation,aggregation-02,0.4,4,19,5,8,8
access,access-04,0.0,0,0,1,1,1
access,access-04,0.0,0,1,1,1,1
access,access-04,0.0,0,2,1,1,1
access,access-04,0.0,0,3,1,1,1
access,access-04,0.0,0,4,1,1,1
access,access-04,0.0,0,5,1,1,1
access,access-04,0.0,0,6,1,1,1
access,access-04,0.0,0,7,1,1,1
access,access-04,0.0,0,8,1,1,1
access,access-04,0.0,0,9,1,1,1
access,access-04,0.0,0,10,1,1,1
access,access-04,0.0,0,11,1,1,1
access,access-04,0.0,0,12,1,1,1
access,access-04,0.0,0,13,1,1,1
access,access-04,0.0,0,14,1,1,1
access,access-04,0.0,0,15,1,1,1
access,access-04,0.0,0,16,1,1,1
access,access-04,0.0,0,17,1,1,1
access,access-04,0.0,0,18,1,1,1
access,access-04,0.0,0,19,1,1,1
access,access-04,0.0,2,0,3,2,1
access,access-04,0.0,2,1,3,2,1
access,access-04,0.0,2,2,3,2,1
access,access-04,0.0,2,3,3,1,1
access,access-04,0.0,2,4,3,2,1
access,access-04,0.0,2,5,3,1,1
access,access-04,0.0,2,6,3,2,1
access,access-04,0.0,2,7,3,1,1
access,access-04,0.0,2,8,3,1,1
access,access-04,0.0,2,9,3,2,1
access,access-04,0.0,2,10,3,1,1
access,access-04,0.0,2,11,3,2,2
access,access-04,0.0,2,12,3,2,1
access,access-04,0.0,2,13,3,2,2
access,access-04,0.0,2,14,3,2,1
access,access-04,0.0,2,15,3,1,1
access,access-04,0.0,2,16,3,2,3
access,access-04,0.0,2,17,3,2,1
access,access-04,0.0,2,18,3,2,2
access,access-04,0.0,2,19,3,2,2
access,access-04,0.0,4,0,5,1,1
access,access-04,0.0,4,1,5,3,1
access,access-04,0.0,4,2,5,2,2
access,access-04,0.0,4,3,5,2,1
access,access-04,0.0,4,4,5,2,1
access,access-04,0.0,4,5,5,2,2
access,access-04,0.0,4,6,5,3,1
access,access-04,0.0,4,7,5,4,1
access,access-04,0.0,4,8,5,1,2
access,access-04,0.0,4,9,5,4,4
access,access-04,0.0,4,10,5,3,3
access,access-04,0.0,4,11,5,3,1
access,access-04,0.0,4,12,5,3,3
access,access-04,0.0,4,13,5,3,1
access,access-04,0.0,4,14,5,4,3
access,access-04,0.0,4,15,5,1,1
access,access-04,0.0,4,16,5,4,1
access,access-04,0.0,4,17,5,3,2
access,access-04,0.0,4,18,5,3,2
access,access-04,0.0,4,19,5,5,4
access,access-04,0.2,0,0,1,1,1
access,access-04,0.2,0,1,0,4,4
access,access-04,0.2,0,2,1,1,1
access,access-04,0.2,0,3,1,1,1
access,access-04,0.2,0,4,0,4,4
access,access-04,0.2,0,5,0,4,4
access,access-04,0.2,0,6,1,1,1
access,access-04,0.2,0,7,0,4,4
access,access-04,0.2,0,8,1,1,1
access,access-04,0.2,0,9,0,4,4
access,access-04,0.2,0,10,1,1,1
access,access-04,0.2,0,11,0,4,4
access,access-04,0.2,0,12,0,4,4
access,access-04,0.2,0,13,1,1,1
access,access-04,0.2,0,14,1,1,1
access,access-04,0.2,0,15,1,1,1
access,access-04,0.2,0,16,0,4,4
access,access-04,0.2,0,17,1,1,1
access,access-04,0.2,0,18,0,4,4
access,access-04,0.2,0,19,0,4,4
access,access-04,0.2,2,0,3,1,1
access,access-04,0.2,2,1,2,10,10
access,access-04,0.2,2,2,3,1,1
access,access-04,0.2,2,3,3,1,1
access,access-04,0.2,2,4,3,1,1
access,access-04,0.2,2,5,2,9,9
access,access-04,0.2,2,6,3,2,2
access,access-04,0.2,2,7,3,3,3
access,access-04,0.2,2,8,3,2,2
access,access-04,0.2,2,9,3,4,4
access,access-04,0.2,2,10,3,2,2
access,access-04,0.2,2,11,3,2,2
access,access-04,0.2,2,12,3,1,1
access,access-04,0.2,2,13,2,8,8
access,access-04,0.2,2,14,3,2,1
access,access-04,0.2,2,15,3,1,1
access,access-04,0.2,2,16,3,1,1
access,access-04,0.2,2,17,3,1,1
access,access-04,0.2,2,18,3,2,2
access,access-04,0.2,2,19,2,7,7
access,access-04,0.2,4,0,5,4,2
access,access-04,0.2,4,1,5,3,2
access,access-04,0.2,4,2,5,3,1
access,access-04,0.2,4,3,5,4,2
access,access-04,0.2,4,4,5,4,3
access,access-04,0.2,4,5,5,2,2
access,access-04,0.2,4,6,4,10,10
access,access-04,0.2,4,7,5,3,2
access,access-04,0.2,4,8,5,4,4
access,access-04,0.2,4,9,5,2,1
access,access-04,0.2,4,10,5,3,1
access,access-04,0.2,4,11,5,4,2
access,access-04,0.2,4,12,5,1,1
access,access-04,0.2,4,13,5,3,3
access,access-04,0.2,4,14,5,1,1
access,access-04,0.2,4,15,5,1,1
access,access-04,0.2,4,16,4,11,11
access,access-04,0.2,4,17,5,3,2
access,access-04,0.2,4,18,5,1,2
access,access-04,0.2,4,19,5,2,2
access,access-04,0.4,0,0,1,1,1
access,access-04,0.4,0,1,1,1,1
access,access-04,0.4,0,2,1,1,1
access,access-04,0.4,0,3,0,4,4
access,access-04,0.4,0,4,0,4,4
access,access-04,0.4,0,5,1,1,1
access,access-04,0.4,0,6,1,1,1
access,access-04,0.4,0,7,1,1,1
access,access-04,0.4,0,8,1,1,1
access,access-04,0.4,0,9,0,4,4
access,access-04,0.4,0,10,0,4,4
access,access-04,0.4,0,11,0,4,4
access,access-04,0.4,0,12,1,1,1
access,access-04,0.4,0,13,0,4,4
access,access-04,0.4,0,14,0,4,4
access,access-04,0.4,0,15,1,1,1
access,access-04,0.4,0,16,1,1,1
access,access-04,0.4,0,17,0,4,4
access,access-04,0.4,0,18,1,1,1
access,access-04,0.4,0,19,1,1,1
access,access-04,0.4,2,0,3,2,1
access,access-04,0.4,2,1,2,8,8
access,access-04,0.4,2,2,3,2,1
access,access-04,0.4,2,3,2,7,7
access,access-04,0.4,2,4,3,1,1
access,access-04,0.4,2,5,2,9,9
access,access-04,0.4,2,6,2,9,9
access,access-04,0.4,2,7,2,9,9
access,access-04,0.4,2,8,3,2,2
access,access-04,0.4,2,9,3,2,1
access,access-04,0.4,2,10,3,2,2
access,access-04,0.4,2,11,2,10,10
access,access-04,0.4,2,12,3,2,2
access,access-04,0.4,2,13,2,9,9
access,access-04,0.4,2,14,3,2,3
access,access-04,0.4,2,15,3,2,1
access,access-04,0.4,2,16,2,9,9
access,access-04,0.4,2,17,3,1,1
access,access-04,0.4,2,18,2,9,9
access,access-04,0.4,2,19,3,2,1
access,access-04,0.4,4,0,5,2,2
access,access-04,0.4,4,1,5,3,1
access,access-04,0.4,4,2,5,3,1
access,access-04,0.4,4,3,4,12,12
access,access-04,0.4,4,4,4,14,14
access,access-04,0.4,4,5,4,12,12
access,access-04,0.4,4,6,5,2,2
access,access-04,0.4,4,7,5,4,4
access,access-04,0.4,4,8,4,13,13
access,access-04,0.4,4,9,5,2,2
access,access-04,0.4,4,10,5,4,4
access,access-04,0.4,4,11,4,12,12
access,access-04,0.4,4,12,5,4,2
access,access-04,0.4,4,13,4,12,12
access,access-04,0.4,4,14,5,3,3
access,access-04,0.4,4,15,4,9,9
access,access-04,0.4,4,16,5,2,2
access,access-04,0.4,4,17,5,1,1
access,access-04,0.4,4,18,5,2,1
access,access-04,0.4,4,19,5,3,1
access,access-05,0.0,0,0,1,1,1
access,access-05,0.0,0,1,1,1,1
access,access-05,0.0,0,2,1,1,1
access,access-05,0.0,0,3,1,1,1
access,access-05,0.0,0,4,1,1,1
access,access-05,0.0,0,5,1,1,1
access,access-05,0.0,0,6,1,1,1
access,access-05,0.0,0,7,1,1,1
access,access-05,0.0,0,8,1,1,1
access,access-05,0.0,0,9,1,1,1
access,access-05,0.0,0,10,1,1,1
access,access-05,0.0,0,11,1,1,1
access,access-05,0.0,0,12,1,1,1
access,access-05,0.0,0,13,1,1,1
access,access-05,0.0,0,14,1,1,1
access,access-05,0.0,0,15,1,1,1
access,access-05,0.0,0,16,1,1,1
access,access-05,0.0,0,17,1,1,1
access,access-05,0.0,0,18,1,1,1
access,access-05,0.0,0,19,1,1,1
access,access-05,0.0,2,0,3,1,1
access,access-05,0.0,2,1,3,2,3
access,access-05,0.0,2,2,3,2,2
access,access-05,0.0,2,3,3,2,2
access,access-05,0.0,2,4,3,5,4
access,access-05,0.0,2,5,3,2,2
access,access-05,0.0,2,6,3,2,2
access,access-05,0.0,2,7,3,3,3
access,access-05,0.0,2,8,3,2,2
access,access-05,0.0,2,9,3,4,4
access,access-05,0.0,2,10,3,1,1
access,access-05,0.0,2,11,3,1,1
access,access-05,0.0,2,12,3,2,1
access,access-05,0.0,2,13,3,1,2
access,access-05,0.0,2,14,3,1,1
access,access-05,0.0,2,15,3,1,1
access,access-05,0.0,2,16,3,3,2
access,access-05,0.0,2,17,3,2,3
access,access-05,0.0,2,18,3,2,1
access,access-05,0.0,2,19,3,2,2
access,access-05,0.0,4,0,5,1,1
access,access-05,0.0,4,1,5,3,3
access,access-05,0.0,4,2,5,2,2
access,access-05,0.0,4,3,5,3,3
access,access-05,0.0,4,4,5,5,3
access,access-05,0.0,4,5,5,3,2
access,access-05,0.0,4,6,5,1,1
access,access-05,0.0,4,7,5,4,2
access,access-05,0.0,4,8,5,2,2
access,access-05,0.0,4,9,5,4,4
access,access-05,0.0,4,10,5,2,1
access,access-05,0.0,4,11,5,3,3
access,access-05,0.0,4,12,5,1,1
access,access-05,0.0,4,13,5,2,1
access,access-05,0.0,4,14,5,1,1
access,access-05,0.0,4,15,5,4,2
access,access-05,0.0,4,16,5,2,2
access,access-05,0.0,4,17,5,3,3
access,access-05,0.0,4,18,5,4,3
access,access-05,0.0,4,19,5,2,2
access,access-05,0.2,0,0,1,1,1
access,access-05,0.2,0,1,1,1,1
access,access-05,0.2,0,2,1,1,1
access,access-05,0.2,0,3,1,1,1
access,access-05,0.2,0,4,1,1,1
access,access-05,0.2,0,5,1,1,1
access,access-05,0.2,0,6,1,1,1
access,access-05,0.2,0,7,0,5,5
access,access-05,0.2,0,8,1,1,1
access,access-05,0.2,0,9,1,1,1
access,access-05,0.2,0,10,1,1,1
access,access-05,0.2,0,11,1,1,1
access,access-05,0.2,0,12,1,1,1
access,access-05,0.2,0,13,1,1,1
access,access-05,0.2,0,14,1,1,1
access,access-05,0.2,0,15,1,1,1
access,access-05,0.2,0,16,1,1,1
access,access-05,0.2,0,17,0,5,5
access,access-05,0.2,0,18,0,5,5
access,access-05,0.2,0,19,1,1,1
access,access-05,0.2,2,0,3,1,1
access,access-05,0.2,2,1,3,1,1
access,access-05,0.2,2,2,3,2,1
access,access-05,0.2,2,3,3,5,5
access,access-05,0.2,2,4,3,1,1
access,access-05,0.2,2,5,3,1,1
access,access-05,0.2,2,6,3,1,2
access,access-05,0.2,2,7,3,1,1
access,access-05,0.2,2,8,3,1,1
access,access-05,0.2,2,9,3,1,1
access,access-05,0.2,2,10,3,1,1
access,access-05,0.2,2,11,2,11,11
access,access-05,0.2,2,12,3,4,4
access,access-05,0.2,2,13,3,2,2
access,access-05,0.2,2,14,3,1,1
access,access-05,0.2,2,15,2,9,9
access,access-05,0.2,2,16,2,11,11
access,access-05,0.2,2,17,3,2,2
access,access-05,0.2,2,18,3,2,2
access,access-05,0.2,2,19,3,2,1
access,access-05,0.2,4,0,5,2,1
access,access-05,0.2,4,1,5,4,3
access,access-05,0.2,4,2,4,12,12
access,access-05,0.2,4,3,5,3,1
access,access-05,0.2,4,4,5,3,3
access,access-05,0.2,4,5,5,2,2
access,access-05,0.2,4,6,4,10,10
access,access-05,0.2,4,7,5,4,3
access,access-05,0.2,4,8,5,5,5
access,access-05,0.2,4,9,5,3,2
access,access-05,0.2,4,10,5,1,1
access,access-05,0.2,4,11,5,4,3
access,access-05,0.2,4,12,5,4,3
access,access-05,0.2,4,13,5,3,2
access,access-05,0.2,4,14,4,12,12
access,access-05,0.2,4,15,5,1,1
access,access-05,0.2,4,16,5,3,1
access,access-05,0.2,4,17,5,5,5
access,access-05,0.2,4,18,5,2,2
access,access-05,0.2,4,19,5,2,2
access,access-05,0.4,0,0,1,1,1
access,access-05,0.4,0,1,0,5,5
access,access-05,0.4,0,2,1,1,1
access,access-05,0.4,0,3,0,5,5
access,access-05,0.4,0,4,0,5,5
access,access-05,0.4,0,5,1,1,1
access,access-05,0.4,0,6,1,1,1
access,access-05,0.4,0,7,0,5,5
access,access-05,0.4,0,8,1,1,1
access,access-05,0.4,0,9,0,5,5
access,access-05,0.4,0,10,1,1,1
access,access-05,0.4,0,11,0,5,5
access,access-05,0.4,0,12,0,5,5
access,access-05,0.4,0,13,0,5,5
access,access-05,0.4,0,14,0,5,5
access,access-05,0.4,0,15,1,1,1
access,access-05,0.4,0,16,1,1,1
access,access-05,0.4,0,17,1,1,1
access,access-05,0.4,0,18,1,1,1
access,access-05,0.4,0,19,0,5,5
access,access-05,0.4,2,0,2,10,10
access,access-05,0.4,2,1,2,9,9
access,access-05,0.4,2,2,3,3,2
access,access-05,0.4,2,3,3,1,1
access,access-05,0.4,2,4,3,2,2
access,access-05,0.4,2,5,3,1,1
access,access-05,0.4,2,6,3,2,2
access,access-05,0.4,2,7,2,8,8
access,access-05,0.4,2,8,3,1,2
access,access-05,0.4,2,9,2,10,10
access,access-05,0.4,2,10,3,1,1
access,access-05,0.4,2,11,3,1,1
access,access-05,0.4,2,12,3,2,2
access,access-05,0.4,2,13,3,1,1
access,access-05,0.4,2,14,2,9,9
access,access-05,0.4,2,15,3,2,2
access,access-05,0.4,2,16,2,7,7
access,access-05,0.4,2,17,3,1,1
access,access-05,0.4,2,18,3,1,1
access,access-05,0.4,2,19,3,2,2
access,access-05,0.4,4,0,5,2,1
access,access-05,0.4,4,1,5,4,3
access,access-05,0.4,4,2,4,13,13
access,access-05,0.4,4,3,5,3,1
access,access-05,0.4,4,4,5,3,1
access,access-05,0.4,4,5,5,2,2
access,access-05,0.4,4,6,4,11,11
access,access-05,0.4,4,7,4,14,14
access,access-05,0.4,4,8,5,1,1
access,access-05,0.4,4,9,5,3,3
access,access-05,0.4,4,10,5,2,1
access,access-05,0.4,4,11,4,9,9
access,access-05,0.4,4,12,4,13,13
access,access-05,0.4,4,13,5,4,3
access,access-05,0.4,4,14,4,11,11
access,access-05,0.4,4,15,5,1,1
access,access-05,0.4,4,16,4,12,12
access,access-05,0.4,4,17,5,3,3
access,access-05,0.4,4,18,5,2,2
access,access-05,0.4,4,19,4,11,11
access,access-06,0.0,0,0,1,1,1
access,access-06,0.0,0,1,1,1,1
access,access-06,0.0,0,2,1,1,1
access,access-06,0.0,0,3,1,1,1
access,access-06,0.0,0,4,1,1,1
access,access-06,0.0,0,5,1,1,1
access,access-06,0.0,0,6,1,1,1
access,access-06,0.0,0,7,1,1,1
access,access-06,0.0,0,8,1,1,1
access,access-06,0.0,0,9,1,1,1
access,access-06,0.0,0,10,1,1,1
access,access-06,0.0,0,11,1,1,1
access,access-06,0.0,0,12,1,1,1
access,access-06,0.0,0,13,1,1,1
access,access-06,0.0,0,14,1,1,1
access,access-06,0.0,0,15,1,1,1
access,access-06,0.0,0,16,1,1,1
access,access-06,0.0,0,17,1,1,1
access,access-06,0.0,0,18,1,1,1
access,access-06,0.0,0,19,1,1,1
access,access-06,0.0,2,0,3,2,1
access,access-06,0.0,2,1,3,2,2
access,access-06,0.0,2,2,3,1,1
access,access-06,0.0,2,3,3,4,4
access,access-06,0.0,2,4,3,1,1
access,access-06,0.0,2,5,3,3,2
access,access-06,0.0,2,6,3,1,1
access,access-06,0.0,2,7,3,5,5
access,access-06,0.0,2,8,3,2,1
access,access-06,0.0,2,9,3,5,5
access,access-06,0.0,2,10,3,2,3
access,access-06,0.0,2,11,3,1,1
access,access-06,0.0,2,12,3,1,1
access,access-06,0.0,2,13,3,1,1
access,access-06,0.0,2,14,3,1,1
access,access-06,0.0,2,15,3,3,3
access,access-06,0.0,2,16,3,1,1
access,access-06,0.0,2,17,3,2,2
access,access-06,0.0,2,18,3,1,1
access,access-06,0.0,2,19,3,2,2
access,access-06,0.0,4,0,5,2,2
access,access-06,0.0,4,1,5,3,3
access,access-06,0.0,4,2,5,5,4
access,access-06,0.0,4,3,5,4,3
access,access-06,0.0,4,4,5,2,2
access,access-06,0.0,4,5,5,1,1
access,access-06,0.0,4,6,5,4,3
access,access-06,0.0,4,7,5,2,1
access,access-06,0.0,4,8,5,5,5
access,access-06,0.0,4,9,5,4,3
access,access-06,0.0,4,10,5,3,2
access,access-06,0.0,4,11,5,4,2
access,access-06,0.0,4,12,5,1,1
access,access-06,0.0,4,13,5,5,4
access,access-06,0.0,4,14,5,2,1
access,access-06,0.0,4,15,5,2,1
access,access-06,0.0,4,16,5,3,3
access,access-06,0.0,4,17,5,4,3
access,access-06,0.0,4,18,5,3,3
access,access-06,0.0,4,19,5,2,2
access,access-06,0.2,0,0,1,1,1
access,access-06,0.2,0,1,1,1,1
access,access-06,0.2,0,2,0,6,6
access,access-06,0.2,0,3,1,1,1
access,access-06,0.2,0,4,1,1,1
access,access-06,0.2,0,5,1,1,1
access,access-06,0.2,0,6,0,6,6
access,access-06,0.2,0,7,0,6,6
access,access-06,0.2,0,8,1,1,1
access,access-06,0.2,0,9,0,6,6
access,access-06,0.2,0,10,1,1,1
access,access-06,0.2,0,11,0,6,6
access,access-06,0.2,0,12,1,1,1
access,access-06,0.2,0,13,1,1,1
access,access-06,0.2,0,14,1,1,1
access,access-06,0.2,0,15,0,6,6
access,access-06,0.2,0,16,0,6,6
access,access-06,0.2,0,17,0,6,6
access,access-06,0.2,0,18,1,1,1
access,access-06,0.2,0,19,1,1,1
access,access-06,0.2,2,0,3,2,2
access,access-06,0.2,2,1,3,1,2
access,access-06,0.2,2,2,2,9,9
access,access-06,0.2,2,3,3,3,3
access,access-06,0.2,2,4,3,1,1
access,access-06,0.2,2,5,3,1,1
access,access-06,0.2,2,6,3,1,1
access,access-06,0.2,2,7,3,4,4
access,access-06,0.2,2,8,3,1,1
access,access-06,0.2,2,9,3,1,1
access,access-06,0.2,2,10,3,1,1
access,access-06,0.2,2,11,3,1,1
access,access-06,0.2,2,12,3,1,1
access,access-06,0.2,2,13,3,1,1
access,access-06,0.2,2,14,2,11,11
access,access-06,0.2,2,15,3,2,3
access,access-06,0.2,2,16,3,2,2
access,access-06,0.2,2,17,2,9,9
access,access-06,0.2,2,18,3,3,3
access,access-06,0.2,2,19,3,4,4
access,access-06,0.2,4,0,5,4,2
access,access-06,0.2,4,1,5,1,1
access,access-06,0.2,4,2,5,1,1
access,access-06,0.2,4,3,5,2,1
access,access-06,0.2,4,4,5,2,2
access,access-06,0.2,4,5,5,3,2
access,access-06,0.2,4,6,5,1,1
access,access-06,0.2,4,7,5,2,2
access,access-06,0.2,4,8,4,13,13
access,access-06,0.2,4,9,5,5,4
access,access-06,0.2,4,10,4,13,13
access,access-06,0.2,4,11,5,4,3
access,access-06,0.2,4,12,5,5,5
access,access-06,0.2,4,13,5,4,3
access,access-06,0.2,4,14,5,2,2
access,access-06,0.2,4,15,5,5,3
access,access-06,0.2,4,16,5,1,1
access,access-06,0.2,4,17,5,2,2
access,access-06,0.2,4,18,5,3,2
access,access-06,0.2,4,19,5,3,2
access,access-06,0.4,0,0,0,6,6
access,access-06,0.4,0,1,1,1,1
access,access-06,0.4,0,2,1,1,1
access,access-06,0.4,0,3,1,1,1
access,access-06,0.4,0,4,1,1,1
access,access-06,0.4,0,5,1,1,1
access,access-06,0.4,0,6,0,6,6
access,access-06,0.4,0,7,1,1,1
access,access-06,0.4,0,8,1,1,1
access,access-06,0.4,0,9,0,6,6
access,access-06,0.4,0,10,1,1,1
access,access-06,0.4,0,11,1,1,1
access,access-06,0.4,0,12,1,1,1
access,access-06,0.4,0,13,1,1,1
access,access-06,0.4,0,14,1,1,1
access,access-06,0.4,0,15,1,1,1
access,access-06,0.4,0,16,0,6,6
access,access-06,0.4,0,17,0,6,6
access,access-06,0.4,0,18,0,6,6
access,access-06,0.4,0,19,0,6,6
access,access-06,0.4,2,0,3,3,3
access,access-06,0.4,2,1,2,12,12
access,access-06,0.4,2,2,3,1,1
access,access-06,0.4,2,3,2,11,11
access,access-06,0.4,2,4,3,3,4
access,access-06,0.4,2,5,2,12,12
access,access-06,0.4,2,6,3,1,1
access,access-06,0.4,2,7,2,11,11
access,access-06,0.4,2,8,2,9,9
access,access-06,0.4,2,9,3,1,1
access,access-06,0.4,2,10,2,8,8
access,access-06,0.4,2,11,3,1,1
access,access-06,0.4,2,12,3,3,3
access,access-06,0.4,2,13,2,8,8
access,access-06,0.4,2,14,3,2,2
access,access-06,0.4,2,15,3,1,1
access,access-06,0.4,2,16,2,10,10
access,access-06,0.4,2,17,2,11,11
access,access-06,0.4,2,18,3,2,1
access,access-06,0.4,2,19,3,1,1
access,access-06,0.4,4,0,5,2,2
access,access-06,0.4,4,1,5,2,1
access,access-06,0.4,4,2,4,13,13
access,access-06,0.4,4,3,5,5,4
access,access-06,0.4,4,4,5,3,2
access,access-06,0.4,4,5,5,1,1
access,access-06,0.4,4,6,4,12,12
access,access-06,0.4,4,7,4,12,12
access,access-06,0.4,4,8,4,12,12
access,access-06,0.4,4,9,5,1,1
access,access-06,0.4,4,10,5,4,4
access,access-06,0.4,4,11,5,3,2
access,access-06,0.4,4,12,5,1,1
access,access-06,0.4,4,13,5,4,3
access,access-06,0.4,4,14,5,5,4
access,access-06,0.4,4,15,4,15,15
access,access-06,0.4,4,16,5,5,4
access,access-06,0.4,4,17,5,2,2
access,access-06,0.4,4,18,5,5,4
access,access-06,0.4,4,19,4,13,13
aggregation,aggregation-03,0.0,0,0,4,1,1
aggregation,aggregation-03,0.0,0,1,4,1,1
aggregation,aggregation-03,0.0,0,2,4,1,1
aggregation,aggregation-03,0.0,0,3,4,1,1
aggregation,aggregation-03,0.0,0,4,4,1,1
aggregation,aggregation-03,0.0,0,5,4,1,1
aggregation,aggregation-03,0.0,0,6,4,1,1
aggregation,aggregation-03,0.0,0,7,4,1,1
aggregation,aggregation-03,0.0,0,8,4,1,1
aggregation,aggregation-03,0.0,0,9,4,1,1
aggregation,aggregation-03,0.0,0,10,4,1,1
aggregation,aggregation-03,0.0,0,11,4,1,1
aggregation,aggregation-03,0.0,0,12,4,1,1
aggregation,aggregation-03,0.0,0,13,4,1,1
aggregation,aggregation-03,0.0,0,14,4,1,1
aggregation,aggregation-03,0.0,0,15,4,1,1
aggregation,aggregation-03,0.0,0,16,4,1,1
aggregation,aggregation-03,0.0,0,17,4,1,1
aggregation,aggregation-03,0.0,0,18,4,1,1
aggregation,aggregation-03,0.0,0,19,4,1,1
aggregation,aggregation-03,0.0,2,0,6,1,1
aggregation,aggregation-03,0.0,2,1,6,1,1
aggregation,aggregation-03,0.0,2,2,6,1,1
aggregation,aggregation-03,0.0,2,3,6,1,1
aggregation,aggregation-03,0.0,2,4,6,1,1
aggregation,aggregation-03,0.0,2,5,6,1,1
aggregation,aggregation-03,0.0,2,6,6,1,1
aggregation,aggregation-03,0.0,2,7,6,1,1
aggregation,aggregation-03,0.0,2,8,6,1,1
aggregation,aggregation-03,0.0,2,9,6,1,1
aggregation,aggregation-03,0.0,2,10,6,1,1
aggregation,aggregation-03,0.0,2,11,6,1,1
aggregation,aggregation-03,0.0,2,12,6,1,1
aggregation,aggregation-03,0.0,2,13,6,1,1
aggregation,aggregation-03,0.0,2,14,6,1,1
aggregation,aggregation-03,0.0,2,15,6,1,1
aggregation,aggregation-03,0.0,2,16,6,1,1
aggregation,aggregation-03,0.0,2,17,6,1,1
aggregation,aggregation-03,0.0,2,18,6,1,1
aggregation,aggregation-03,0.0,2,19,6,1,1
aggregation,aggregation-03,0.0,4,0,8,1,1
aggregation,aggregation-03,0.0,4,1,8,1,1
aggregation,aggregation-03,0.0,4,2,8,2,2
aggregation,aggregation-03,0.0,4,3,8,1,1
aggregation,aggregation-03,0.0,4,4,8,1,1
aggregation,aggregation-03,0.0,4,5,8,1,1
aggregation,aggregation-03,0.0,4,6,8,1,1
aggregation,aggregation-03,0.0,4,7,8,1,1
aggregation,aggregation-03,0.0,4,8,8,1,1
aggregation,aggregation-03,0.0,4,9,8,1,1
aggregation,aggregation-03,0.0,4,10,8,1,1
aggregation,aggregation-03,0.0,4,11,8,1,1
aggregation,aggregation-03,0.0,4,12,8,1,1
aggregation,aggregation-03,0.0,4,13,8,2,1
aggregation,aggregation-03,0.0,4,14,8,1,1
aggregation,aggregation-03,0.0,4,15,8,1,1
aggregation,aggregation-03,0.0,4,16,8,1,1
aggregation,aggregation-03,0.0,4,17,8,1,1
aggregation,aggregation-03,0.0,4,18,8,2,1
aggregation,aggregation-03,0.0,4,19,8,1,1
aggregation,aggregation-03,0.2,0,0,3,1,1
aggregation,aggregation-03,0.2,0,1,4,1,1
aggregation,aggregation-03,0.2,0,2,3,1,1
aggregation,aggregation-03,0.2,0,3,4,1,1
aggregation,aggregation-03,0.2,0,4,3,1,1
aggregation,aggregation-03,0.2,0,5,4,1,1
aggregation,aggregation-03,0.2,0,6,3,1,1
aggregation,aggregation-03,0.2,0,7,3,1,1
aggregation,aggregation-03,0.2,0,8,2,1,1
aggregation,aggregation-03,0.2,0,9,4,1,1
aggregation,aggregation-03,0.2,0,10,3,1,1
aggregation,aggregation-03,0.2,0,11,3,1,1
aggregation,aggregation-03,0.2,0,12,3,1,1
aggregation,aggregation-03,0.2,0,13,4,1,1
aggregation,aggregation-03,0.2,0,14,3,1,1
aggregation,aggregation-03,0.2,0,15,3,1,1
aggregation,aggregation-03,0.2,0,16,2,1,1
aggregation,aggregation-03,0.2,0,17,2,1,1
aggregation,aggregation-03,0.2,0,18,2,1,1
aggregation,aggregation-03,0.2,0,19,2,1,1
aggregation,aggregation-03,0.2,2,0,4,5,2
aggregation,aggregation-03,0.2,2,1,3,3,3
aggregation,aggregation-03,0.2,2,2,6,1,1
aggregation,aggregation-03,0.2,2,3,4,4,1
aggregation,aggregation-03,0.2,2,4,4,4,1
aggregation,aggregation-03,0.2,2,5,5,1,1
aggregation,aggregation-03,0.2,2,6,6,1,1
aggregation,aggregation-03,0.2,2,7,6,1,1
aggregation,aggregation-03,0.2,2,8,6,1,1
aggregation,aggregation-03,0.2,2,9,6,1,1
aggregation,aggregation-03,0.2,2,10,5,1,1
aggregation,aggregation-03,0.2,2,11,6,1,1
aggregation,aggregation-03,0.2,2,12,6,1,1
aggregation,aggregation-03,0.2,2,13,5,1,1
aggregation,aggregation-03,0.2,2,14,6,1,1
aggregation,aggregation-03,0.2,2,15,4,5,1
aggregation,aggregation-03,0.2,2,16,6,1,1
aggregation,aggregation-03,0.2,2,17,6,1,1
aggregation,aggregation-03,0.2,2,18,5,1,1
aggregation,aggregation-03,0.2,2,19,4,1,1
aggregation,aggregation-03,0.2,4,0,8,1,1
aggregation,aggregation-03,0.2,4,1,8,1,1
aggregation,aggregation-03,0.2,4,2,7,1,1
aggregation,aggregation-03,0.2,4,3,7,1,1
aggregation,aggregation-03,0.2,4,4,7,2,1
aggregation,aggregation-03,0.2,4,5,7,1,1
aggregation,aggregation-03,0.2,4,6,7,2,1
aggregation,aggregation-03,0.2,4,7,7,1,1
aggregation,aggregation-03,0.2,4,8,7,2,1
aggregation,aggregation-03,0.2,4,9,8,1,1
aggregation,aggregation-03,0.2,4,10,7,2,1
aggregation,aggregation-03,0.2,4,11,8,1,1
aggregation,aggregation-03,0.2,4,12,7,2,1
aggregation,aggregation-03,0.2,4,13,5,10,10
aggregation,aggregation-03,0.2,4,14,7,2,2
aggregation,aggregation-03,0.2,4,15,8,2,1
aggregation,aggregation-03,0.2,4,16,8,1,1
aggregation,aggregation-03,0.2,4,17,5,8,8
aggregation,aggregation-03,0.2,4,18,6,5,1
aggregation,aggregation-03,0.2,4,19,7,2,1
aggregation,aggregation-03,0.4,0,0,3,1,1
aggregation,aggregation-03,0.4,0,1,2,1,1
aggregation,aggregation-03,0.4,0,2,3,1,1
aggregation,aggregation-03,0.4,0,3,2,1,1
aggregation,aggregation-03,0.4,0,4,3,1,1
aggregation,aggregation-03,0.4,0,5,2,1,1
aggregation,aggregation-03,0.4,0,6,2,1,1
aggregation,aggregation-03,0.4,0,7,3,1,1
aggregation,aggregation-03,0.4,0,8,2,1,1
aggregation,aggregation-03,0.4,0,9,2,1,1
aggregation,aggregation-03,0.4,0,10,1,1,1
aggregation,aggregation-03,0.4,0,11,2,1,1
aggregation,aggregation-03,0.4,0,12,2,1,1
aggregation,aggregation-03,0.4,0,13,0,21,21
aggregation,aggregation-03,0.4,0,14,2,1,1
aggregation,aggregation-03,0.4,0,15,3,1,1
aggregation,aggregation-03,0.4,0,16,2,1,1
aggregation,aggregation-03,0.4,0,17,3,1,1
aggregation,aggregation-03,0.4,0,18,2,1,1
aggregation,aggregation-03,0.4,0,19,2,1,1
aggregation,aggregation-03,0.4,2,0,4,4,1
aggregation,aggregation-03,0.4,2,1,5,1,1
aggregation,aggregation-03,0.4,2,2,5,1,1
aggregation,aggregation-03,0.4,2,3,3,6,6
aggregation,aggregation-03,0.4,2,4,4,6,2
aggregation,aggregation-03,0.4,2,5,5,1,1
aggregation,aggregation-03,0.4,2,6,5,2,1
aggregation,aggregation-03,0.4,2,7,4,1,1
aggregation,aggregation-03,0.4,2,8,4,4,2
aggregation,aggregation-03,0.4,2,9,3,5,5
aggregation,aggregation-03,0.4,2,10,3,5,5
aggregation,aggregation-03,0.4,2,11,2,24,24
aggregation,aggregation-03,0.4,2,12,5,2,2
aggregation,aggregation-03,0.4,2,13,4,5,1
aggregation,aggregation-03,0.4,2,14,5,1,1
aggregation,aggregation-03,0.4,2,15,3,3,3
aggregation,aggregation-03,0.4,2,16,4,2,1
aggregation,aggregation-03,0.4,2,17,5,1,1
aggregation,aggregation-03,0.4,2,18,4,1,1
aggregation,aggregation-03,0.4,2,19,5,1,1
aggregation,aggregation-03,0.4,4,0,6,7,7
aggregation,aggregation-03,0.4,4,1,7,1,1
aggregation,aggregation-03,0.4,4,2,6,7,6
aggregation,aggregation-03,0.4,4,3,7,1,1
aggregation,aggregation-03,0.4,4,4,7,1,1
aggregation,aggregation-03,0.4,4,5,8,1,1
aggregation,aggregation-03,0.4,4,6,4,24,24
aggregation,aggregation-03,0.4,4,7,8,2,1
aggregation,aggregation-03,0.4,4,8,6,8,6
aggregation,aggregation-03,0.4,4,9,7,1,1
aggregation,aggregation-03,0.4,4,10,7,2,1
aggregation,aggregation-03,0.4,4,11,6,6,1
aggregation,aggregation-03,0.4,4,12,5,11,11
aggregation,aggregation-03,0.4,4,13,4,25,25
aggregation,aggregation-03,0.4,4,14,6,8,8
aggregation,aggregation-03,0.4,4,15,6,6,5
aggregation,aggregation-03,0.4,4,16,7,2,2
aggregation,aggregation-03,0.4,4,17,7,2,1
aggregation,aggregation-03,0.4,4,18,7,2,2
aggregation,aggregation-03,0.4,4,19,6,7,6
access,access-07,0.0,0,0,1,1,1
access,access-07,0.0,0,1,1,1,1
access,access-07,0.0,0,2,1,1,1
access,access-07,0.0,0,3,1,1,1
access,access-07,0.0,0,4,1,1,1
access,access-07,0.0,0,5,1,1,1
access,access-07,0.0,0,6,1,1,1
access,access-07,0.0,0,7,1,1,1
access,access-07,0.0,0,8,1,1,1
access,access-07,0.0,0,9,1,1,1
access,access-07,0.0,0,10,1,1,1
access,access-07,0.0,0,11,1,1,1
access,access-07,0.0,0,12,1,1,1
access,access-07,0.0,0,13,1,1,1
access,access-07,0.0,0,14,1,1,1
access,access-07,0.0,0,15,1,1,1
access,access-07,0.0,0,16,1,1,1
access,access-07,0.0,0,17,1,1,1
access,access-07,0.0,0,18,1,1,1
access,access-07,0.0,0,19,1,1,1
access,access-07,0.0,2,0,3,3,2
access,access-07,0.0,2,1,3,2,2
access,access-07,0.0,2,2,3,2,1
access,access-07,0.0,2,3,3,2,1
access,access-07,0.0,2,4,3,2,2
access,access-07,0.0,2,5,3,3,3
access,access-07,0.0,2,6,3,2,2
access,access-07,0.0,2,7,3,1,1
access,access-07,0.0,2,8,3,3,2
access,access-07,0.0,2,9,3,2,2
access,access-07,0.0,2,10,3,2,2
access,access-07,0.0,2,11,3,2,1
access,access-07,0.0,2,12,3,2,2
access,access-07,0.0,2,13,3,2,2
access,access-07,0.0,2,14,3,2,2
access,access-07,0.0,2,15,3,2,2
access,access-07,0.0,2,16,3,2,2
access,access-07,0.0,2,17,3,1,1
access,access-07,0.0,2,18,3,2,2
access,access-07,0.0,2,19,3,3,3
access,access-07,0.0,4,0,5,2,2
access,access-07,0.0,4,1,5,2,2
access,access-07,0.0,4,2,5,4,4
access,access-07,0.0,4,3,5,5,4
access,access-07,0.0,4,4,5,2,2
access,access-07,0.0,4,5,5,4,3
access,access-07,0.0,4,6,5,3,2
access,access-07,0.0,4,7,5,4,4
access,access-07,0.0,4,8,5,4,3
access,access-07,0.0,4,9,5,4,4
access,access-07,0.0,4,10,5,2,2
access,access-07,0.0,4,11,5,5,4
access,access-07,0.0,4,12,5,2,2
access,access-07,0.0,4,13,5,3,2
access,access-07,0.0,4,14,5,5,3
access,access-07,0.0,4,15,5,3,3
access,access-07,0.0,4,16,5,1,1
access,access-07,0.0,4,17,5,3,2
access,access-07,0.0,4,18,5,2,2
access,access-07,0.0,4,19,5,2,1
access,access-07,0.2,0,0,1,1,1
access,access-07,0.2,0,1,1,1,1
access,access-07,0.2,0,2,1,1,1
access,access-07,0.2,0,3,1,1,1
access,access-07,0.2,0,4,1,1,1
access,access-07,0.2,0,5,1,1,1
access,access-07,0.2,0,6,1,1,1
access,access-07,0.2,0,7,1,1,1
access,access-07,0.2,0,8,1,1,1
access,access-07,0.2,0,9,1,1,1
access,access-07,0.2,0,10,0,7,7
access,access-07,0.2,0,11,1,1,1
access,access-07,0.2,0,12,1,1,1
access,access-07,0.2,0,13,1,1,1
access,access-07,0.2,0,14,1,1,1
access,access-07,0.2,0,15,1,1,1
access,access-07,0.2,0,16,1,1,1
access,access-07,0.2,0,17,1,1,1
access,access-07,0.2,0,18,1,1,1
access,access-07,0.2,0,19,1,1,1
access,access-07,0.2,2,0,3,2,2
access,access-07,0.2,2,1,3,2,3
access,access-07,0.2,2,2,3,3,2
access,access-07,0.2,2,3,2,13,13
access,access-07,0.2,2,4,2,13,13
access,access-07,0.2,2,5,3,1,1
access,access-07,0.2,2,6,3,3,3
access,access-07,0.2,2,7,3,3,3
access,access-07,0.2,2,8,2,11,11
access,access-07,0.2,2,9,3,1,1
access,access-07,0.2,2,10,3,2,2
access,access-07,0.2,2,11,2,13,13
access,access-07,0.2,2,12,3,3,3
access,access-07,0.2,2,13,3,3,4
access,access-07,0.2,2,14,3,2,2
access,access-07,0.2,2,15,3,2,1
access,access-07,0.2,2,16,2,13,13
access,access-07,0.2,2,17,2,12,12
access,access-07,0.2,2,18,2,12,12
access,access-07,0.2,2,19,3,2,2
access,access-07,0.2,4,0,4,15,15
access,access-07,0.2,4,1,5,4,3
access,access-07,0.2,4,2,5,5,4
access,access-07,0.2,4,3,5,3,2
access,access-07,0.2,4,4,5,2,2
access,access-07,0.2,4,5,5,2,2
access,access-07,0.2,4,6,5,3,3
access,access-07,0.2,4,7,4,13,13
access,access-07,0.2,4,8,5,3,3
access,access-07,0.2,4,9,4,17,17
access,access-07,0.2,4,10,5,4,3
access,access-07,0.2,4,11,4,16,16
access,access-07,0.2,4,12,5,4,3
access,access-07,0.2,4,13,5,2,2
access,access-07,0.2,4,14,5,2,1
access,access-07,0.2,4,15,5,2,1
access,access-07,0.2,4,16,5,3,3
access,access-07,0.2,4,17,5,2,2
access,access-07,0.2,4,18,5,2,2
access,access-07,0.2,4,19,5,3,1
access,access-07,0.4,0,0,0,7,7
access,access-07,0.4,0,1,1,1,1
access,access-07,0.4,0,2,0,7,7
access,access-07,0.4,0,3,1,1,1
access,access-07,0.4,0,4,1,1,1
access,access-07,0.4,0,5,1,1,1
access,access-07,0.4,0,6,0,7,7
access,access-07,0.4,0,7,1,1,1
access,access-07,0.4,0,8,0,7,7
access,access-07,0.4,0,9,0,7,7
access,access-07,0.4,0,10,1,1,1
access,access-07,0.4,0,11,0,7,7
access,access-07,0.4,0,12,1,1,1
access,access-07,0.4,0,13,0,7,7
access,access-07,0.4,0,14,0,7,7
access,access-07,0.4,0,15,1,1,1
access,access-07,0.4,0,16,0,7,7
access,access-07,0.4,0,17,1,1,1
access,access-07,0.4,0,18,1,1,1
access,access-07,0.4,0,19,1,1,1
access,access-07,0.4,2,0,2,10,10
access,access-07,0.4,2,1,3,1,1
access,access-07,0.4,2,2,3,3,2
access,access-07,0.4,2,3,3,2,2
access,access-07,0.4,2,4,3,1,1
access,access-07,0.4,2,5,3,2,1
access,access-07,0.4,2,6,3,4,3
access,access-07,0.4,2,7,2,11,11
access,access-07,0.4,2,8,2,11,11
access,access-07,0.4,2,9,3,2,2
access,access-07,0.4,2,10,2,11,11
access,access-07,0.4,2,11,2,11,11
access,access-07,0.4,2,12,2,12,12
access,access-07,0.4,2,13,3,1,1
access,access-07,0.4,2,14,3,3,2
access,access-07,0.4,2,15,2,11,11
access,access-07,0.4,2,16,2,10,10
access,access-07,0.4,2,17,3,1,1
access,access-07,0.4,2,18,3,2,1
access,access-07,0.4,2,19,3,1,1
access,access-07,0.4,4,0,4,13,13
access,access-07,0.4,4,1,4,12,12
access,access-07,0.4,4,2,4,13,13
access,access-07,0.4,4,3,4,13,13
access,access-07,0.4,4,4,4,14,14
access,access-07,0.4,4,5,5,2,2
access,access-07,0.4,4,6,4,14,14
access,access-07,0.4,4,7,5,2,3
access,access-07,0.4,4,8,5,2,2
access,access-07,0.4,4,9,5,3,3
access,access-07,0.4,4,10,4,15,15
access,access-07,0.4,4,11,5,1,1
access,access-07,0.4,4,12,5,2,1
access,access-07,0.4,4,13,5,3,3
access,access-07,0.4,4,14,5,4,4
access,access-07,0.4,4,15,5,3,2
access,access-07,0.4,4,16,5,2,2
access,access-07,0.4,4,17,5,2,1
access,access-07,0.4,4,18,5,2,2
access,access-07,0.4,4,19,5,3,3
access,access-08,0.0,0,0,1,1,1
access,access-08,0.0,0,1,1,1,1
access,access-08,0.0,0,2,1,1,1
access,access-08,0.0,0,3,1,1,1
access,access-08,0.0,0,4,1,1,1
access,access-08,0.0,0,5,1,1,1
access,access-08,0.0,0,6,1,1,1
access,access-08,0.0,0,7,1,1,1
access,access-08,0.0,0,8,1,1,1
access,access-08,0.0,0,9,1,1,1
access,access-08,0.0,0,10,1,1,1
access,access-08,0.0,0,11,1,1,1
access,access-08,0.0,0,12,1,1,1
access,access-08,0.0,0,13,1,1,1
access,access-08,0.0,0,14,1,1,1
access,access-08,0.0,0,15,1,1,1
access,access-08,0.0,0,16,1,1,1
access,access-08,0.0,0,17,1,1,1
access,access-08,0.0,0,18,1,1,1
access,access-08,0.0,0,19,1,1,1
access,access-08,0.0,2,0,3,2,2
access,access-08,0.0,2,1,3,2,2
access,access-08,0.0,2,2,3,2,1
access,access-08,0.0,2,3,3,3,2
access,access-08,0.0,2,4,3,1,1
access,access-08,0.0,2,5,3,1,1
access,access-08,0.0,2,6,3,1,1
access,access-08,0.0,2,7,3,2,2
access,access-08,0.0,2,8,3,2,2
access,access-08,0.0,2,9,3,2,2
access,access-08,0.0,2,10,3,2,2
access,access-08,0.0,2,11,3,2,2
access,access-08,0.0,2,12,3,2,2
access,access-08,0.0,2,13,3,4,4
access,access-08,0.0,2,14,3,4,4
access,access-08,0.0,2,15,3,1,1
access,access-08,0.0,2,16,3,3,3
access,access-08,0.0,2,17,3,2,2
access,access-08,0.0,2,18,3,1,1
access,access-08,0.0,2,19,3,3,2
access,access-08,0.0,4,0,5,5,3
access,access-08,0.0,4,1,5,2,1
access,access-08,0.0,4,2,5,4,3
access,access-08,0.0,4,3,5,6,6
access,access-08,0.0,4,4,5,2,2
access,access-08,0.0,4,5,5,4,3
access,access-08,0.0,4,6,5,3,2
access,access-08,0.0,4,7,5,5,5
access,access-08,0.0,4,8,5,2,2
access,access-08,0.0,4,9,5,3,1
access,access-08,0.0,4,10,5,4,3
access,access-08,0.0,4,11,5,2,1
access,access-08,0.0,4,12,5,4,2
access,access-08,0.0,4,13,5,3,3
access,access-08,0.0,4,14,5,2,2
access,access-08,0.0,4,15,5,2,2
access,access-08,0.0,4,16,5,3,2
access,access-08,0.0,4,17,5,3,2
access,access-08,0.0,4,18,5,2,2
access,access-08,0.0,4,19,5,2,1
access,access-08,0.2,0,0,1,1,1
access,access-08,0.2,0,1,1,1,1
access,access-08,0.2,0,2,1,1,1
access,access-08,0.2,0,3,1,1,1
access,access-08,0.2,0,4,0,8,8
access,access-08,0.2,0,5,0,8,8
access,access-08,0.2,0,6,1,1,1
access,access-08,0.2,0,7,1,1,1
access,access-08,0.2,0,8,1,1,1
access,access-08,0.2,0,9,1,1,1
access,access-08,0.2,0,10,1,1,1
access,access-08,0.2,0,11,1,1,1
access,access-08,0.2,0,12,0,8,8
access,access-08,0.2,0,13,0,8,8
access,access-08,0.2,0,14,1,1,1
access,access-08,0.2,0,15,1,1,1
access,access-08,0.2,0,16,1,1,1
access,access-08,0.2,0,17,1,1,1
access,access-08,0.2,0,18,1,1,1
access,access-08,0.2,0,19,1,1,1
access,access-08,0.2,2,0,3,1,1
access,access-08,0.2,2,1,3,1,1
access,access-08,0.2,2,2,3,1,1
access,access-08,0.2,2,3,3,1,1
access,access-08,0.2,2,4,3,3,3
access,access-08,0.2,2,5,3,2,2
access,access-08,0.2,2,6,3,2,2
access,access-08,0.2,2,7,3,2,2
access,access-08,0.2,2,8,2,12,12
access,access-08,0.2,2,9,3,1,1
access,access-08,0.2,2,10,3,2,1
access,access-08,0.2,2,11,3,2,2
access,access-08,0.2,2,12,3,2,2
access,access-08,0.2,2,13,3,2,2
access,access-08,0.2,2,14,3,2,3
access,access-08,0.2,2,15,3,4,3
access,access-08,0.2,2,16,2,13,13
access,access-08,0.2,2,17,3,2,2
access,access-08,0.2,2,18,3,2,2
access,access-08,0.2,2,19,3,3,3
access,access-08,0.2,4,0,5,3,2
access,access-08,0.2,4,1,5,4,3
access,access-08,0.2,4,2,5,4,3
access,access-08,0.2,4,3,5,3,2
access,access-08,0.2,4,4,5,3,3
access,access-08,0.2,4,5,5,2,2
access,access-08,0.2,4,6,4,14,14
access,access-08,0.2,4,7,5,2,2
access,access-08,0.2,4,8,4,15,15
access,access-08,0.2,4,9,5,3,3
access,access-08,0.2,4,10,5,1,1
access,access-08,0.2,4,11,5,5,3
access,access-08,0.2,4,12,5,3,3
access,access-08,0.2,4,13,5,3,4
access,access-08,0.2,4,14,4,15,15
access,access-08,0.2,4,15,5,4,4
access,access-08,0.2,4,16,4,15,15
access,access-08,0.2,4,17,5,3,2
access,access-08,0.2,4,18,5,3,3
access,access-08,0.2,4,19,5,5,3
access,access-08,0.4,0,0,1,1,1
access,access-08,0.4,0,1,0,8,8
access,access-08,0.4,0,2,1,1,1
access,access-08,0.4,0,3,0,8,8
access,access-08,0.4,0,4,0,8,8
access,access-08,0.4,0,5,1,1,1
access,access-08,0.4,0,6,1,1,1
access,access-08,0.4,0,7,1,1,1
access,access-08,0.4,0,8,1,1,1
access,access-08,0.4,0,9,1,1,1
access,access-08,0.4,0,10,0,8,8
access,access-08,0.4,0,11,0,8,8
access,access-08,0.4,0,12,0,8,8
access,access-08,0.4,0,13,0,8,8
access,access-08,0.4,0,14,1,1,1
access,access-08,0.4,0,15,1,1,1
access,access-08,0.4,0,16,1,1,1
access,access-08,0.4,0,17,1,1,1
access,access-08,0.4,0,18,0,8,8
access,access-08,0.4,0,19,0,8,8
access,access-08,0.4,2,0,3,2,3
access,access-08,0.4,2,1,2,12,12
access,access-08,0.4,2,2,2,13,13
access,access-08,0.4,2,3,2,13,13
access,access-08,0.4,2,4,3,3,3
access,access-08,0.4,2,5,3,1,1
access,access-08,0.4,2,6,2,13,13
access,access-08,0.4,2,7,3,2,2
access,access-08,0.4,2,8,2,13,13
access,access-08,0.4,2,9,3,3,2
access,access-08,0.4,2,10,2,12,12
access,access-08,0.4,2,11,3,1,1
access,access-08,0.4,2,12,3,1,1
access,access-08,0.4,2,13,3,4,4
access,access-08,0.4,2,14,2,11,11
access,access-08,0.4,2,15,2,10,10
access,access-08,0.4,2,16,3,1,1
access,access-08,0.4,2,17,3,4,4
access,access-08,0.4,2,18,3,2,1
access,access-08,0.4,2,19,3,2,2
access,access-08,0.4,4,0,5,3,3
access,access-08,0.4,4,1,4,13,13
access,access-08,0.4,4,2,4,16,16
access,access-08,0.4,4,3,4,14,14
access,access-08,0.4,4,4,5,6,5
access,access-08,0.4,4,5,5,5,4
access,access-08,0.4,4,6,5,3,2
access,access-08,0.4,4,7,4,15,15
access,access-08,0.4,4,8,5,1,1
access,access-08,0.4,4,9,5,4,3
access,access-08,0.4,4,10,5,3,3
access,access-08,0.4,4,11,5,3,1
access,access-08,0.4,4,12,4,13,13
access,access-08,0.4,4,13,5,5,5
access,access-08,0.4,4,14,5,2,2
access,access-08,0.4,4,15,5,4,3
access,access-08,0.4,4,16,4,15,15
access,access-08,0.4,4,17,5,3,1
access,access-08,0.4,4,18,4,15,15
access,access-08,0.4,4,19,5,3,2
access,access-09,0.0,0,0,1,1,1
access,access-09,0.0,0,1,1,1,1
access,access-09,0.0,0,2,1,1,1
access,access-09,0.0,0,3,1,1,1
access,access-09,0.0,0,4,1,1,1
access,access-09,0.0,0,5,1,1,1
access,access-09,0.0,0,6,1,1,1
access,access-09,0.0,0,7,1,1,1
access,access-09,0.0,0,8,1,1,1
access,access-09,0.0,0,9,1,1,1
access,access-09,0.0,0,10,1,1,1
access,access-09,0.0,0,11,1,1,1
access,access-09,0.0,0,12,1,1,1
access,access-09,0.0,0,13,1,1,1
access,access-09,0.0,0,14,1,1,1
access,access-09,0.0,0,15,1,1,1
access,access-09,0.0,0,16,1,1,1
access,access-09,0.0,0,17,1,1,1
access,access-09,0.0,0,18,1,1,1
access,access-09,0.0,0,19,1,1,1
access,access-09,0.0,2,0,3,2,2
access,access-09,0.0,2,1,3,2,2
access,access-09,0.0,2,2,3,3,2
access,access-09,0.0,2,3,3,1,2
access,access-09,0.0,2,4,3,1,1
access,access-09,0.0,2,5,3,3,4
access,access-09,0.0,2,6,3,2,2
access,access-09,0.0,2,7,3,1,1
access,access-09,0.0,2,8,3,2,2
access,access-09,0.0,2,9,3,2,2
access,access-09,0.0,2,10,3,2,2
access,access-09,0.0,2,11,3,1,1
access,access-09,0.0,2,12,3,2,2
access,access-09,0.0,2,13,3,3,3
access,access-09,0.0,2,14,3,1,1
access,access-09,0.0,2,15,3,4,4
access,access-09,0.0,2,16,3,1,1
access,access-09,0.0,2,17,3,1,1
access,access-09,0.0,2,18,3,3,2
access,access-09,0.0,2,19,3,2,1
access,access-09,0.0,4,0,5,4,3
access,access-09,0.0,4,1,5,2,2
access,access-09,0.0,4,2,5,4,2
access,access-09,0.0,4,3,5,3,3
access,access-09,0.0,4,4,5,4,4
access,access-09,0.0,4,5,5,3,3
access,access-09,0.0,4,6,5,3,3
access,access-09,0.0,4,7,5,3,3
access,access-09,0.0,4,8,5,5,4
access,access-09,0.0,4,9,5,3,2
access,access-09,0.0,4,10,5,1,1
access,access-09,0.0,4,11,5,3,1
access,access-09,0.0,4,12,5,4,4
access,access-09,0.0,4,13,5,3,2
access,access-09,0.0,4,14,5,3,2
access,access-09,0.0,4,15,5,3,2
access,access-09,0.0,4,16,5,4,3
access,access-09,0.0,4,17,5,5,4
access,access-09,0.0,4,18,5,5,4
access,access-09,0.0,4,19,5,4,2
access,access-09,0.2,0,0,1,1,1
access,access-09,0.2,0,1,0,9,9
access,access-09,0.2,0,2,1,1,1
access,access-09,0.2,0,3,0,9,9
access,access-09,0.2,0,4,1,1,1
access,access-09,0.2,0,5,1,1,1
access,access-09,0.2,0,6,0,9,9
access,access-09,0.2,0,7,1,1,1
access,access-09,0.2,0,8,1,1,1
access,access-09,0.2,0,9,1,1,1
access,access-09,0.2,0,10,1,1,1
access,access-09,0.2,0,11,0,9,9
access,access-09,0.2,0,12,1,1,1
access,access-09,0.2,0,13,1,1,1
access,access-09,0.2,0,14,1,1,1
access,access-09,0.2,0,15,1,1,1
access,access-09,0.2,0,16,0,9,9
access,access-09,0.2,0,17,0,9,9
access,access-09,0.2,0,18,1,1,1
access,access-09,0.2,0,19,1,1,1
access,access-09,0.2,2,0,3,2,2
access,access-09,0.2,2,1,3,1,2
access,access-09,0.2,2,2,2,14,14
access,access-09,0.2,2,3,3,2,2
access,access-09,0.2,2,4,2,12,12
access,access-09,0.2,2,5,3,2,2
access,access-09,0.2,2,6,3,3,4
access,access-09,0.2,2,7,3,1,1
access,access-09,0.2,2,8,3,4,3
access,access-09,0.2,2,9,2,14,14
access,access-09,0.2,2,10,3,1,1
access,access-09,0.2,2,11,3,2,2
access,access-09,0.2,2,12,3,2,2
access,access-09,0.2,2,13,3,3,2
access,access-09,0.2,2,14,3,3,3
access,access-09,0.2,2,15,2,12,12
access,access-09,0.2,2,16,3,2,2
access,access-09,0.2,2,17,3,2,2
access,access-09,0.2,2,18,3,1,1
access,access-09,0.2,2,19,3,2,1
access,access-09,0.2,4,0,4,18,18
access,access-09,0.2,4,1,5,3,3
access,access-09,0.2,4,2,5,2,2
access,access-09,0.2,4,3,5,2,2
access,access-09,0.2,4,4,5,5,4
access,access-09,0.2,4,5,4,17,17
access,access-09,0.2,4,6,5,4,4
access,access-09,0.2,4,7,5,6,6
access,access-09,0.2,4,8,5,2,2
access,access-09,0.2,4,9,5,4,4
access,access-09,0.2,4,10,5,3,2
access,access-09,0.2,4,11,5,3,3
access,access-09,0.2,4,12,5,3,2
access,access-09,0.2,4,13,5,3,2
access,access-09,0.2,4,14,4,15,15
access,access-09,0.2,4,15,5,4,2
access,access-09,0.2,4,16,5,4,3
access,access-09,0.2,4,17,5,4,4
access,access-09,0.2,4,18,5,4,3
access,access-09,0.2,4,19,5,2,2
access,access-09,0.4,0,0,0,9,9
access,access-09,0.4,0,1,1,1,1
access,access-09,0.4,0,2,0,9,9
access,access-09,0.4,0,3,1,1,1
access,access-09,0.4,0,4,0,9,9
access,access-09,0.4,0,5,1,1,1
access,access-09,0.4,0,6,1,1,1
access,access-09,0.4,0,7,0,9,9
access,access-09,0.4,0,8,1,1,1
access,access-09,0.4,0,9,1,1,1
access,access-09,0.4,0,10,0,9,9
access,access-09,0.4,0,11,1,1,1
access,access-09,0.4,0,12,0,9,9
access,access-09,0.4,0,13,0,9,9
access,access-09,0.4,0,14,0,9,9
access,access-09,0.4,0,15,0,9,9
access,access-09,0.4,0,16,0,9,9
access,access-09,0.4,0,17,0,9,9
access,access-09,0.4,0,18,0,9,9
access,access-09,0.4,0,19,1,1,1
access,access-09,0.4,2,0,2,14,14
access,access-09,0.4,2,1,2,14,14
access,access-09,0.4,2,2,2,13,13
access,access-09,0.4,2,3,3,3,3
access,access-09,0.4,2,4,3,4,4
access,access-09,0.4,2,5,3,2,2
access,access-09,0.4,2,6,3,2,1
access,access-09,0.4,2,7,2,13,13
access,access-09,0.4,2,8,2,15,15
access,access-09,0.4,2,9,3,3,3
access,access-09,0.4,2,10,3,2,2
access,access-09,0.4,2,11,3,2,2
access,access-09,0.4,2,12,3,1,1
access,access-09,0.4,2,13,2,12,12
access,access-09,0.4,2,14,3,4,4
access,access-09,0.4,2,15,3,4,3
access,access-09,0.4,2,16,3,4,3
access,access-09,0.4,2,17,2,13,13
access,access-09,0.4,2,18,3,4,3
access,access-09,0.4,2,19,2,11,11
access,access-09,0.4,4,0,5,3,3
access,access-09,0.4,4,1,4,17,17
access,access-09,0.4,4,2,5,1,1
access,access-09,0.4,4,3,4,16,16
access,access-09,0.4,4,4,4,13,13
access,access-09,0.4,4,5,5,3,1
access,access-09,0.4,4,6,5,3,3
access,access-09,0.4,4,7,4,15,15
access,access-09,0.4,4,8,4,16,16
access,access-09,0.4,4,9,4,15,15
access,access-09,0.4,4,10,5,3,2
access,access-09,0.4,4,11,4,18,18
access,access-09,0.4,4,12,5,1,1
access,access-09,0.4,4,13,5,3,3
access,access-09,0.4,4,14,5,3,2
access,access-09,0.4,4,15,5,3,1
access,access-09,0.4,4,16,4,16,16
access,access-09,0.4,4,17,5,3,2
access,access-09,0.4,4,18,5,5,4
access,access-09,0.4,4,19,5,5,4
aggregation,aggregation-04,0.0,0,0,4,1,1
aggregation,aggregation-04,0.0,0,1,4,1,1
aggregation,aggregation-04,0.0,0,2,4,1,1
aggregation,aggregation-04,0.0,0,3,4,1,1
aggregation,aggregation-04,0.0,0,4,4,1,1
aggregation,aggregation-04,0.0,0,5,4,1,1
aggregation,aggregation-04,0.0,0,6,4,1,1
aggregation,aggregation-04,0.0,0,7,4,1,1
aggregation,aggregation-04,0.0,0,8,4,1,1
aggregation,aggregation-04,0.0,0,9,4,1,1
aggregation,aggregation-04,0.0,0,10,4,1,1
aggregation,aggregation-04,0.0,0,11,4,1,1
aggregation,aggregation-04,0.0,0,12,4,1,1
aggregation,aggregation-04,0.0,0,13,4,1,1
aggregation,aggregation-04,0.0,0,14,4,1,1
aggregation,aggregation-04,0.0,0,15,4,1,1
aggregation,aggregation-04,0.0,0,16,4,1,1
aggregation,aggregation-04,0.0,0,17,4,1,1
aggregation,aggregation-04,0.0,0,18,4,1,1
aggregation,aggregation-04,0.0,0,19,4,1,1
aggregation,aggregation-04,0.0,2,0,6,1,1
aggregation,aggregation-04,0.0,2,1,6,1,1
aggregation,aggregation-04,0.0,2,2,6,1,1
aggregation,aggregation-04,0.0,2,3,6,2,2
aggregation,aggregation-04,0.0,2,4,6,1,1
aggregation,aggregation-04,0.0,2,5,6,1,1
aggregation,aggregation-04,0.0,2,6,6,1,1
aggregation,aggregation-04,0.0,2,7,6,1,1
aggregation,aggregation-04,0.0,2,8,6,1,1
aggregation,aggregation-04,0.0,2,9,6,1,1
aggregation,aggregation-04,0.0,2,10,6,1,1
aggregation,aggregation-04,0.0,2,11,6,1,1
aggregation,aggregation-04,0.0,2,12,6,1,1
aggregation,aggregation-04,0.0,2,13,6,1,1
aggregation,aggregation-04,0.0,2,14,6,1,1
aggregation,aggregation-04,0.0,2,15,6,1,1
aggregation,aggregation-04,0.0,2,16,6,1,1
aggregation,aggregation-04,0.0,2,17,6,1,1
aggregation,aggregation-04,0.0,2,18,6,1,1
aggregation,aggregation-04,0.0,2,19,6,1,1
aggregation,aggregation-04,0.0,4,0,8,1,1
aggregation,aggregation-04,0.0,4,1,8,1,1
aggregation,aggregation-04,0.0,4,2,8,1,1
aggregation,aggregation-04,0.0,4,3,8,1,1
aggregation,aggregation-04,0.0,4,4,8,2,2
aggregation,aggregation-04,0.0,4,5,8,2,1
aggregation,aggregation-04,0.0,4,6,8,1,1
aggregation,aggregation-04,0.0,4,7,8,2,1
aggregation,aggregation-04,0.0,4,8,8,1,1
aggregation,aggregation-04,0.0,4,9,8,2,1
aggregation,aggregation-04,0.0,4,10,8,2,1
aggregation,aggregation-04,0.0,4,11,8,1,1
aggregation,aggregation-04,0.0,4,12,8,1,1
aggregation,aggregation-04,0.0,4,13,8,1,1
aggregation,aggregation-04,0.0,4,14,8,1,1
aggregation,aggregation-04,0.0,4,15,8,1,1
aggregation,aggregation-04,0.0,4,16,8,1,1
aggregation,aggregation-04,0.0,4,17,8,1,1
aggregation,aggregation-04,0.0,4,18,8,1,1
aggregation,aggregation-04,0.0,4,19,8,1,1
aggregation,aggregation-04,0.2,0,0,4,1,1
aggregation,aggregation-04,0.2,0,1,2,1,1
aggregation,aggregation-04,0.2,0,2,3,1,1
aggregation,aggregation-04,0.2,0,3,2,1,1
aggregation,aggregation-04,0.2,0,4,4,1,1
aggregation,aggregation-04,0.2,0,5,4,1,1
aggregation,aggregation-04,0.2,0,6,4,1,1
aggregation,aggregation-04,0.2,0,7,4,1,1
aggregation,aggregation-04,0.2,0,8,4,1,1
aggregation,aggregation-04,0.2,0,9,2,1,1
aggregation,aggregation-04,0.2,0,10,3,1,1
aggregation,aggregation-04,0.2,0,11,3,1,1
aggregation,aggregation-04,0.2,0,12,4,1,1
aggregation,aggregation-04,0.2,0,13,4,1,1
aggregation,aggregation-04,0.2,0,14,2,1,1
aggregation,aggregation-04,0.2,0,15,3,1,1
aggregation,aggregation-04,0.2,0,16,4,1,1
aggregation,aggregation-04,0.2,0,17,4,1,1
aggregation,aggregation-04,0.2,0,18,4,1,1
aggregation,aggregation-04,0.2,0,19,4,1,1
aggregation,aggregation-04,0.2,2,0,5,1,1
aggregation,aggregation-04,0.2,2,1,6,1,1
aggregation,aggregation-04,0.2,2,2,6,1,1
aggregation,aggregation-04,0.2,2,3,5,1,1
aggregation,aggregation-04,0.2,2,4,5,1,1
aggregation,aggregation-04,0.2,2,5,5,2,2
aggregation,aggregation-04,0.2,2,6,6,1,1
aggregation,aggregation-04,0.2,2,7,6,1,1
aggregation,aggregation-04,0.2,2,8,6,1,1
aggregation,aggregation-04,0.2,2,9,5,2,1
aggregation,aggregation-04,0.2,2,10,6,1,1
aggregation,aggregation-04,0.2,2,11,6,1,1
aggregation,aggregation-04,0.2,2,12,6,1,1
aggregation,aggregation-04,0.2,2,13,5,1,1
aggregation,aggregation-04,0.2,2,14,4,1,1
aggregation,aggregation-04,0.2,2,15,5,1,1
aggregation,aggregation-04,0.2,2,16,4,5,2
aggregation,aggregation-04,0.2,2,17,6,1,1
aggregation,aggregation-04,0.2,2,18,5,1,1
aggregation,aggregation-04,0.2,2,19,4,2,1
aggregation,aggregation-04,0.2,4,0,8,1,1
aggregation,aggregation-04,0.2,4,1,8,1,1
aggregation,aggregation-04,0.2,4,2,7,2,2
aggregation,aggregation-04,0.2,4,3,7,1,1
aggregation,aggregation-04,0.2,4,4,8,1,1
aggregation,aggregation-04,0.2,4,5,4,26,26
aggregation,aggregation-04,0.2,4,6,7,1,1
aggregation,aggregation-04,0.2,4,7,8,1,1
aggregation,aggregation-04,0.2,4,8,5,7,7
aggregation,aggregation-04,0.2,4,9,6,8,7
aggregation,aggregation-04,0.2,4,10,8,1,1
aggregation,aggregation-04,0.2,4,11,7,1,1
aggregation,aggregation-04,0.2,4,12,8,2,1
aggregation,aggregation-04,0.2,4,13,8,1,1
aggregation,aggregation-04,0.2,4,14,8,1,1
aggregation,aggregation-04,0.2,4,15,7,1,1
aggregation,aggregation-04,0.2,4,16,7,2,1
aggregation,aggregation-04,0.2,4,17,7,2,1
aggregation,aggregation-04,0.2,4,18,8,1,1
aggregation,aggregation-04,0.2,4,19,7,2,1
aggregation,aggregation-04,0.4,0,0,4,1,1
aggregation,aggregation-04,0.4,0,1,2,1,1
aggregation,aggregation-04,0.4,0,2,1,2,2
aggregation,aggregation-04,0.4,0,3,2,1,1
aggregation,aggregation-04,0.4,0,4,2,1,1
aggregation,aggregation-04,0.4,0,5,3,1,1
aggregation,aggregation-04,0.4,0,6,2,1,1
aggregation,aggregation-04,0.4,0,7,2,1,1
aggregation,aggregation-04,0.4,0,8,1,2,2
aggregation,aggregation-04,0.4,0,9,3,1,1
aggregation,aggregation-04,0.4,0,10,2,1,1
aggregation,aggregation-04,0.4,0,11,2,1,1
aggregation,aggregation-04,0.4,0,12,4,1,1
aggregation,aggregation-04,0.4,0,13,2,1,1
aggregation,aggregation-04,0.4,0,14,2,1,1
aggregation,aggregation-04,0.4,0,15,0,22,22
aggregation,aggregation-04,0.4,0,16,2,1,1
aggregation,aggregation-04,0.4,0,17,4,1,1
aggregation,aggregation-04,0.4,0,18,3,1,1
aggregation,aggregation-04,0.4,0,19,2,1,1
aggregation,aggregation-04,0.4,2,0,5,1,1
aggregation,aggregation-04,0.4,2,1,5,1,1
aggregation,aggregation-04,0.4,2,2,3,4,4
aggregation,aggregation-04,0.4,2,3,4,4,1
aggregation,aggregation-04,0.4,2,4,6,1,1
aggregation,aggregation-04,0.4,2,5,5,1,1
aggregation,aggregation-04,0.4,2,6,6,1,1
aggregation,aggregation-04,0.4,2,7,4,1,1
aggregation,aggregation-04,0.4,2,8,3,4,4
aggregation,aggregation-04,0.4,2,9,5,1,1
aggregation,aggregation-04,0.4,2,10,5,1,1
aggregation,aggregation-04,0.4,2,11,4,4,1
aggregation,aggregation-04,0.4,2,12,4,5,1
aggregation,aggregation-04,0.4,2,13,3,4,4
aggregation,aggregation-04,0.4,2,14,6,1,1
aggregation,aggregation-04,0.4,2,15,4,5,1
aggregation,aggregation-04,0.4,2,16,3,4,4
aggregation,aggregation-04,0.4,2,17,5,2,1
aggregation,aggregation-04,0.4,2,18,5,2,1
aggregation,aggregation-04,0.4,2,19,5,1,1
aggregation,aggregation-04,0.4,4,0,7,1,1
aggregation,aggregation-04,0.4,4,1,6,7,6
aggregation,aggregation-04,0.4,4,2,7,1,1
aggregation,aggregation-04,0.4,4,3,6,8,7
aggregation,aggregation-04,0.4,4,4,6,4,2
aggregation,aggregation-04,0.4,4,5,7,1,1
aggregation,aggregation-04,0.4,4,6,6,7,6
aggregation,aggregation-04,0.4,4,7,5,8,8
aggregation,aggregation-04,0.4,4,8,8,1,1
aggregation,aggregation-04,0.4,4,9,7,2,1
aggregation,aggregation-04,0.4,4,10,7,2,1
aggregation,aggregation-04,0.4,4,11,8,1,1
aggregation,aggregation-04,0.4,4,12,8,1,1
aggregation,aggregation-04,0.4,4,13,7,1,1
aggregation,aggregation-04,0.4,4,14,7,2,1
aggregation,aggregation-04,0.4,4,15,8,1,1
aggregation,aggregation-04,0.4,4,16,6,6,2
aggregation,aggregation-04,0.4,4,17,7,1,1
aggregation,aggregation-04,0.4,4,18,7,2,1
aggregation,aggregation-04,0.4,4,19,8,1,1
access,access-10,0.0,0,0,1,1,1
access,access-10,0.0,0,1,1,1,1
access,access-10,0.0,0,2,1,1,1
access,access-10,0.0,0,3,1,1,1
access,access-10,0.0,0,4,1,1,1
access,access-10,0.0,0,5,1,1,1
access,access-10,0.0,0,6,1,1,1
access,access-10,0.0,0,7,1,1,1
access,access-10,0.0,0,8,1,1,1
access,access-10,0.0,0,9,1,1,1
access,access-10,0.0,0,10,1,1,1
access,access-10,0.0,0,11,1,1,1
access,access-10,0.0,0,12,1,1,1
access,access-10,0.0,0,13,1,1,1
access,access-10,0.0,0,14,1,1,1
access,access-10,0.0,0,15,1,1,1
access,access-10,0.0,0,16,1,1,1
access,access-10,0.0,0,17,1,1,1
access,access-10,0.0,0,18,1,1,1
access,access-10,0.0,0,19,1,1,1
access,access-10,0.0,2,0,3,2,1
access,access-10,0.0,2,1,3,2,2
access,access-10,0.0,2,2,3,2,2
access,access-10,0.0,2,3,3,2,2
access,access-10,0.0,2,4,3,3,3
access,access-10,0.0,2,5,3,2,2
access,access-10,0.0,2,6,3,3,3
access,access-10,0.0,2,7,3,4,4
access,access-10,0.0,2,8,3,1,1
access,access-10,0.0,2,9,3,3,3
access,access-10,0.0,2,10,3,1,1
access,access-10,0.0,2,11,3,2,3
access,access-10,0.0,2,12,3,2,2
access,access-10,0.0,2,13,3,2,2
access,access-10,0.0,2,14,3,2,2
access,access-10,0.0,2,15,3,1,1
access,access-10,0.0,2,16,3,3,2
access,access-10,0.0,2,17,3,3,3
access,access-10,0.0,2,18,3,2,1
access,access-10,0.0,2,19,3,3,3
access,access-10,0.0,4,0,5,4,3
access,access-10,0.0,4,1,5,3,2
access,access-10,0.0,4,2,5,3,2
access,access-10,0.0,4,3,5,5,4
access,access-10,0.0,4,4,5,4,3
access,access-10,0.0,4,5,5,3,3
access,access-10,0.0,4,6,5,4,2
access,access-10,0.0,4,7,5,3,2
access,access-10,0.0,4,8,5,4,3
access,access-10,0.0,4,9,5,2,2
access,access-10,0.0,4,10,5,3,2
access,access-10,0.0,4,11,5,4,3
access,access-10,0.0,4,12,5,4,4
access,access-10,0.0,4,13,5,3,2
access,access-10,0.0,4,14,5,3,3
access,access-10,0.0,4,15,5,3,2
access,access-10,0.0,4,16,5,4,4
access,access-10,0.0,4,17,5,4,3
access,access-10,0.0,4,18,5,4,4
access,access-10,0.0,4,19,5,2,2
access,access-10,0.2,0,0,1,1,1
access,access-10,0.2,0,1,1,1,1
access,access-10,0.2,0,2,1,1,1
access,access-10,0.2,0,3,1,1,1
access,access-10,0.2,0,4,0,10,10
access,access-10,0.2,0,5,1,1,1
access,access-10,0.2,0,6,0,10,10
access,access-10,0.2,0,7,0,10,10
access,access-10,0.2,0,8,1,1,1
access,access-10,0.2,0,9,1,1,1
access,access-10,0.2,0,10,1,1,1
access,access-10,0.2,0,11,0,10,10
access,access-10,0.2,0,12,1,1,1
access,access-10,0.2,0,13,1,1,1
access,access-10,0.2,0,14,1,1,1
access,access-10,0.2,0,15,1,1,1
access,access-10,0.2,0,16,1,1,1
access,access-10,0.2,0,17,1,1,1
access,access-10,0.2,0,18,1,1,1
access,access-10,0.2,0,19,0,10,10
access,access-10,0.2,2,0,3,2,2
access,access-10,0.2,2,1,3,3,3
access,access-10,0.2,2,2,3,2,1
access,access-10,0.2,2,3,2,15,15
access,access-10,0.2,2,4,2,14,14
access,access-10,0.2,2,5,3,3,3
access,access-10,0.2,2,6,3,2,2
access,access-10,0.2,2,7,3,3,3
access,access-10,0.2,2,8,3,1,1
access,access-10,0.2,2,9,3,2,2
access,access-10,0.2,2,10,3,3,2
access,access-10,0.2,2,11,3,2,2
access,access-10,0.2,2,12,3,2,1
access,access-10,0.2,2,13,3,2,2
access,access-10,0.2,2,14,3,2,2
access,access-10,0.2,2,15,3,2,2
access,access-10,0.2,2,16,3,2,2
access,access-10,0.2,2,17,3,2,2
access,access-10,0.2,2,18,3,2,2
access,access-10,0.2,2,19,3,2,2
access,access-10,0.2,4,0,5,4,2
access,access-10,0.2,4,1,5,2,1
access,access-10,0.2,4,2,5,4,4
access,access-10,0.2,4,3,5,2,1
access,access-10,0.2,4,4,5,3,3
access,access-10,0.2,4,5,5,3,3
access,access-10,0.2,4,6,5,2,2
access,access-10,0.2,4,7,5,3,2
access,access-10,0.2,4,8,5,5,5
access,access-10,0.2,4,9,5,6,5
access,access-10,0.2,4,10,4,17,17
access,access-10,0.2,4,11,4,18,18
access,access-10,0.2,4,12,4,17,17
access,access-10,0.2,4,13,5,7,7
access,access-10,0.2,4,14,4,17,17
access,access-10,0.2,4,15,5,4,4
access,access-10,0.2,4,16,5,4,2
access,access-10,0.2,4,17,5,6,5
access,access-10,0.2,4,18,5,4,4
access,access-10,0.2,4,19,5,3,1
access,access-10,0.4,0,0,0,10,10
access,access-10,0.4,0,1,1,1,1
access,access-10,0.4,0,2,1,1,1
access,access-10,0.4,0,3,0,10,10
access,access-10,0.4,0,4,1,1,1
access,access-10,0.4,0,5,1,1,1
access,access-10,0.4,0,6,1,1,1
access,access-10,0.4,0,7,1,1,1
access,access-10,0.4,0,8,0,10,10
access,access-10,0.4,0,9,0,10,10
access,access-10,0.4,0,10,1,1,1
access,access-10,0.4,0,11,1,1,1
access,access-10,0.4,0,12,1,1,1
access,access-10,0.4,0,13,0,10,10
access,access-10,0.4,0,14,1,1,1
access,access-10,0.4,0,15,1,1,1
access,access-10,0.4,0,16,0,10,10
access,access-10,0.4,0,17,1,1,1
access,access-10,0.4,0,18,0,10,10
access,access-10,0.4,0,19,0,10,10
access,access-10,0.4,2,0,3,3,2
access,access-10,0.4,2,1,3,2,2
access,access-10,0.4,2,2,3,2,2
access,access-10,0.4,2,3,2,13,13
access,access-10,0.4,2,4,3,2,2
access,access-10,0.4,2,5,2,13,13
access,access-10,0.4,2,6,3,2,2
access,access-10,0.4,2,7,3,2,1
access,access-10,0.4,2,8,2,15,15
access,access-10,0.4,2,9,2,15,15
access,access-10,0.4,2,10,2,15,15
access,access-10,0.4,2,11,3,1,1
access,access-10,0.4,2,12,3,2,2
access,access-10,0.4,2,13,3,3,3
access,access-10,0.4,2,14,2,13,13
access,access-10,0.4,2,15,2,15,15
access,access-10,0.4,2,16,3,3,3
access,access-10,0.4,2,17,3,3,4
access,access-10,0.4,2,18,3,1,1
access,access-10,0.4,2,19,2,14,14
access,access-10,0.4,4,0,4,15,15
access,access-10,0.4,4,1,4,18,18
access,access-10,0.4,4,2,5,2,2
access,access-10,0.4,4,3,4,14,14
access,access-10,0.4,4,4,4,17,17
access,access-10,0.4,4,5,4,17,17
access,access-10,0.4,4,6,4,16,16
access,access-10,0.4,4,7,5,2,1
access,access-10,0.4,4,8,5,3,2
access,access-10,0.4,4,9,5,3,4
access,access-10,0.4,4,10,5,4,3
access,access-10,0.4,4,11,5,4,4
access,access-10,0.4,4,12,5,3,2
access,access-10,0.4,4,13,4,18,18
access,access-10,0.4,4,14,4,17,17
access,access-10,0.4,4,15,5,4,4
access,access-10,0.4,4,16,4,16,16
access,access-10,0.4,4,17,4,19,19
access,access-10,0.4,4,18,5,3,3
access,access-10,0.4,4,19,5,5,4
access,access-11,0.0,0,0,1,1,1
access,access-11,0.0,0,1,1,1,1
access,access-11,0.0,0,2,1,1,1
access,access-11,0.0,0,3,1,1,1
access,access-11,0.0,0,4,1,1,1
access,access-11,0.0,0,5,1,1,1
access,access-11,0.0,0,6,1,1,1
access,access-11,0.0,0,7,1,1,1
access,access-11,0.0,0,8,1,1,1
access,access-11,0.0,0,9,1,1,1
access,access-11,0.0,0,10,1,1,1
access,access-11,0.0,0,11,1,1,1
access,access-11,0.0,0,12,1,1,1
access,access-11,0.0,0,13,1,1,1
access,access-11,0.0,0,14,1,1,1
access,access-11,0.0,0,15,1,1,1
access,access-11,0.0,0,16,1,1,1
access,access-11,0.0,0,17,1,1,1
access,access-11,0.0,0,18,1,1,1
access,access-11,0.0,0,19,1,1,1
access,access-11,0.0,2,0,3,1,1
access,access-11,0.0,2,1,3,1,1
access,access-11,0.0,2,2,3,2,2
access,access-11,0.0,2,3,3,2,2
access,access-11,0.0,2,4,3,3,3
access,access-11,0.0,2,5,3,3,2
access,access-11,0.0,2,6,3,1,1
access,access-11,0.0,2,7,3,4,3
access,access-11,0.0,2,8,3,2,2
access,access-11,0.0,2,9,3,2,2
access,access-11,0.0,2,10,3,2,2
access,access-11,0.0,2,11,3,1,1
access,access-11,0.0,2,12,3,2,2
access,access-11,0.0,2,13,3,3,3
access,access-11,0.0,2,14,3,4,4
access,access-11,0.0,2,15,3,2,2
access,access-11,0.0,2,16,3,3,2
access,access-11,0.0,2,17,3,4,5
access,access-11,0.0,2,18,3,1,1
access,access-11,0.0,2,19,3,1,1
access,access-11,0.0,4,0,5,2,2
access,access-11,0.0,4,1,5,2,2
access,access-11,0.0,4,2,5,1,1
access,access-11,0.0,4,3,5,3,2
access,access-11,0.0,4,4,5,6,4
access,access-11,0.0,4,5,5,5,4
access,access-11,0.0,4,6,5,3,3
access,access-11,0.0,4,7,5,6,5
access,access-11,0.0,4,8,5,4,3
access,access-11,0.0,4,9,5,3,3
access,access-11,0.0,4,10,5,5,4
access,access-11,0.0,4,11,5,3,3
access,access-11,0.0,4,12,5,3,3
access,access-11,0.0,4,13,5,5,5
access,access-11,0.0,4,14,5,4,4
access,access-11,0.0,4,15,5,3,3
access,access-11,0.0,4,16,5,5,3
access,access-11,0.0,4,17,5,3,3
access,access-11,0.0,4,18,5,3,3
access,access-11,0.0,4,19,5,2,2
access,access-11,0.2,0,0,1,1,1
access,access-11,0.2,0,1,1,1,1
access,access-11,0.2,0,2,1,1,1
access,access-11,0.2,0,3,1,1,1
access,access-11,0.2,0,4,0,11,11
access,access-11,0.2,0,5,1,1,1
access,access-11,0.2,0,6,1,1,1
access,access-11,0.2,0,7,1,1,1
access,access-11,0.2,0,8,1,1,1
access,access-11,0.2,0,9,0,11,11
access,access-11,0.2,0,10,0,11,11
access,access-11,0.2,0,11,0,11,11
access,access-11,0.2,0,12,1,1,1
access,access-11,0.2,0,13,1,1,1
access,access-11,0.2,0,14,1,1,1
access,access-11,0.2,0,15,1,1,1
access,access-11,0.2,0,16,1,1,1
access,access-11,0.2,0,17,1,1,1
access,access-11,0.2,0,18,1,1,1
access,access-11,0.2,0,19,1,1,1
access,access-11,0.2,2,0,3,2,2
access,access-11,0.2,2,1,3,2,3
access,access-11,0.2,2,2,3,2,2
access,access-11,0.2,2,3,3,1,1
access,access-11,0.2,2,4,2,16,16
access,access-11,0.2,2,5,3,2,2
access,access-11,0.2,2,6,3,2,1
access,access-11,0.2,2,7,3,2,2
access,access-11,0.2,2,8,3,2,2
access,access-11,0.2,2,9,3,3,3
access,access-11,0.2,2,10,3,1,1
access,access-11,0.2,2,11,3,3,3
access,access-11,0.2,2,12,3,2,1
access,access-11,0.2,2,13,2,15,15
access,access-11,0.2,2,14,3,4,4
access,access-11,0.2,2,15,3,3,4
access,access-11,0.2,2,16,3,1,1
access,access-11,0.2,2,17,3,1,1
access,access-11,0.2,2,18,2,15,15
access,access-11,0.2,2,19,3,2,2
access,access-11,0.2,4,0,5,4,2
access,access-11,0.2,4,1,5,3,3
access,access-11,0.2,4,2,5,3,3
access,access-11,0.2,4,3,5,3,3
access,access-11,0.2,4,4,5,4,3
access,access-11,0.2,4,5,5,4,2
access,access-11,0.2,4,6,5,2,1
access,access-11,0.2,4,7,5,3,2
access,access-11,0.2,4,8,4,19,19
access,access-11,0.2,4,9,5,6,5
access,access-11,0.2,4,10,5,4,4
access,access-11,0.2,4,11,5,3,3
access,access-11,0.2,4,12,4,16,16
access,access-11,0.2,4,13,4,18,18
access,access-11,0.2,4,14,5,2,2
access,access-11,0.2,4,15,5,3,2
access,access-11,0.2,4,16,5,2,1
access,access-11,0.2,4,17,5,4,4
access,access-11,0.2,4,18,4,17,17
access,access-11,0.2,4,19,5,5,4
access,access-11,0.4,0,0,1,1,1
access,access-11,0.4,0,1,1,1,1
access,access-11,0.4,0,2,1,1,1
access,access-11,0.4,0,3,0,11,11
access,access-11,0.4,0,4,1,1,1
access,access-11,0.4,0,5,0,11,11
access,access-11,0.4,0,6,1,1,1
access,access-11,0.4,0,7,0,11,11
access,access-11,0.4,0,8,1,1,1
access,access-11,0.4,0,9,0,11,11
access,access-11,0.4,0,10,0,11,11
access,access-11,0.4,0,11,1,1,1
access,access-11,0.4,0,12,1,1,1
access,access-11,0.4,0,13,0,11,11
access,access-11,0.4,0,14,1,1,1
access,access-11,0.4,0,15,1,1,1
access,access-11,0.4,0,16,1,1,1
access,access-11,0.4,0,17,0,11,11
access,access-11,0.4,0,18,0,11,11
access,access-11,0.4,0,19,0,11,11
access,access-11,0.4,2,0,3,2,2
access,access-11,0.4,2,1,3,1,1
access,access-11,0.4,2,2,2,15,15
access,access-11,0.4,2,3,3,3,3
access,access-11,0.4,2,4,2,13,13
access,access-11,0.4,2,5,3,1,1
access,access-11,0.4,2,6,2,13,13
access,access-11,0.4,2,7,2,15,15
access,access-11,0.4,2,8,2,15,15
access,access-11,0.4,2,9,3,2,2
access,access-11,0.4,2,10,3,2,2
access,access-11,0.4,2,11,3,4,3
access,access-11,0.4,2,12,2,16,16
access,access-11,0.4,2,13,2,13,13
access,access-11,0.4,2,14,3,3,3
access,access-11,0.4,2,15,3,2,2
access,access-11,0.4,2,16,3,2,2
access,access-11,0.4,2,17,2,15,15
access,access-11,0.4,2,18,3,1,1
access,access-11,0.4,2,19,2,15,15
access,access-11,0.4,4,0,5,3,3
access,access-11,0.4,4,1,5,2,2
access,access-11,0.4,4,2,5,3,3
access,access-11,0.4,4,3,4,19,19
access,access-11,0.4,4,4,4,19,19
access,access-11,0.4,4,5,4,20,20
access,access-11,0.4,4,6,4,18,18
access,access-11,0.4,4,7,4,16,16
access,access-11,0.4,4,8,4,18,18
access,access-11,0.4,4,9,5,5,4
access,access-11,0.4,4,10,5,4,4
access,access-11,0.4,4,11,5,3,3
access,access-11,0.4,4,12,4,18,18
access,access-11,0.4,4,13,5,2,2
access,access-11,0.4,4,14,5,5,4
access,access-11,0.4,4,15,5,3,2
access,access-11,0.4,4,16,5,5,4
access,access-11,0.4,4,17,4,17,17
access,access-11,0.4,4,18,5,4,4
access,access-11,0.4,4,19,5,5,5
access,access-12,0.0,0,0,1,1,1
access,access-12,0.0,0,1,1,1,1
access,access-12,0.0,0,2,1,1,1
access,access-12,0.0,0,3,1,1,1
access,access-12,0.0,0,4,1,1,1
access,access-12,0.0,0,5,1,1,1
access,access-12,0.0,0,6,1,1,1
access,access-12,0.0,0,7,1,1,1
access,access-12,0.0,0,8,1,1,1
access,access-12,0.0,0,9,1,1,1
access,access-12,0.0,0,10,1,1,1
access,access-12,0.0,0,11,1,1,1
access,access-12,0.0,0,12,1,1,1
access,access-12,0.0,0,13,1,1,1
access,access-12,0.0,0,14,1,1,1
access,access-12,0.0,0,15,1,1,1
access,access-12,0.0,0,16,1,1,1
access,access-12,0.0,0,17,1,1,1
access,access-12,0.0,0,18,1,1,1
access,access-12,0.0,0,19,1,1,1
access,access-12,0.0,2,0,3,3,3
access,access-12,0.0,2,1,3,2,2
access,access-12,0.0,2,2,3,4,3
access,access-12,0.0,2,3,3,2,1
access,access-12,0.0,2,4,3,4,3
access,access-12,0.0,2,5,3,3,4
access,access-12,0.0,2,6,3,1,1
access,access-12,0.0,2,7,3,2,2
access,access-12,0.0,2,8,3,2,2
access,access-12,0.0,2,9,3,2,2
access,access-12,0.0,2,10,3,3,2
access,access-12,0.0,2,11,3,2,1
access,access-12,0.0,2,12,3,5,4
access,access-12,0.0,2,13,3,4,4
access,access-12,0.0,2,14,3,2,2
access,access-12,0.0,2,15,3,3,3
access,access-12,0.0,2,16,3,2,2
access,access-12,0.0,2,17,3,2,2
access,access-12,0.0,2,18,3,2,2
access,access-12,0.0,2,19,3,2,2
access,access-12,0.0,4,0,5,5,6
access,access-12,0.0,4,1,5,3,3
access,access-12,0.0,4,2,5,4,4
access,access-12,0.0,4,3,5,5,3
access,access-12,0.0,4,4,5,3,2
access,access-12,0.0,4,5,5,3,4
access,access-12,0.0,4,6,5,2,2
access,access-12,0.0,4,7,5,4,3
access,access-12,0.0,4,8,5,2,2
access,access-12,0.0,4,9,5,2,2
access,access-12,0.0,4,10,5,4,4
access,access-12,0.0,4,11,5,4,4
access,access-12,0.0,4,12,5,4,3
access,access-12,0.0,4,13,5,5,4
access,access-12,0.0,4,14,5,3,3
access,access-12,0.0,4,15,5,4,4
access,access-12,0.0,4,16,5,3,2
access,access-12,0.0,4,17,5,4,3
access,access-12,0.0,4,18,5,5,4
access,access-12,0.0,4,19,5,4,3
access,access-12,0.2,0,0,0,12,12
access,access-12,0.2,0,1,1,1,1
access,access-12,0.2,0,2,1,1,1
access,access-12,0.2,0,3,1,1,1
access,access-12,0.2,0,4,1,1,1
access,access-12,0.2,0,5,1,1,1
access,access-12,0.2,0,6,0,12,12
access,access-12,0.2,0,7,1,1,1
access,access-12,0.2,0,8,0,12,12
access,access-12,0.2,0,9,1,1,1
access,access-12,0.2,0,10,1,1,1
access,access-12,0.2,0,11,1,1,1
access,access-12,0.2,0,12,1,1,1
access,access-12,0.2,0,13,0,12,12
access,access-12,0.2,0,14,1,1,1
access,access-12,0.2,0,15,1,1,1
access,access-12,0.2,0,16,1,1,1
access,access-12,0.2,0,17,1,1,1
access,access-12,0.2,0,18,0,12,12
access,access-12,0.2,0,19,1,1,1
access,access-12,0.2,2,0,2,17,17
access,access-12,0.2,2,1,3,1,2
access,access-12,0.2,2,2,3,2,2
access,access-12,0.2,2,3,2,15,15
access,access-12,0.2,2,4,3,1,1
access,access-12,0.2,2,5,2,16,16
access,access-12,0.2,2,6,3,3,3
access,access-12,0.2,2,7,3,2,3
access,access-12,0.2,2,8,3,1,1
access,access-12,0.2,2,9,3,4,4
access,access-12,0.2,2,10,3,3,3
access,access-12,0.2,2,11,3,4,5
access,access-12,0.2,2,12,2,16,16
access,access-12,0.2,2,13,2,16,16
access,access-12,0.2,2,14,2,15,15
access,access-12,0.2,2,15,3,2,2
access,access-12,0.2,2,16,3,3,2
access,access-12,0.2,2,17,3,3,2
access,access-12,0.2,2,18,3,3,3
access,access-12,0.2,2,19,3,2,2
access,access-12,0.2,4,0,5,4,3
access,access-12,0.2,4,1,5,3,3
access,access-12,0.2,4,2,4,16,16
access,access-12,0.2,4,3,5,3,2
access,access-12,0.2,4,4,5,2,2
access,access-12,0.2,4,5,5,3,3
access,access-12,0.2,4,6,5,4,2
access,access-12,0.2,4,7,5,5,4
access,access-12,0.2,4,8,5,3,3
access,access-12,0.2,4,9,5,3,3
access,access-12,0.2,4,10,5,3,3
access,access-12,0.2,4,11,5,4,2
access,access-12,0.2,4,12,5,5,4
access,access-12,0.2,4,13,5,5,5
access,access-12,0.2,4,14,5,4,4
access,access-12,0.2,4,15,5,4,4
access,access-12,0.2,4,16,5,4,3
access,access-12,0.2,4,17,5,4,3
access,access-12,0.2,4,18,4,20,20
access,access-12,0.2,4,19,5,4,2
access,access-12,0.4,0,0,1,1,1
access,access-12,0.4,0,1,0,12,12
access,access-12,0.4,0,2,0,12,12
access,access-12,0.4,0,3,1,1,1
access,access-12,0.4,0,4,1,1,1
access,access-12,0.4,0,5,0,12,12
access,access-12,0.4,0,6,1,1,1
access,access-12,0.4,0,7,0,12,12
access,access-12,0.4,0,8,1,1,1
access,access-12,0.4,0,9,1,1,1
access,access-12,0.4,0,10,0,12,12
access,access-12,0.4,0,11,0,12,12
access,access-12,0.4,0,12,1,1,1
access,access-12,0.4,0,13,0,12,12
access,access-12,0.4,0,14,0,12,12
access,access-12,0.4,0,15,1,1,1
access,access-12,0.4,0,16,1,1,1
access,access-12,0.4,0,17,0,12,12
access,access-12,0.4,0,18,0,12,12
access,access-12,0.4,0,19,0,12,12
access,access-12,0.4,2,0,3,2,2
access,access-12,0.4,2,1,3,3,3
access,access-12,0.4,2,2,3,2,2
access,access-12,0.4,2,3,2,14,14
access,access-12,0.4,2,4,3,2,2
access,access-12,0.4,2,5,2,17,17
access,access-12,0.4,2,6,3,4,5
access,access-12,0.4,2,7,2,17,17
access,access-12,0.4,2,8,2,15,15
access,access-12,0.4,2,9,3,5,5
access,access-12,0.4,2,10,3,3,3
access,access-12,0.4,2,11,3,1,1
access,access-12,0.4,2,12,3,2,2
access,access-12,0.4,2,13,2,17,17
access,access-12,0.4,2,14,3,3,2
access,access-12,0.4,2,15,2,14,14
access,access-12,0.4,2,16,2,15,15
access,access-12,0.4,2,17,2,14,14
access,access-12,0.4,2,18,3,2,2
access,access-12,0.4,2,19,3,3,2
access,access-12,0.4,4,0,4,19,19
access,access-12,0.4,4,1,4,20,20
access,access-12,0.4,4,2,4,17,17
access,access-12,0.4,4,3,5,2,2
access,access-12,0.4,4,4,4,17,17
access,access-12,0.4,4,5,4,19,19
access,access-12,0.4,4,6,4,20,20
access,access-12,0.4,4,7,4,17,17
access,access-12,0.4,4,8,5,4,3
access,access-12,0.4,4,9,5,3,2
access,access-12,0.4,4,10,4,16,16
access,access-12,0.4,4,11,4,19,19
access,access-12,0.4,4,12,5,3,4
access,access-12,0.4,4,13,4,18,18
access,access-12,0.4,4,14,4,20,20
access,access-12,0.4,4,15,5,4,2
access,access-12,0.4,4,16,5,5,4
access,access-12,0.4,4,17,5,4,4
access,access-12,0.4,4,18,5,6,5
access,access-12,0.4,4,19,5,3,3
aggregation,aggregation-05,0.0,0,0,4,1,1
aggregation,aggregation-05,0.0,0,1,4,1,1
aggregation,aggregation-05,0.0,0,2,4,1,1
aggregation,aggregation-05,0.0,0,3,4,1,1
aggregation,aggregation-05,0.0,0,4,4,1,1
aggregation,aggregation-05,0.0,0,5,4,1,1
aggregation,aggregation-05,0.0,0,6,4,1,1
aggregation,aggregation-05,0.0,0,7,4,1,1
aggregation,aggregation-05,0.0,0,8,4,1,1
aggregation,aggregation-05,0.0,0,9,4,1,1
aggregation,aggregation-05,0.0,0,10,4,1,1
aggregation,aggregation-05,0.0,0,11,4,1,1
aggregation,aggregation-05,0.0,0,12,4,1,1
aggregation,aggregation-05,0.0,0,13,4,1,1
aggregation,aggregation-05,0.0,0,14,4,1,1
aggregation,aggregation-05,0.0,0,15,4,1,1
aggregation,aggregation-05,0.0,0,16,4,1,1
aggregation,aggregation-05,0.0,0,17,4,1,1
aggregation,aggregation-05,0.0,0,18,4,1,1
aggregation,aggregation-05,0.0,0,19,4,1,1
aggregation,aggregation-05,0.0,2,0,6,1,1
aggregation,aggregation-05,0.0,2,1,6,1,1
aggregation,aggregation-05,0.0,2,2,6,1,1
aggregation,aggregation-05,0.0,2,3,6,1,1
aggregation,aggregation-05,0.0,2,4,6,1,1
aggregation,aggregation-05,0.0,2,5,6,1,1
aggregation,aggregation-05,0.0,2,6,6,1,1
aggregation,aggregation-05,0.0,2,7,6,1,1
aggregation,aggregation-05,0.0,2,8,6,1,1
aggregation,aggregation-05,0.0,2,9,6,1,1
aggregation,aggregation-05,0.0,2,10,6,1,1
aggregation,aggregation-05,0.0,2,11,6,1,1
aggregation,aggregation-05,0.0,2,12,6,1,1
aggregation,aggregation-05,0.0,2,13,6,1,1
aggregation,aggregation-05,0.0,2,14,6,1,1
aggregation,aggregation-05,0.0,2,15,6,1,1
aggregation,aggregation-05,0.0,2,16,6,1,1
aggregation,aggregation-05,0.0,2,17,6,1,1
aggregation,aggregation-05,0.0,2,18,6,1,1
aggregation,aggregation-05,0.0,2,19,6,1,1
aggregation,aggregation-05,0.0,4,0,8,1,1
aggregation,aggregation-05,0.0,4,1,8,1,1
aggregation,aggregation-05,0.0,4,2,8,1,1
aggregation,aggregation-05,0.0,4,3,8,1,1
aggregation,aggregation-05,0.0,4,4,8,1,1
aggregation,aggregation-05,0.0,4,5,8,1,1
aggregation,aggregation-05,0.0,4,6,8,1,1
aggregation,aggregation-05,0.0,4,7,8,1,1
aggregation,aggregation-05,0.0,4,8,8,1,1
aggregation,aggregation-05,0.0,4,9,8,1,1
aggregation,aggregation-05,0.0,4,10,8,1,1
aggregation,aggregation-05,0.0,4,11,8,1,1
aggregation,aggregation-05,0.0,4,12,8,1,1
aggregation,aggregation-05,0.0,4,13,8,1,1
aggregation,aggregation-05,0.0,4,14,8,1,1
aggregation,aggregation-05,0.0,4,15,8,1,1
aggregation,aggregation-05,0.0,4,16,8,1,1
aggregation,aggregation-05,0.0,4,17,8,1,1
aggregation,aggregation-05,0.0,4,18,8,1,1
aggregation,aggregation-05,0.0,4,19,8,2,2
aggregation,aggregation-05,0.2,0,0,3,1,1
aggregation,aggregation-05,0.2,0,1,3,1,1
aggregation,aggregation-05,0.2,0,2,3,1,1
aggregation,aggregation-05,0.2,0,3,4,1,1
aggregation,aggregation-05,0.2,0,4,4,1,1
aggregation,aggregation-05,0.2,0,5,2,1,1
aggregation,aggregation-05,0.2,0,6,2,1,1
aggregation,aggregation-05,0.2,0,7,3,1,1
aggregation,aggregation-05,0.2,0,8,2,1,1
aggregation,aggregation-05,0.2,0,9,3,1,1
aggregation,aggregation-05,0.2,0,10,2,1,1
aggregation,aggregation-05,0.2,0,11,4,1,1
aggregation,aggregation-05,0.2,0,12,4,1,1
aggregation,aggregation-05,0.2,0,13,3,1,1
aggregation,aggregation-05,0.2,0,14,4,1,1
aggregation,aggregation-05,0.2,0,15,4,1,1
aggregation,aggregation-05,0.2,0,16,3,1,1
aggregation,aggregation-05,0.2,0,17,2,1,1
aggregation,aggregation-05,0.2,0,18,4,1,1
aggregation,aggregation-05,0.2,0,19,4,1,1
aggregation,aggregation-05,0.2,2,0,6,1,1
aggregation,aggregation-05,0.2,2,1,5,1,1
aggregation,aggregation-05,0.2,2,2,6,1,1
aggregation,aggregation-05,0.2,2,3,3,3,3
aggregation,aggregation-05,0.2,2,4,5,1,1
aggregation,aggregation-05,0.2,2,5,4,1,1
aggregation,aggregation-05,0.2,2,6,6,1,1
aggregation,aggregation-05,0.2,2,7,5,1,1
aggregation,aggregation-05,0.2,2,8,6,1,1
aggregation,aggregation-05,0.2,2,9,4,1,1
aggregation,aggregation-05,0.2,2,10,6,1,1
aggregation,aggregation-05,0.2,2,11,5,1,1
aggregation,aggregation-05,0.2,2,12,6,1,1
aggregation,aggregation-05,0.2,2,13,4,5,1
aggregation,aggregation-05,0.2,2,14,3,6,6
aggregation,aggregation-05,0.2,2,15,6,1,1
aggregation,aggregation-05,0.2,2,16,5,2,2
aggregation,aggregation-05,0.2,2,17,5,1,1
aggregation,aggregation-05,0.2,2,18,5,1,1
aggregation,aggregation-05,0.2,2,19,4,5,2
aggregation,aggregation-05,0.2,4,0,7,1,1
aggregation,aggregation-05,0.2,4,1,6,7,7
aggregation,aggregation-05,0.2,4,2,8,2,1
aggregation,aggregation-05,0.2,4,3,8,2,2
aggregation,aggregation-05,0.2,4,4,6,9,7
aggregation,aggregation-05,0.2,4,5,8,1,1
aggregation,aggregation-05,0.2,4,6,6,7,2
aggregation,aggregation-05,0.2,4,7,4,25,25
aggregation,aggregation-05,0.2,4,8,8,1,1
aggregation,aggregation-05,0.2,4,9,7,1,1
aggregation,aggregation-05,0.2,4,10,7,2,1
aggregation,aggregation-05,0.2,4,11,8,1,1
aggregation,aggregation-05,0.2,4,12,8,1,1
aggregation,aggregation-05,0.2,4,13,7,1,1
aggregation,aggregation-05,0.2,4,14,7,2,1
aggregation,aggregation-05,0.2,4,15,8,1,1
aggregation,aggregation-05,0.2,4,16,8,2,1
aggregation,aggregation-05,0.2,4,17,6,7,6
aggregation,aggregation-05,0.2,4,18,7,1,1
aggregation,aggregation-05,0.2,4,19,8,1,1
aggregation,aggregation-05,0.4,0,0,3,1,1
aggregation,aggregation-05,0.4,0,1,3,1,1
aggregation,aggregation-05,0.4,0,2,3,1,1
aggregation,aggregation-05,0.4,0,3,2,1,1
aggregation,aggregation-05,0.4,0,4,1,2,2
aggregation,aggregation-05,0.4,0,5,3,1,1
aggregation,aggregation-05,0.4,0,6,3,1,1
aggregation,aggregation-05,0.4,0,7,2,1,1
aggregation,aggregation-05,0.4,0,8,2,1,1
aggregation,aggregation-05,0.4,0,9,2,1,1
aggregation,aggregation-05,0.4,0,10,4,1,1
aggregation,aggregation-05,0.4,0,11,4,1,1
aggregation,aggregation-05,0.4,0,12,1,2,2
aggregation,aggregation-05,0.4,0,13,2,1,1
aggregation,aggregation-05,0.4,0,14,2,1,1
aggregation,aggregation-05,0.4,0,15,3,1,1
aggregation,aggregation-05,0.4,0,16,1,2,2
aggregation,aggregation-05,0.4,0,17,3,1,1
aggregation,aggregation-05,0.4,0,18,4,1,1
aggregation,aggregation-05,0.4,0,19,2,1,1
aggregation,aggregation-05,0.4,2,0,6,1,1
aggregation,aggregation-05,0.4,2,1,4,1,1
aggregation,aggregation-05,0.4,2,2,5,1,1
aggregation,aggregation-05,0.4,2,3,2,26,26
aggregation,aggregation-05,0.4,2,4,4,1,1
aggregation,aggregation-05,0.4,2,5,4,1,1
aggregation,aggregation-05,0.4,2,6,5,1,1
aggregation,aggregation-05,0.4,2,7,5,1,1
aggregation,aggregation-05,0.4,2,8,4,1,1
aggregation,aggregation-05,0.4,2,9,5,1,1
aggregation,aggregation-05,0.4,2,10,3,6,6
aggregation,aggregation-05,0.4,2,11,4,4,2
aggregation,aggregation-05,0.4,2,12,6,1,1
aggregation,aggregation-05,0.4,2,13,5,1,1
aggregation,aggregation-05,0.4,2,14,5,1,1
aggregation,aggregation-05,0.4,2,15,3,5,5
aggregation,aggregation-05,0.4,2,16,5,1,1
aggregation,aggregation-05,0.4,2,17,5,1,1
aggregation,aggregation-05,0.4,2,18,4,5,2
aggregation,aggregation-05,0.4,2,19,6,1,1
aggregation,aggregation-05,0.4,4,0,8,1,1
aggregation,aggregation-05,0.4,4,1,7,1,1
aggregation,aggregation-05,0.4,4,2,6,4,1
aggregation,aggregation-05,0.4,4,3,8,1,1
aggregation,aggregation-05,0.4,4,4,8,1,1
aggregation,aggregation-05,0.4,4,5,7,2,1
aggregation,aggregation-05,0.4,4,6,6,7,7
aggregation,aggregation-05,0.4,4,7,7,1,1
aggregation,aggregation-05,0.4,4,8,6,5,2
aggregation,aggregation-05,0.4,4,9,7,2,1
aggregation,aggregation-05,0.4,4,10,6,7,6
aggregation,aggregation-05,0.4,4,11,6,6,5
aggregation,aggregation-05,0.4,4,12,6,6,1
aggregation,aggregation-05,0.4,4,13,6,6,6
aggregation,aggregation-05,0.4,4,14,7,1,1
aggregation,aggregation-05,0.4,4,15,7,1,1
aggregation,aggregation-05,0.4,4,16,5,10,10
aggregation,aggregation-05,0.4,4,17,5,9,9
aggregation,aggregation-05,0.4,4,18,6,6,1
aggregation,aggregation-05,0.4,4,19,7,1,1
access,access-13,0.0,0,0,1,1,1
access,access-13,0.0,0,1,1,1,1
access,access-13,0.0,0,2,1,1,1
access,access-13,0.0,0,3,1,1,1
access,access-13,0.0,0,4,1,1,1
access,access-13,0.0,0,5,1,1,1
access,access-13,0.0,0,6,1,1,1
access,access-13,0.0,0,7,1,1,1
access,access-13,0.0,0,8,1,1,1
access,access-13,0.0,0,9,1,1,1
access,access-13,0.0,0,10,1,1,1
access,access-13,0.0,0,11,1,1,1
access,access-13,0.0,0,12,1,1,1
access,access-13,0.0,0,13,1,1,1
access,access-13,0.0,0,14,1,1,1
access,access-13,0.0,0,15,1,1,1
access,access-13,0.0,0,16,1,1,1
access,access-13,0.0,0,17,1,1,1
access,access-13,0.0,0,18,1,1,1
access,access-13,0.0,0,19,1,1,1
access,access-13,0.0,2,0,3,3,3
access,access-13,0.0,2,1,3,1,1
access,access-13,0.0,2,2,3,3,4
access,access-13,0.0,2,3,3,3,3
access,access-13,0.0,2,4,3,3,3
access,access-13,0.0,2,5,3,4,3
access,access-13,0.0,2,6,3,2,2
access,access-13,0.0,2,7,3,2,2
access,access-13,0.0,2,8,3,3,3
access,access-13,0.0,2,9,3,2,2
access,access-13,0.0,2,10,3,3,4
access,access-13,0.0,2,11,3,1,1
access,access-13,0.0,2,12,3,3,3
access,access-13,0.0,2,13,3,3,2
access,access-13,0.0,2,14,3,1,1
access,access-13,0.0,2,15,3,2,2
access,access-13,0.0,2,16,3,3,3
access,access-13,0.0,2,17,3,2,1
access,access-13,0.0,2,18,3,2,2
access,access-13,0.0,2,19,3,3,3
access,access-13,0.0,4,0,5,1,1
access,access-13,0.0,4,1,5,6,4
access,access-13,0.0,4,2,5,4,4
access,access-13,0.0,4,3,5,5,4
access,access-13,0.0,4,4,5,4,3
access,access-13,0.0,4,5,5,3,4
access,access-13,0.0,4,6,5,3,3
access,access-13,0.0,4,7,5,3,2
access,access-13,0.0,4,8,5,2,2
access,access-13,0.0,4,9,5,4,5
access,access-13,0.0,4,10,5,3,3
access,access-13,0.0,4,11,5,5,5
access,access-13,0.0,4,12,5,4,4
access,access-13,0.0,4,13,5,2,2
access,access-13,0.0,4,14,5,4,3
access,access-13,0.0,4,15,5,4,3
access,access-13,0.0,4,16,5,5,3
access,access-13,0.0,4,17,5,4,3
access,access-13,0.0,4,18,5,3,2
access,access-13,0.0,4,19,5,4,4
access,access-13,0.2,0,0,1,1,1
access,access-13,0.2,0,1,1,1,1
access,access-13,0.2,0,2,0,13,13
access,access-13,0.2,0,3,1,1,1
access,access-13,0.2,0,4,1,1,1
access,access-13,0.2,0,5,1,1,1
access,access-13,0.2,0,6,0,13,13
access,access-13,0.2,0,7,1,1,1
access,access-13,0.2,0,8,1,1,1
access,access-13,0.2,0,9,1,1,1
access,access-13,0.2,0,10,0,13,13
access,access-13,0.2,0,11,1,1,1
access,access-13,0.2,0,12,1,1,1
access,access-13,0.2,0,13,0,13,13
access,access-13,0.2,0,14,1,1,1
access,access-13,0.2,0,15,1,1,1
access,access-13,0.2,0,16,1,1,1
access,access-13,0.2,0,17,1,1,1
access,access-13,0.2,0,18,1,1,1
access,access-13,0.2,0,19,1,1,1
access,access-13,0.2,2,0,3,2,2
access,access-13,0.2,2,1,3,3,3
access,access-13,0.2,2,2,3,3,3
access,access-13,0.2,2,3,2,18,18
access,access-13,0.2,2,4,3,3,2
access,access-13,0.2,2,5,3,4,3
access,access-13,0.2,2,6,3,3,3
access,access-13,0.2,2,7,2,16,16
access,access-13,0.2,2,8,3,2,2
access,access-13,0.2,2,9,3,3,3
access,access-13,0.2,2,10,3,4,5
access,access-13,0.2,2,11,3,2,2
access,access-13,0.2,2,12,3,3,2
access,access-13,0.2,2,13,3,2,2
access,access-13,0.2,2,14,3,1,2
access,access-13,0.2,2,15,3,2,2
access,access-13,0.2,2,16,3,3,2
access,access-13,0.2,2,17,3,2,3
access,access-13,0.2,2,18,3,3,2
access,access-13,0.2,2,19,3,3,3
access,access-13,0.2,4,0,5,3,3
access,access-13,0.2,4,1,5,3,3
access,access-13,0.2,4,2,5,4,4
access,access-13,0.2,4,3,5,4,4
access,access-13,0.2,4,4,5,2,2
access,access-13,0.2,4,5,5,4,3
access,access-13,0.2,4,6,4,21,21
access,access-13,0.2,4,7,5,2,2
access,access-13,0.2,4,8,4,20,20
access,access-13,0.2,4,9,5,6,7
access,access-13,0.2,4,10,5,4,4
access,access-13,0.2,4,11,5,5,5
access,access-13,0.2,4,12,5,4,4
access,access-13,0.2,4,13,5,3,3
access,access-13,0.2,4,14,5,3,3
access,access-13,0.2,4,15,4,21,21
access,access-13,0.2,4,16,5,3,2
access,access-13,0.2,4,17,5,5,5
access,access-13,0.2,4,18,5,4,5
access,access-13,0.2,4,19,5,2,2
access,access-13,0.4,0,0,1,1,1
access,access-13,0.4,0,1,0,13,13
access,access-13,0.4,0,2,1,1,1
access,access-13,0.4,0,3,1,1,1
access,access-13,0.4,0,4,1,1,1
access,access-13,0.4,0,5,0,13,13
access,access-13,0.4,0,6,0,13,13
access,access-13,0.4,0,7,0,13,13
access,access-13,0.4,0,8,0,13,13
access,access-13,0.4,0,9,1,1,1
access,access-13,0.4,0,10,0,13,13
access,access-13,0.4,0,11,0,13,13
access,access-13,0.4,0,12,0,13,13
access,access-13,0.4,0,13,0,13,13
access,access-13,0.4,0,14,1,1,1
access,access-13,0.4,0,15,0,13,13
access,access-13,0.4,0,16,1,1,1
access,access-13,0.4,0,17,1,1,1
access,access-13,0.4,0,18,0,13,13
access,access-13,0.4,0,19,1,1,1
access,access-13,0.4,2,0,2,18,18
access,access-13,0.4,2,1,3,3,3
access,access-13,0.4,2,2,2,17,17
access,access-13,0.4,2,3,3,2,2
access,access-13,0.4,2,4,2,17,17
access,access-13,0.4,2,5,2,17,17
access,access-13,0.4,2,6,3,3,3
access,access-13,0.4,2,7,3,3,4
access,access-13,0.4,2,8,2,18,18
access,access-13,0.4,2,9,3,2,2
access,access-13,0.4,2,10,3,2,2
access,access-13,0.4,2,11,3,2,2
access,access-13,0.4,2,12,3,2,2
access,access-13,0.4,2,13,2,16,16
access,access-13,0.4,2,14,3,1,1
access,access-13,0.4,2,15,3,3,2
access,access-13,0.4,2,16,2,15,15
access,access-13,0.4,2,17,2,15,15
access,access-13,0.4,2,18,3,2,2
access,access-13,0.4,2,19,3,2,2
access,access-13,0.4,4,0,5,4,3
access,access-13,0.4,4,1,4,18,18
access,access-13,0.4,4,2,5,4,4
access,access-13,0.4,4,3,5,4,2
access,access-13,0.4,4,4,4,18,18
access,access-13,0.4,4,5,4,18,18
access,access-13,0.4,4,6,5,5,5
access,access-13,0.4,4,7,5,6,5
access,access-13,0.4,4,8,5,5,5
access,access-13,0.4,4,9,5,4,4
access,access-13,0.4,4,10,5,4,4
access,access-13,0.4,4,11,5,4,4
access,access-13,0.4,4,12,5,3,3
access,access-13,0.4,4,13,4,21,21
access,access-13,0.4,4,14,4,20,20
access,access-13,0.4,4,15,4,18,18
access,access-13,0.4,4,16,5,5,5
access,access-13,0.4,4,17,5,4,4
access,access-13,0.4,4,18,4,20,20
access,access-13,0.4,4,19,5,3,3
access,access-14,0.0,0,0,1,1,1
access,access-14,0.0,0,1,1,1,1
access,access-14,0.0,0,2,1,1,1
access,access-14,0.0,0,3,1,1,1
access,access-14,0.0,0,4,1,1,1
access,access-14,0.0,0,5,1,1,1
access,access-14,0.0,0,6,1,1,1
access,access-14,0.0,0,7,1,1,1
access,access-14,0.0,0,8,1,1,1
access,access-14,0.0,0,9,1,1,1
access,access-14,0.0,0,10,1,1,1
access,access-14,0.0,0,11,1,1,1
access,access-14,0.0,0,12,1,1,1
access,access-14,0.0,0,13,1,1,1
access,access-14,0.0,0,14,1,1,1
access,access-14,0.0,0,15,1,1,1
access,access-14,0.0,0,16,1,1,1
access,access-14,0.0,0,17,1,1,1
access,access-14,0.0,0,18,1,1,1
access,access-14,0.0,0,19,1,1,1
access,access-14,0.0,2,0,3,1,1
access,access-14,0.0,2,1,3,3,3
access,access-14,0.0,2,2,3,4,3
access,access-14,0.0,2,3,3,4,4
access,access-14,0.0,2,4,3,1,1
access,access-14,0.0,2,5,3,4,4
access,access-14,0.0,2,6,3,1,1
access,access-14,0.0,2,7,3,2,2
access,access-14,0.0,2,8,3,4,3
access,access-14,0.0,2,9,3,4,5
access,access-14,0.0,2,10,3,3,3
access,access-14,0.0,2,11,3,2,2
access,access-14,0.0,2,12,3,2,1
access,access-14,0.0,2,13,3,1,1
access,access-14,0.0,2,14,3,2,2
access,access-14,0.0,2,15,3,2,2
access,access-14,0.0,2,16,3,3,2
access,access-14,0.0,2,17,3,2,2
access,access-14,0.0,2,18,3,2,2
access,access-14,0.0,2,19,3,3,3
access,access-14,0.0,4,0,5,2,1
access,access-14,0.0,4,1,5,3,3
access,access-14,0.0,4,2,5,5,4
access,access-14,0.0,4,3,5,5,5
access,access-14,0.0,4,4,5,4,4
access,access-14,0.0,4,5,5,5,4
access,access-14,0.0,4,6,5,4,3
access,access-14,0.0,4,7,5,5,4
access,access-14,0.0,4,8,5,4,4
access,access-14,0.0,4,9,5,4,4
access,access-14,0.0,4,10,5,5,4
access,access-14,0.0,4,11,5,3,3
access,access-14,0.0,4,12,5,3,3
access,access-14,0.0,4,13,5,4,4
access,access-14,0.0,4,14,5,5,3
access,access-14,0.0,4,15,5,3,3
access,access-14,0.0,4,16,5,5,5
access,access-14,0.0,4,17,5,5,4
access,access-14,0.0,4,18,5,6,5
access,access-14,0.0,4,19,5,4,3
access,access-14,0.2,0,0,1,1,1
access,access-14,0.2,0,1,1,1,1
access,access-14,0.2,0,2,1,1,1
access,access-14,0.2,0,3,1,1,1
access,access-14,0.2,0,4,1,1,1
access,access-14,0.2,0,5,1,1,1
access,access-14,0.2,0,6,1,1,1
access,access-14,0.2,0,7,1,1,1
access,access-14,0.2,0,8,0,14,14
access,access-14,0.2,0,9,1,1,1
access,access-14,0.2,0,10,1,1,1
access,access-14,0.2,0,11,1,1,1
access,access-14,0.2,0,12,1,1,1
access,access-14,0.2,0,13,1,1,1
access,access-14,0.2,0,14,1,1,1
access,access-14,0.2,0,15,1,1,1
access,access-14,0.2,0,16,0,14,14
access,access-14,0.2,0,17,1,1,1
access,access-14,0.2,0,18,1,1,1
access,access-14,0.2,0,19,1,1,1
access,access-14,0.2,2,0,3,4,3
access,access-14,0.2,2,1,3,3,3
access,access-14,0.2,2,2,3,3,3
access,access-14,0.2,2,3,3,3,2
access,access-14,0.2,2,4,3,2,2
access,access-14,0.2,2,5,3,3,3
access,access-14,0.2,2,6,3,2,2
access,access-14,0.2,2,7,3,3,2
access,access-14,0.2,2,8,2,16,16
access,access-14,0.2,2,9,3,2,3
access,access-14,0.2,2,10,3,3,3
access,access-14,0.2,2,11,3,2,2
access,access-14,0.2,2,12,2,16,16
access,access-14,0.2,2,13,3,3,3
access,access-14,0.2,2,14,3,3,3
access,access-14,0.2,2,15,2,17,17
access,access-14,0.2,2,16,2,17,17
access,access-14,0.2,2,17,3,3,2
access,access-14,0.2,2,18,3,2,2
access,access-14,0.2,2,19,3,3,3
access,access-14,0.2,4,0,5,4,4
access,access-14,0.2,4,1,5,4,3
access,access-14,0.2,4,2,5,2,1
access,access-14,0.2,4,3,5,4,4
access,access-14,0.2,4,4,4,21,21
access,access-14,0.2,4,5,5,3,3
access,access-14,0.2,4,6,4,19,19
access,access-14,0.2,4,7,5,2,2
access,access-14,0.2,4,8,5,3,4
access,access-14,0.2,4,9,4,22,22
access,access-14,0.2,4,10,4,20,20
access,access-14,0.2,4,11,4,20,20
access,access-14,0.2,4,12,4,20,20
access,access-14,0.2,4,13,4,19,19
access,access-14,0.2,4,14,4,18,18
access,access-14,0.2,4,15,5,3,2
access,access-14,0.2,4,16,5,3,3
access,access-14,0.2,4,17,5,4,4
access,access-14,0.2,4,18,5,4,4
access,access-14,0.2,4,19,4,22,22
access,access-14,0.4,0,0,1,1,1
access,access-14,0.4,0,1,0,14,14
access,access-14,0.4,0,2,1,1,1
access,access-14,0.4,0,3,0,14,14
access,access-14,0.4,0,4,1,1,1
access,access-14,0.4,0,5,0,14,14
access,access-14,0.4,0,6,1,1,1
access,access-14,0.4,0,7,0,14,14
access,access-14,0.4,0,8,1,1,1
access,access-14,0.4,0,9,1,1,1
access,access-14,0.4,0,10,0,14,14
access,access-14,0.4,0,11,1,1,1
access,access-14,0.4,0,12,0,14,14
access,access-14,0.4,0,13,1,1,1
access,access-14,0.4,0,14,0,14,14
access,access-14,0.4,0,15,0,14,14
access,access-14,0.4,0,16,0,14,14
access,access-14,0.4,0,17,1,1,1
access,access-14,0.4,0,18,0,14,14
access,access-14,0.4,0,19,1,1,1
access,access-14,0.4,2,0,2,17,17
access,access-14,0.4,2,1,3,4,3
access,access-14,0.4,2,2,3,3,3
access,access-14,0.4,2,3,3,3,3
access,access-14,0.4,2,4,3,4,3
access,access-14,0.4,2,5,3,2,2
access,access-14,0.4,2,6,2,18,18
access,access-14,0.4,2,7,3,3,2
access,access-14,0.4,2,8,3,1,1
access,access-14,0.4,2,9,3,1,1
access,access-14,0.4,2,10,2,16,16
access,access-14,0.4,2,11,3,2,2
access,access-14,0.4,2,12,3,3,3
access,access-14,0.4,2,13,2,19,19
access,access-14,0.4,2,14,3,2,2
access,access-14,0.4,2,15,3,2,2
access,access-14,0.4,2,16,3,2,2
access,access-14,0.4,2,17,2,17,17
access,access-14,0.4,2,18,3,1,1
access,access-14,0.4,2,19,3,2,3
access,access-14,0.4,4,0,4,19,19
access,access-14,0.4,4,1,4,18,18
access,access-14,0.4,4,2,4,21,21
access,access-14,0.4,4,3,5,4,3
access,access-14,0.4,4,4,5,4,3
access,access-14,0.4,4,5,5,4,4
access,access-14,0.4,4,6,4,20,20
access,access-14,0.4,4,7,4,20,20
access,access-14,0.4,4,8,5,2,2
access,access-14,0.4,4,9,5,4,4
access,access-14,0.4,4,10,4,19,19
access,access-14,0.4,4,11,5,5,4
access,access-14,0.4,4,12,4,20,20
access,access-14,0.4,4,13,4,21,21
access,access-14,0.4,4,14,4,19,19
access,access-14,0.4,4,15,4,20,20
access,access-14,0.4,4,16,4,20,20
access,access-14,0.4,4,17,4,20,20
access,access-14,0.4,4,18,4,22,22
access,access-14,0.4,4,19,5,3,3
access,access-15,0.0,0,0,1,1,1
access,access-15,0.0,0,1,1,1,1
access,access-15,0.0,0,2,1,1,1
access,access-15,0.0,0,3,1,1,1
access,access-15,0.0,0,4,1,1,1
access,access-15,0.0,0,5,1,1,1
access,access-15,0.0,0,6,1,1,1
access,access-15,0.0,0,7,1,1,1
access,access-15,0.0,0,8,1,1,1
access,access-15,0.0,0,9,1,1,1
access,access-15,0.0,0,10,1,1,1
access,access-15,0.0,0,11,1,1,1
access,access-15,0.0,0,12,1,1,1
access,access-15,0.0,0,13,1,1,1
access,access-15,0.0,0,14,1,1,1
access,access-15,0.0,0,15,1,1,1
access,access-15,0.0,0,16,1,1,1
access,access-15,0.0,0,17,1,1,1
access,access-15,0.0,0,18,1,1,1
access,access-15,0.0,0,19,1,1,1
access,access-15,0.0,2,0,3,2,2
access,access-15,0.0,2,1,3,1,1
access,access-15,0.0,2,2,3,2,2
access,access-15,0.0,2,3,3,2,2
access,access-15,0.0,2,4,3,2,2
access,access-15,0.0,2,5,3,3,3
access,access-15,0.0,2,6,3,2,2
access,access-15,0.0,2,7,3,3,3
access,access-15,0.0,2,8,3,2,2
access,access-15,0.0,2,9,3,2,2
access,access-15,0.0,2,10,3,4,4
access,access-15,0.0,2,11,3,2,2
access,access-15,0.0,2,12,3,3,4
access,access-15,0.0,2,13,3,2,2
access,access-15,0.0,2,14,3,2,2
access,access-15,0.0,2,15,3,3,3
access,access-15,0.0,2,16,3,2,2
access,access-15,0.0,2,17,3,4,4
access,access-15,0.0,2,18,3,3,2
access,access-15,0.0,2,19,3,2,2
access,access-15,0.0,4,0,5,4,3
access,access-15,0.0,4,1,5,5,5
access,access-15,0.0,4,2,5,4,3
access,access-15,0.0,4,3,5,4,2
access,access-15,0.0,4,4,5,5,4
access,access-15,0.0,4,5,5,5,4
access,access-15,0.0,4,6,5,4,3
access,access-15,0.0,4,7,5,5,3
access,access-15,0.0,4,8,5,5,4
access,access-15,0.0,4,9,5,5,4
access,access-15,0.0,4,10,5,5,4
access,access-15,0.0,4,11,5,4,5
access,access-15,0.0,4,12,5,5,4
access,access-15,0.0,4,13,5,5,5
access,access-15,0.0,4,14,5,6,5
access,access-15,0.0,4,15,5,6,6
access,access-15,0.0,4,16,5,4,4
access,access-15,0.0,4,17,5,5,4
access,access-15,0.0,4,18,5,5,3
access,access-15,0.0,4,19,5,5,3
access,access-15,0.2,0,0,1,1,1
access,access-15,0.2,0,1,1,1,1
access,access-15,0.2,0,2,0,15,15
access,access-15,0.2,0,3,1,1,1
access,access-15,0.2,0,4,0,15,15
access,access-15,0.2,0,5,1,1,1
access,access-15,0.2,0,6,1,1,1
access,access-15,0.2,0,7,0,15,15
access,access-15,0.2,0,8,0,15,15
access,access-15,0.2,0,9,0,15,15
access,access-15,0.2,0,10,1,1,1
access,access-15,0.2,0,11,1,1,1
access,access-15,0.2,0,12,1,1,1
access,access-15,0.2,0,13,1,1,1
access,access-15,0.2,0,14,1,1,1
access,access-15,0.2,0,15,1,1,1
access,access-15,0.2,0,16,0,15,15
access,access-15,0.2,0,17,0,15,15
access,access-15,0.2,0,18,1,1,1
access,access-15,0.2,0,19,1,1,1
access,access-15,0.2,2,0,3,3,3
access,access-15,0.2,2,1,2,18,18
access,access-15,0.2,2,2,2,19,19
access,access-15,0.2,2,3,3,3,2
access,access-15,0.2,2,4,3,1,1
access,access-15,0.2,2,5,3,3,4
access,access-15,0.2,2,6,3,2,2
access,access-15,0.2,2,7,3,2,2
access,access-15,0.2,2,8,3,3,4
access,access-15,0.2,2,9,3,3,2
access,access-15,0.2,2,10,3,3,3
access,access-15,0.2,2,11,2,18,18
access,access-15,0.2,2,12,2,19,19
access,access-15,0.2,2,13,3,2,3
access,access-15,0.2,2,14,3,1,1
access,access-15,0.2,2,15,3,1,1
access,access-15,0.2,2,16,3,2,2
access,access-15,0.2,2,17,3,2,2
access,access-15,0.2,2,18,3,2,2
access,access-15,0.2,2,19,2,19,19
access,access-15,0.2,4,0,5,3,3
access,access-15,0.2,4,1,5,3,3
access,access-15,0.2,4,2,5,5,5
access,access-15,0.2,4,3,4,23,23
access,access-15,0.2,4,4,5,5,4
access,access-15,0.2,4,5,5,3,3
access,access-15,0.2,4,6,5,3,3
access,access-15,0.2,4,7,5,3,3
access,access-15,0.2,4,8,5,3,3
access,access-15,0.2,4,9,5,5,5
access,access-15,0.2,4,10,4,22,22
access,access-15,0.2,4,11,5,5,4
access,access-15,0.2,4,12,5,3,3
access,access-15,0.2,4,13,5,3,3
access,access-15,0.2,4,14,5,5,6
access,access-15,0.2,4,15,5,3,3
access,access-15,0.2,4,16,4,19,19
access,access-15,0.2,4,17,4,22,22
access,access-15,0.2,4,18,5,3,3
access,access-15,0.2,4,19,5,4,3
access,access-15,0.4,0,0,0,15,15
access,access-15,0.4,0,1,0,15,15
access,access-15,0.4,0,2,1,1,1
access,access-15,0.4,0,3,1,1,1
access,access-15,0.4,0,4,1,1,1
access,access-15,0.4,0,5,1,1,1
access,access-15,0.4,0,6,1,1,1
access,access-15,0.4,0,7,1,1,1
access,access-15,0.4,0,8,1,1,1
access,access-15,0.4,0,9,1,1,1
access,access-15,0.4,0,10,0,15,15
access,access-15,0.4,0,11,1,1,1
access,access-15,0.4,0,12,1,1,1
access,access-15,0.4,0,13,1,1,1
access,access-15,0.4,0,14,1,1,1
access,access-15,0.4,0,15,1,1,1
access,access-15,0.4,0,16,0,15,15
access,access-15,0.4,0,17,0,15,15
access,access-15,0.4,0,18,0,15,15
access,access-15,0.4,0,19,1,1,1
access,access-15,0.4,2,0,3,2,2
access,access-15,0.4,2,1,2,19,19
access,access-15,0.4,2,2,2,17,17
access,access-15,0.4,2,3,2,17,17
access,access-15,0.4,2,4,2,18,18
access,access-15,0.4,2,5,2,19,19
access,access-15,0.4,2,6,2,19,19
access,access-15,0.4,2,7,2,17,17
access,access-15,0.4,2,8,3,2,2
access,access-15,0.4,2,9,3,4,4
access,access-15,0.4,2,10,2,17,17
access,access-15,0.4,2,11,3,2,2
access,access-15,0.4,2,12,2,20,20
access,access-15,0.4,2,13,2,18,18
access,access-15,0.4,2,14,3,2,2
access,access-15,0.4,2,15,3,1,1
access,access-15,0.4,2,16,3,3,3
access,access-15,0.4,2,17,2,18,18
access,access-15,0.4,2,18,3,2,2
access,access-15,0.4,2,19,3,3,2
access,access-15,0.4,4,0,4,22,22
access,access-15,0.4,4,1,4,21,21
access,access-15,0.4,4,2,4,21,21
access,access-15,0.4,4,3,4,21,21
access,access-15,0.4,4,4,4,22,22
access,access-15,0.4,4,5,4,20,20
access,access-15,0.4,4,6,5,4,4
access,access-15,0.4,4,7,4,21,21
access,access-15,0.4,4,8,4,20,20
access,access-15,0.4,4,9,5,3,3
access,access-15,0.4,4,10,4,17,17
access,access-15,0.4,4,11,5,2,2
access,access-15,0.4,4,12,4,23,23
access,access-15,0.4,4,13,5,5,5
access,access-15,0.4,4,14,5,6,5
access,access-15,0.4,4,15,4,23,23
access,access-15,0.4,4,16,5,4,4
access,access-15,0.4,4,17,4,23,23
access,access-15,0.4,4,18,5,4,4
access,access-15,0.4,4,19,5,3,2
aggregation,aggregation-06,0.0,0,0,4,1,1
aggregation,aggregation-06,0.0,0,1,4,1,1
aggregation,aggregation-06,0.0,0,2,4,1,1
aggregation,aggregation-06,0.0,0,3,4,1,1
aggregation,aggregation-06,0.0,0,4,4,1,1
aggregation,aggregation-06,0.0,0,5,4,1,1
aggregation,aggregation-06,0.0,0,6,4,1,1
aggregation,aggregation-06,0.0,0,7,4,1,1
aggregation,aggregation-06,0.0,0,8,4,1,1
aggregation,aggregation-06,0.0,0,9,4,1,1
aggregation,aggregation-06,0.0,0,10,4,1,1
aggregation,aggregation-06,0.0,0,11,4,1,1
aggregation,aggregation-06,0.0,0,12,4,1,1
aggregation,aggregation-06,0.0,0,13,4,1,1
aggregation,aggregation-06,0.0,0,14,4,1,1
aggregation,aggregation-06,0.0,0,15,4,1,1
aggregation,aggregation-06,0.0,0,16,4,1,1
aggregation,aggregation-06,0.0,0,17,4,1,1
aggregation,aggregation-06,0.0,0,18,4,1,1
aggregation,aggregation-06,0.0,0,19,4,1,1
aggregation,aggregation-06,0.0,2,0,6,1,1
aggregation,aggregation-06,0.0,2,1,6,1,1
aggregation,aggregation-06,0.0,2,2,6,1,1
aggregation,aggregation-06,0.0,2,3,6,1,1
aggregation,aggregation-06,0.0,2,4,6,1,1
aggregation,aggregation-06,0.0,2,5,6,1,1
aggregation,aggregation-06,0.0,2,6,6,1,1
aggregation,aggregation-06,0.0,2,7,6,1,1
aggregation,aggregation-06,0.0,2,8,6,1,1
aggregation,aggregation-06,0.0,2,9,6,1,1
aggregation,aggregation-06,0.0,2,10,6,1,1
aggregation,aggregation-06,0.0,2,11,6,1,1
aggregation,aggregation-06,0.0,2,12,6,1,1
aggregation,aggregation-06,0.0,2,13,6,1,1
aggregation,aggregation-06,0.0,2,14,6,1,1
aggregation,aggregation-06,0.0,2,15,6,1,1
aggregation,aggregation-06,0.0,2,16,6,1,1
aggregation,aggregation-06,0.0,2,17,6,1,1
aggregation,aggregation-06,0.0,2,18,6,1,1
aggregation,aggregation-06,0.0,2,19,6,1,1
aggregation,aggregation-06,0.0,4,0,8,1,1
aggregation,aggregation-06,0.0,4,1,8,1,1
aggregation,aggregation-06,0.0,4,2,8,1,1
aggregation,aggregation-06,0.0,4,3,8,1,1
aggregation,aggregation-06,0.0,4,4,8,1,1
aggregation,aggregation-06,0.0,4,5,8,1,1
aggregation,aggregation-06,0.0,4,6,8,1,1
aggregation,aggregation-06,0.0,4,7,8,2,1
aggregation,aggregation-06,0.0,4,8,8,1,1
aggregation,aggregation-06,0.0,4,9,8,2,1
aggregation,aggregation-06,0.0,4,10,8,1,1
aggregation,aggregation-06,0.0,4,11,8,2,1
aggregation,aggregation-06,0.0,4,12,8,1,1
aggregation,aggregation-06,0.0,4,13,8,1,1
aggregation,aggregation-06,0.0,4,14,8,2,1
aggregation,aggregation-06,0.0,4,15,8,1,1
aggregation,aggregation-06,0.0,4,16,8,1,1
aggregation,aggregation-06,0.0,4,17,8,1,1
aggregation,aggregation-06,0.0,4,18,8,1,1
aggregation,aggregation-06,0.0,4,19,8,1,1
aggregation,aggregation-06,0.2,0,0,3,1,1
aggregation,aggregation-06,0.2,0,1,4,1,1
aggregation,aggregation-06,0.2,0,2,4,1,1
aggregation,aggregation-06,0.2,0,3,3,1,1
aggregation,aggregation-06,0.2,0,4,2,1,1
aggregation,aggregation-06,0.2,0,5,2,1,1
aggregation,aggregation-06,0.2,0,6,2,1,1
aggregation,aggregation-06,0.2,0,7,4,1,1
aggregation,aggregation-06,0.2,0,8,1,2,2
aggregation,aggregation-06,0.2,0,9,4,1,1
aggregation,aggregation-06,0.2,0,10,3,1,1
aggregation,aggregation-06,0.2,0,11,4,1,1
aggregation,aggregation-06,0.2,0,12,2,1,1
aggregation,aggregation-06,0.2,0,13,3,1,1
aggregation,aggregation-06,0.2,0,14,4,1,1
aggregation,aggregation-06,0.2,0,15,3,1,1
aggregation,aggregation-06,0.2,0,16,4,1,1
aggregation,aggregation-06,0.2,0,17,4,1,1
aggregation,aggregation-06,0.2,0,18,2,1,1
aggregation,aggregation-06,0.2,0,19,2,1,1
aggregation,aggregation-06,0.2,2,0,3,3,3
aggregation,aggregation-06,0.2,2,1,5,1,1
aggregation,aggregation-06,0.2,2,2,5,1,1
aggregation,aggregation-06,0.2,2,3,5,1,1
aggregation,aggregation-06,0.2,2,4,6,1,1
aggregation,aggregation-06,0.2,2,5,5,1,1
aggregation,aggregation-06,0.2,2,6,6,1,1
aggregation,aggregation-06,0.2,2,7,5,2,1
aggregation,aggregation-06,0.2,2,8,6,1,1
aggregation,aggregation-06,0.2,2,9,5,2,1
aggregation,aggregation-06,0.2,2,10,5,1,1
aggregation,aggregation-06,0.2,2,11,5,1,1
aggregation,aggregation-06,0.2,2,12,6,1,1
aggregation,aggregation-06,0.2,2,13,5,1,1
aggregation,aggregation-06,0.2,2,14,6,1,1
aggregation,aggregation-06,0.2,2,15,6,1,1
aggregation,aggregation-06,0.2,2,16,6,1,1
aggregation,aggregation-06,0.2,2,17,5,1,1
aggregation,aggregation-06,0.2,2,18,5,1,1
aggregation,aggregation-06,0.2,2,19,5,1,1
aggregation,aggregation-06,0.2,4,0,7,1,1
aggregation,aggregation-06,0.2,4,1,8,1,1
aggregation,aggregation-06,0.2,4,2,8,1,1
aggregation,aggregation-06,0.2,4,3,7,1,1
aggregation,aggregation-06,0.2,4,4,8,1,1
aggregation,aggregation-06,0.2,4,5,7,1,1
aggregation,aggregation-06,0.2,4,6,7,1,1
aggregation,aggregation-06,0.2,4,7,8,1,1
aggregation,aggregation-06,0.2,4,8,7,1,1
aggregation,aggregation-06,0.2,4,9,8,1,1
aggregation,aggregation-06,0.2,4,10,7,2,1
aggregation,aggregation-06,0.2,4,11,8,1,1
aggregation,aggregation-06,0.2,4,12,7,1,1
aggregation,aggregation-06,0.2,4,13,7,2,1
aggregation,aggregation-06,0.2,4,14,7,2,1
aggregation,aggregation-06,0.2,4,15,7,2,1
aggregation,aggregation-06,0.2,4,16,8,2,1
aggregation,aggregation-06,0.2,4,17,8,1,1
aggregation,aggregation-06,0.2,4,18,7,2,1
aggregation,aggregation-06,0.2,4,19,8,1,1
aggregation,aggregation-06,0.4,0,0,3,1,1
aggregation,aggregation-06,0.4,0,1,3,1,1
aggregation,aggregation-06,0.4,0,2,2,1,1
aggregation,aggregation-06,0.4,0,3,3,1,1
aggregation,aggregation-06,0.4,0,4,2,1,1
aggregation,aggregation-06,0.4,0,5,2,1,1
aggregation,aggregation-06,0.4,0,6,3,1,1
aggregation,aggregation-06,0.4,0,7,4,1,1
aggregation,aggregation-06,0.4,0,8,3,1,1
aggregation,aggregation-06,0.4,0,9,2,1,1
aggregation,aggregation-06,0.4,0,10,1,2,2
aggregation,aggregation-06,0.4,0,11,2,1,1
aggregation,aggregation-06,0.4,0,12,2,1,1
aggregation,aggregation-06,0.4,0,13,1,2,2
aggregation,aggregation-06,0.4,0,14,2,1,1
aggregation,aggregation-06,0.4,0,15,2,1,1
aggregation,aggregation-06,0.4,0,16,3,1,1
aggregation,aggregation-06,0.4,0,17,1,2,2
aggregation,aggregation-06,0.4,0,18,3,1,1
aggregation,aggregation-06,0.4,0,19,3,1,1
aggregation,aggregation-06,0.4,2,0,5,1,1
aggregation,aggregation-06,0.4,2,1,3,6,6
aggregation,aggregation-06,0.4,2,2,4,5,1
aggregation,aggregation-06,0.4,2,3,4,4,1
aggregation,aggregation-06,0.4,2,4,2,26,26
aggregation,aggregation-06,0.4,2,5,4,5,2
aggregation,aggregation-06,0.4,2,6,4,5,2
aggregation,aggregation-06,0.4,2,7,5,1,1
aggregation,aggregation-06,0.4,2,8,4,1,1
aggregation,aggregation-06,0.4,2,9,6,1,1
aggregation,aggregation-06,0.4,2,10,6,1,1
aggregation,aggregation-06,0.4,2,11,3,6,6
aggregation,aggregation-06,0.4,2,12,4,2,1
aggregation,aggregation-06,0.4,2,13,5,1,1
aggregation,aggregation-06,0.4,2,14,6,1,1
aggregation,aggregation-06,0.4,2,15,4,1,1
aggregation,aggregation-06,0.4,2,16,5,1,1
aggregation,aggregation-06,0.4,2,17,6,1,1
aggregation,aggregation-06,0.4,2,18,5,1,1
aggregation,aggregation-06,0.4,2,19,4,4,1
aggregation,aggregation-06,0.4,4,0,7,2,2
aggregation,aggregation-06,0.4,4,1,6,6,2
aggregation,aggregation-06,0.4,4,2,7,2,1
aggregation,aggregation-06,0.4,4,3,7,1,1
aggregation,aggregation-06,0.4,4,4,8,1,1
aggregation,aggregation-06,0.4,4,5,7,1,1
aggregation,aggregation-06,0.4,4,6,7,1,1
aggregation,aggregation-06,0.4,4,7,7,1,1
aggregation,aggregation-06,0.4,4,8,6,6,1
aggregation,aggregation-06,0.4,4,9,6,8,6
aggregation,aggregation-06,0.4,4,10,5,7,7
aggregation,aggregation-06,0.4,4,11,7,2,1
aggregation,aggregation-06,0.4,4,12,6,8,6
aggregation,aggregation-06,0.4,4,13,6,8,6
aggregation,aggregation-06,0.4,4,14,6,7,6
aggregation,aggregation-06,0.4,4,15,8,2,1
aggregation,aggregation-06,0.4,4,16,7,1,1
aggregation,aggregation-06,0.4,4,17,5,11,11
aggregation,aggregation-06,0.4,4,18,7,1,1
aggregation,aggregation-06,0.4,4,19,7,2,1
access,access-16,0.0,0,0,1,1,1
access,access-16,0.0,0,1,1,1,1
access,access-16,0.0,0,2,1,1,1
access,access-16,0.0,0,3,1,1,1
access,access-16,0.0,0,4,1,1,1
access,access-16,0.0,0,5,1,1,1
access,access-16,0.0,0,6,1,1,1
access,access-16,0.0,0,7,1,1,1
access,access-16,0.0,0,8,1,1,1
access,access-16,0.0,0,9,1,1,1
access,access-16,0.0,0,10,1,1,1
access,access-16,0.0,0,11,1,1,1
access,access-16,0.0,0,12,1,1,1
access,access-16,0.0,0,13,1,1,1
access,access-16,0.0,0,14,1,1,1
access,access-16,0.0,0,15,1,1,1
access,access-16,0.0,0,16,1,1,1
access,access-16,0.0,0,17,1,1,1
access,access-16,0.0,0,18,1,1,1
access,access-16,0.0,0,19,1,1,1
access,access-16,0.0,2,0,3,3,2
access,access-16,0.0,2,1,3,3,3
access,access-16,0.0,2,2,3,3,3
access,access-16,0.0,2,3,3,3,3
access,access-16,0.0,2,4,3,2,2
access,access-16,0.0,2,5,3,3,3
access,access-16,0.0,2,6,3,3,3
access,access-16,0.0,2,7,3,3,3
access,access-16,0.0,2,8,3,3,3
access,access-16,0.0,2,9,3,2,2
access,access-16,0.0,2,10,3,3,2
access,access-16,0.0,2,11,3,2,2
access,access-16,0.0,2,12,3,3,3
access,access-16,0.0,2,13,3,3,3
access,access-16,0.0,2,14,3,3,3
access,access-16,0.0,2,15,3,2,2
access,access-16,0.0,2,16,3,3,3
access,access-16,0.0,2,17,3,3,2
access,access-16,0.0,2,18,3,4,3
access,access-16,0.0,2,19,3,3,3
access,access-16,0.0,4,0,5,3,2
access,access-16,0.0,4,1,5,3,3
access,access-16,0.0,4,2,5,5,4
access,access-16,0.0,4,3,5,4,2
access,access-16,0.0,4,4,5,3,3
access,access-16,0.0,4,5,5,4,4
access,access-16,0.0,4,6,5,6,6
access,access-16,0.0,4,7,5,4,4
access,access-16,0.0,4,8,5,4,3
access,access-16,0.0,4,9,5,4,3
access,access-16,0.0,4,10,5,4,4
access,access-16,0.0,4,11,5,4,4
access,access-16,0.0,4,12,5,4,4
access,access-16,0.0,4,13,5,5,5
access,access-16,0.0,4,14,5,5,4
access,access-16,0.0,4,15,5,5,5
access,access-16,0.0,4,16,5,5,3
access,access-16,0.0,4,17,5,6,4
access,access-16,0.0,4,18,5,2,2
access,access-16,0.0,4,19,5,5,3
access,access-16,0.2,0,0,1,1,1
access,access-16,0.2,0,1,1,1,1
access,access-16,0.2,0,2,1,1,1
access,access-16,0.2,0,3,1,1,1
access,access-16,0.2,0,4,1,1,1
access,access-16,0.2,0,5,1,1,1
access,access-16,0.2,0,6,1,1,1
access,access-16,0.2,0,7,1,1,1
access,access-16,0.2,0,8,1,1,1
access,access-16,0.2,0,9,0,16,16
access,access-16,0.2,0,10,1,1,1
access,access-16,0.2,0,11,1,1,1
access,access-16,0.2,0,12,1,1,1
access,access-16,0.2,0,13,1,1,1
access,access-16,0.2,0,14,1,1,1
access,access-16,0.2,0,15,1,1,1
access,access-16,0.2,0,16,1,1,1
access,access-16,0.2,0,17,1,1,1
access,access-16,0.2,0,18,1,1,1
access,access-16,0.2,0,19,1,1,1
access,access-16,0.2,2,0,3,2,2
access,access-16,0.2,2,1,3,3,2
access,access-16,0.2,2,2,3,4,4
access,access-16,0.2,2,3,3,3,3
access,access-16,0.2,2,4,3,2,2
access,access-16,0.2,2,5,3,2,2
access,access-16,0.2,2,6,2,20,20
access,access-16,0.2,2,7,3,3,3
access,access-16,0.2,2,8,3,2,3
access,access-16,0.2,2,9,3,3,3
access,access-16,0.2,2,10,3,3,3
access,access-16,0.2,2,11,3,3,3
access,access-16,0.2,2,12,3,3,3
access,access-16,0.2,2,13,3,3,3
access,access-16,0.2,2,14,3,4,4
access,access-16,0.2,2,15,2,19,19
access,access-16,0.2,2,16,3,3,3
access,access-16,0.2,2,17,3,1,1
access,access-16,0.2,2,18,3,3,3
access,access-16,0.2,2,19,2,20,20
access,access-16,0.2,4,0,5,4,3
access,access-16,0.2,4,1,5,5,5
access,access-16,0.2,4,2,5,6,5
access,access-16,0.2,4,3,4,22,22
access,access-16,0.2,4,4,5,5,5
access,access-16,0.2,4,5,4,21,21
access,access-16,0.2,4,6,5,2,2
access,access-16,0.2,4,7,5,4,4
access,access-16,0.2,4,8,5,4,3
access,access-16,0.2,4,9,4,21,21
access,access-16,0.2,4,10,5,5,4
access,access-16,0.2,4,11,5,3,3
access,access-16,0.2,4,12,5,6,6
access,access-16,0.2,4,13,5,4,4
access,access-16,0.2,4,14,5,3,3
access,access-16,0.2,4,15,5,4,3
access,access-16,0.2,4,16,5,2,2
access,access-16,0.2,4,17,5,3,3
access,access-16,0.2,4,18,5,5,5
access,access-16,0.2,4,19,4,22,22
access,access-16,0.4,0,0,1,1,1
access,access-16,0.4,0,1,1,1,1
access,access-16,0.4,0,2,0,16,16
access,access-16,0.4,0,3,1,1,1
access,access-16,0.4,0,4,1,1,1
access,access-16,0.4,0,5,1,1,1
access,access-16,0.4,0,6,0,16,16
access,access-16,0.4,0,7,1,1,1
access,access-16,0.4,0,8,1,1,1
access,access-16,0.4,0,9,1,1,1
access,access-16,0.4,0,10,0,16,16
access,access-16,0.4,0,11,0,16,16
access,access-16,0.4,0,12,1,1,1
access,access-16,0.4,0,13,0,16,16
access,access-16,0.4,0,14,0,16,16
access,access-16,0.4,0,15,1,1,1
access,access-16,0.4,0,16,0,16,16
access,access-16,0.4,0,17,1,1,1
access,access-16,0.4,0,18,1,1,1
access,access-16,0.4,0,19,1,1,1
access,access-16,0.4,2,0,3,1,1
access,access-16,0.4,2,1,2,20,20
access,access-16,0.4,2,2,2,21,21
access,access-16,0.4,2,3,3,2,2
access,access-16,0.4,2,4,3,2,1
access,access-16,0.4,2,5,3,3,3
access,access-16,0.4,2,6,2,19,19
access,access-16,0.4,2,7,3,3,3
access,access-16,0.4,2,8,2,20,20
access,access-16,0.4,2,9,2,20,20
access,access-16,0.4,2,10,3,4,4
access,access-16,0.4,2,11,2,19,19
access,access-16,0.4,2,12,3,3,2
access,access-16,0.4,2,13,2,18,18
access,access-16,0.4,2,14,3,3,3
access,access-16,0.4,2,15,2,20,20
access,access-16,0.4,2,16,3,3,3
access,access-16,0.4,2,17,3,3,2
access,access-16,0.4,2,18,3,2,2
access,access-16,0.4,2,19,2,18,18
access,access-16,0.4,4,0,5,6,4
access,access-16,0.4,4,1,5,5,3
access,access-16,0.4,4,2,5,4,4
access,access-16,0.4,4,3,5,5,5
access,access-16,0.4,4,4,5,4,4
access,access-16,0.4,4,5,4,23,23
access,access-16,0.4,4,6,4,24,24
access,access-16,0.4,4,7,5,5,4
access,access-16,0.4,4,8,5,3,3
access,access-16,0.4,4,9,5,3,3
access,access-16,0.4,4,10,5,4,3
access,access-16,0.4,4,11,5,5,5
access,access-16,0.4,4,12,4,21,21
access,access-16,0.4,4,13,5,4,3
access,access-16,0.4,4,14,5,4,3
access,access-16,0.4,4,15,5,4,5
access,access-16,0.4,4,16,5,4,3
access,access-16,0.4,4,17,4,21,21
access,access-16,0.4,4,18,5,3,3
access,access-16,0.4,4,19,5,6,6
access,access-17,0.0,0,0,1,1,1
access,access-17,0.0,0,1,1,1,1
access,access-17,0.0,0,2,1,1,1
access,access-17,0.0,0,3,1,1,1
access,access-17,0.0,0,4,1,1,1
access,access-17,0.0,0,5,1,1,1
access,access-17,0.0,0,6,1,1,1
access,access-17,0.0,0,7,1,1,1
access,access-17,0.0,0,8,1,1,1
access,access-17,0.0,0,9,1,1,1
access,access-17,0.0,0,10,1,1,1
access,access-17,0.0,0,11,1,1,1
access,access-17,0.0,0,12,1,1,1
access,access-17,0.0,0,13,1,1,1
access,access-17,0.0,0,14,1,1,1
access,access-17,0.0,0,15,1,1,1
access,access-17,0.0,0,16,1,1,1
access,access-17,0.0,0,17,1,1,1
access,access-17,0.0,0,18,1,1,1
access,access-17,0.0,0,19,1,1,1
access,access-17,0.0,2,0,3,3,3
access,access-17,0.0,2,1,3,2,2
access,access-17,0.0,2,2,3,3,3
access,access-17,0.0,2,3,3,4,4
access,access-17,0.0,2,4,3,2,2
access,access-17,0.0,2,5,3,3,3
access,access-17,0.0,2,6,3,4,4
access,access-17,0.0,2,7,3,3,3
access,access-17,0.0,2,8,3,3,2
access,access-17,0.0,2,9,3,3,2
access,access-17,0.0,2,10,3,2,2
access,access-17,0.0,2,11,3,3,3
access,access-17,0.0,2,12,3,4,3
access,access-17,0.0,2,13,3,4,3
access,access-17,0.0,2,14,3,3,3
access,access-17,0.0,2,15,3,3,2
access,access-17,0.0,2,16,3,3,2
access,access-17,0.0,2,17,3,3,3
access,access-17,0.0,2,18,3,3,3
access,access-17,0.0,2,19,3,2,3
access,access-17,0.0,4,0,5,5,5
access,access-17,0.0,4,1,5,5,5
access,access-17,0.0,4,2,5,4,3
access,access-17,0.0,4,3,5,5,5
access,access-17,0.0,4,4,5,4,3
access,access-17,0.0,4,5,5,5,5
access,access-17,0.0,4,6,5,2,2
access,access-17,0.0,4,7,5,6,4
access,access-17,0.0,4,8,5,6,5
access,access-17,0.0,4,9,5,5,4
access,access-17,0.0,4,10,5,5,4
access,access-17,0.0,4,11,5,2,2
access,access-17,0.0,4,12,5,4,4
access,access-17,0.0,4,13,5,5,3
access,access-17,0.0,4,14,5,4,3
access,access-17,0.0,4,15,5,4,3
access,access-17,0.0,4,16,5,6,4
access,access-17,0.0,4,17,5,5,5
access,access-17,0.0,4,18,5,6,6
access,access-17,0.0,4,19,5,3,3
access,access-17,0.2,0,0,1,1,1
access,access-17,0.2,0,1,1,1,1
access,access-17,0.2,0,2,1,1,1
access,access-17,0.2,0,3,1,1,1
access,access-17,0.2,0,4,1,1,1
access,access-17,0.2,0,5,1,1,1
access,access-17,0.2,0,6,1,1,1
access,access-17,0.2,0,7,0,17,17
access,access-17,0.2,0,8,1,1,1
access,access-17,0.2,0,9,1,1,1
access,access-17,0.2,0,10,1,1,1
access,access-17,0.2,0,11,1,1,1
access,access-17,0.2,0,12,1,1,1
access,access-17,0.2,0,13,1,1,1
access,access-17,0.2,0,14,0,17,17
access,access-17,0.2,0,15,0,17,17
access,access-17,0.2,0,16,0,17,17
access,access-17,0.2,0,17,1,1,1
access,access-17,0.2,0,18,1,1,1
access,access-17,0.2,0,19,0,17,17
access,access-17,0.2,2,0,2,21,21
access,access-17,0.2,2,1,3,3,3
access,access-17,0.2,2,2,3,2,1
access,access-17,0.2,2,3,3,2,2
access,access-17,0.2,2,4,3,3,3
access,access-17,0.2,2,5,3,3,2
access,access-17,0.2,2,6,3,3,3
access,access-17,0.2,2,7,3,5,4
access,access-17,0.2,2,8,3,3,2
access,access-17,0.2,2,9,2,21,21
access,access-17,0.2,2,10,3,4,4
access,access-17,0.2,2,11,3,3,2
access,access-17,0.2,2,12,3,3,3
access,access-17,0.2,2,13,3,3,3
access,access-17,0.2,2,14,3,1,1
access,access-17,0.2,2,15,3,4,4
access,access-17,0.2,2,16,3,2,2
access,access-17,0.2,2,17,3,3,3
access,access-17,0.2,2,18,3,3,3
access,access-17,0.2,2,19,3,3,2
access,access-17,0.2,4,0,5,4,3
access,access-17,0.2,4,1,5,4,4
access,access-17,0.2,4,2,5,6,6
access,access-17,0.2,4,3,5,5,3
access,access-17,0.2,4,4,5,3,3
access,access-17,0.2,4,5,4,21,21
access,access-17,0.2,4,6,5,4,4
access,access-17,0.2,4,7,5,4,2
access,access-17,0.2,4,8,4,23,23
access,access-17,0.2,4,9,5,6,6
access,access-17,0.2,4,10,5,3,3
access,access-17,0.2,4,11,5,6,5
access,access-17,0.2,4,12,5,4,4
access,access-17,0.2,4,13,5,4,4
access,access-17,0.2,4,14,4,24,24
access,access-17,0.2,4,15,5,4,4
access,access-17,0.2,4,16,5,6,6
access,access-17,0.2,4,17,5,3,3
access,access-17,0.2,4,18,5,4,4
access,access-17,0.2,4,19,4,23,23
access,access-17,0.4,0,0,1,1,1
access,access-17,0.4,0,1,1,1,1
access,access-17,0.4,0,2,1,1,1
access,access-17,0.4,0,3,1,1,1
access,access-17,0.4,0,4,0,17,17
access,access-17,0.4,0,5,1,1,1
access,access-17,0.4,0,6,1,1,1
access,access-17,0.4,0,7,1,1,1
access,access-17,0.4,0,8,1,1,1
access,access-17,0.4,0,9,1,1,1
access,access-17,0.4,0,10,0,17,17
access,access-17,0.4,0,11,0,17,17
access,access-17,0.4,0,12,1,1,1
access,access-17,0.4,0,13,0,17,17
access,access-17,0.4,0,14,0,17,17
access,access-17,0.4,0,15,1,1,1
access,access-17,0.4,0,16,1,1,1
access,access-17,0.4,0,17,0,17,17
access,access-17,0.4,0,18,0,17,17
access,access-17,0.4,0,19,0,17,17
access,access-17,0.4,2,0,3,2,2
access,access-17,0.4,2,1,3,3,3
access,access-17,0.4,2,2,3,2,2
access,access-17,0.4,2,3,2,21,21
access,access-17,0.4,2,4,2,19,19
access,access-17,0.4,2,5,2,21,21
access,access-17,0.4,2,6,2,21,21
access,access-17,0.4,2,7,2,20,20
access,access-17,0.4,2,8,2,21,21
access,access-17,0.4,2,9,2,20,20
access,access-17,0.4,2,10,3,3,3
access,access-17,0.4,2,11,3,3,3
access,access-17,0.4,2,12,2,20,20
access,access-17,0.4,2,13,3,3,3
access,access-17,0.4,2,14,3,2,2
access,access-17,0.4,2,15,2,20,20
access,access-17,0.4,2,16,2,20,20
access,access-17,0.4,2,17,2,20,20
access,access-17,0.4,2,18,2,22,22
access,access-17,0.4,2,19,3,2,2
access,access-17,0.4,4,0,4,21,21
access,access-17,0.4,4,1,5,4,4
access,access-17,0.4,4,2,5,5,4
access,access-17,0.4,4,3,5,3,3
access,access-17,0.4,4,4,4,22,22
access,access-17,0.4,4,5,4,22,22
access,access-17,0.4,4,6,4,22,22
access,access-17,0.4,4,7,5,5,5
access,access-17,0.4,4,8,5,4,4
access,access-17,0.4,4,9,4,22,22
access,access-17,0.4,4,10,4,23,23
access,access-17,0.4,4,11,5,6,5
access,access-17,0.4,4,12,4,21,21
access,access-17,0.4,4,13,4,21,21
access,access-17,0.4,4,14,5,5,5
access,access-17,0.4,4,15,5,6,4
access,access-17,0.4,4,16,5,3,2
access,access-17,0.4,4,17,5,5,4
access,access-17,0.4,4,18,5,4,3
access,access-17,0.4,4,19,4,24,24
access,access-18,0.0,0,0,1,1,1
access,access-18,0.0,0,1,1,1,1
access,access-18,0.0,0,2,1,1,1
access,access-18,0.0,0,3,1,1,1
access,access-18,0.0,0,4,1,1,1
access,access-18,0.0,0,5,1,1,1
access,access-18,0.0,0,6,1,1,1
access,access-18,0.0,0,7,1,1,1
access,access-18,0.0,0,8,1,1,1
access,access-18,0.0,0,9,1,1,1
access,access-18,0.0,0,10,1,1,1
access,access-18,0.0,0,11,1,1,1
access,access-18,0.0,0,12,1,1,1
access,access-18,0.0,0,13,1,1,1
access,access-18,0.0,0,14,1,1,1
access,access-18,0.0,0,15,1,1,1
access,access-18,0.0,0,16,1,1,1
access,access-18,0.0,0,17,1,1,1
access,access-18,0.0,0,18,1,1,1
access,access-18,0.0,0,19,1,1,1
access,access-18,0.0,2,0,3,3,3
access,access-18,0.0,2,1,3,3,2
access,access-18,0.0,2,2,3,3,2
access,access-18,0.0,2,3,3,3,3
access,access-18,0.0,2,4,3,2,2
access,access-18,0.0,2,5,3,2,2
access,access-18,0.0,2,6,3,4,4
access,access-18,0.0,2,7,3,2,2
access,access-18,0.0,2,8,3,2,2
access,access-18,0.0,2,9,3,2,1
access,access-18,0.0,2,10,3,2,2
access,access-18,0.0,2,11,3,3,3
access,access-18,0.0,2,12,3,4,4
access,access-18,0.0,2,13,3,3,3
access,access-18,0.0,2,14,3,4,4
access,access-18,0.0,2,15,3,4,3
access,access-18,0.0,2,16,3,3,3
access,access-18,0.0,2,17,3,3,3
access,access-18,0.0,2,18,3,3,3
access,access-18,0.0,2,19,3,4,3
access,access-18,0.0,4,0,5,3,2
access,access-18,0.0,4,1,5,4,4
access,access-18,0.0,4,2,5,6,5
access,access-18,0.0,4,3,5,4,4
access,access-18,0.0,4,4,5,3,3
access,access-18,0.0,4,5,5,5,4
access,access-18,0.0,4,6,5,6,4
access,access-18,0.0,4,7,5,5,4
access,access-18,0.0,4,8,5,5,4
access,access-18,0.0,4,9,5,6,5
access,access-18,0.0,4,10,5,3,3
access,access-18,0.0,4,11,5,3,3
access,access-18,0.0,4,12,5,3,3
access,access-18,0.0,4,13,5,6,4
access,access-18,0.0,4,14,5,4,3
access,access-18,0.0,4,15,5,5,3
access,access-18,0.0,4,16,5,5,5
access,access-18,0.0,4,17,5,6,3
access,access-18,0.0,4,18,5,4,3
access,access-18,0.0,4,19,5,5,5
access,access-18,0.2,0,0,1,1,1
access,access-18,0.2,0,1,0,18,18
access,access-18,0.2,0,2,1,1,1
access,access-18,0.2,0,3,1,1,1
access,access-18,0.2,0,4,1,1,1
access,access-18,0.2,0,5,1,1,1
access,access-18,0.2,0,6,1,1,1
access,access-18,0.2,0,7,1,1,1
access,access-18,0.2,0,8,1,1,1
access,access-18,0.2,0,9,1,1,1
access,access-18,0.2,0,10,1,1,1
access,access-18,0.2,0,11,1,1,1
access,access-18,0.2,0,12,1,1,1
access,access-18,0.2,0,13,1,1,1
access,access-18,0.2,0,14,1,1,1
access,access-18,0.2,0,15,1,1,1
access,access-18,0.2,0,16,1,1,1
access,access-18,0.2,0,17,1,1,1
access,access-18,0.2,0,18,1,1,1
access,access-18,0.2,0,19,0,18,18
access,access-18,0.2,2,0,3,1,1
access,access-18,0.2,2,1,3,2,3
access,access-18,0.2,2,2,3,2,2
access,access-18,0.2,2,3,3,1,1
access,access-18,0.2,2,4,3,3,2
access,access-18,0.2,2,5,3,4,4
access,access-18,0.2,2,6,3,3,3
access,access-18,0.2,2,7,3,3,4
access,access-18,0.2,2,8,2,22,22
access,access-18,0.2,2,9,3,3,3
access,access-18,0.2,2,10,3,3,3
access,access-18,0.2,2,11,3,3,3
access,access-18,0.2,2,12,3,3,3
access,access-18,0.2,2,13,3,3,3
access,access-18,0.2,2,14,2,21,21
access,access-18,0.2,2,15,3,3,3
access,access-18,0.2,2,16,3,2,1
access,access-18,0.2,2,17,2,21,21
access,access-18,0.2,2,18,3,3,3
access,access-18,0.2,2,19,2,22,22
access,access-18,0.2,4,0,5,6,4
access,access-18,0.2,4,1,5,3,3
access,access-18,0.2,4,2,5,5,5
access,access-18,0.2,4,3,5,6,4
access,access-18,0.2,4,4,4,23,23
access,access-18,0.2,4,5,5,5,5
access,access-18,0.2,4,6,5,6,5
access,access-18,0.2,4,7,5,5,5
access,access-18,0.2,4,8,5,5,4
access,access-18,0.2,4,9,5,5,5
access,access-18,0.2,4,10,5,3,3
access,access-18,0.2,4,11,5,4,4
access,access-18,0.2,4,12,5,4,3
access,access-18,0.2,4,13,5,3,2
access,access-18,0.2,4,14,5,4,4
access,access-18,0.2,4,15,5,5,3
access,access-18,0.2,4,16,5,5,4
access,access-18,0.2,4,17,4,23,23
access,access-18,0.2,4,18,5,7,6
access,access-18,0.2,4,19,5,5,4
access,access-18,0.4,0,0,1,1,1
access,access-18,0.4,0,1,0,18,18
access,access-18,0.4,0,2,1,1,1
access,access-18,0.4,0,3,0,18,18
access,access-18,0.4,0,4,1,1,1
access,access-18,0.4,0,5,1,1,1
access,access-18,0.4,0,6,1,1,1
access,access-18,0.4,0,7,0,18,18
access,access-18,0.4,0,8,0,18,18
access,access-18,0.4,0,9,0,18,18
access,access-18,0.4,0,10,1,1,1
access,access-18,0.4,0,11,0,18,18
access,access-18,0.4,0,12,0,18,18
access,access-18,0.4,0,13,1,1,1
access,access-18,0.4,0,14,1,1,1
access,access-18,0.4,0,15,1,1,1
access,access-18,0.4,0,16,1,1,1
access,access-18,0.4,0,17,0,18,18
access,access-18,0.4,0,18,0,18,18
access,access-18,0.4,0,19,1,1,1
access,access-18,0.4,2,0,3,3,3
access,access-18,0.4,2,1,3,2,2
access,access-18,0.4,2,2,2,22,22
access,access-18,0.4,2,3,3,3,3
access,access-18,0.4,2,4,2,21,21
access,access-18,0.4,2,5,2,22,22
access,access-18,0.4,2,6,3,3,3
access,access-18,0.4,2,7,2,20,20
access,access-18,0.4,2,8,3,3,3
access,access-18,0.4,2,9,2,21,21
access,access-18,0.4,2,10,3,1,1
access,access-18,0.4,2,11,3,3,3
access,access-18,0.4,2,12,3,5,5
access,access-18,0.4,2,13,3,2,2
access,access-18,0.4,2,14,3,3,3
access,access-18,0.4,2,15,3,4,3
access,access-18,0.4,2,16,2,21,21
access,access-18,0.4,2,17,2,21,21
access,access-18,0.4,2,18,3,2,2
access,access-18,0.4,2,19,3,3,3
access,access-18,0.4,4,0,4,25,25
access,access-18,0.4,4,1,4,24,24
access,access-18,0.4,4,2,5,5,5
access,access-18,0.4,4,3,5,6,6
access,access-18,0.4,4,4,5,5,5
access,access-18,0.4,4,5,5,6,5
access,access-18,0.4,4,6,4,22,22
access,access-18,0.4,4,7,4,23,23
access,access-18,0.4,4,8,5,6,5
access,access-18,0.4,4,9,4,24,24
access,access-18,0.4,4,10,4,23,23
access,access-18,0.4,4,11,5,5,5
access,access-18,0.4,4,12,5,3,3
access,access-18,0.4,4,13,5,6,6
access,access-18,0.4,4,14,5,5,4
access,access-18,0.4,4,15,4,24,24
access,access-18,0.4,4,16,4,22,22
access,access-18,0.4,4,17,4,23,23
access,access-18,0.4,4,18,4,22,22
access,access-18,0.4,4,19,4,22,22
