timestamp_s,node_id,cpu_percent,latency_ms,packet_loss_percent,throughput_mbps
0,core-01,34.4419,4.155299,0.067178,31080.0
0,core-02,36.497688,4.726966,0.100653,31698.060353
0,core-03,38.732231,4.913354,0.042658,32295.027851
0,aggregation-01,42.495914,10.290638,0.091823,6100.812619
0,access-01,42.769378,18.434389,0.139807,254.061771
0,access-02,43.478203,18.061133,0.148997,257.244692
0,access-03,42.008818,19.445016,0.041739,259.729886
0,aggregation-02,38.124055,10.610631,0.063082,6372.418199
0,access-04,35.626299,19.448676,0.082767,262.29455
0,access-05,32.633628,18.750223,0.04491,262.286493
0,access-06,29.67664,19.02419,0.097064,261.408645
0,aggregation-03,27.117607,10.556738,0.098234,6329.967305
0,access-07,26.816928,18.284276,0.121579,257.192076
0,access-08,26.418406,17.70408,0.057324,253.997255
0,access-09,26.249132,17.411516,0.129117,250.215535
0,aggregation-04,28.001683,8.632978,0.066785,5995.664424
0,access-10,32.038347,17.077245,0.094112,241.423264
0,access-11,35.615733,15.946891,0.082989,236.712772
0,access-12,37.729226,16.681108,0.063547,232.005257
0,aggregation-05,40.915365,7.524622,0.054857,5544.370985
0,access-13,39.007707,15.319939,0.075635,223.236195
0,access-14,40.651148,14.746516,0.072449,219.473915
0,access-15,40.206413,15.50406,0.082009,216.30293
0,aggregation-06,42.541057,7.187165,0.097435,5212.141834
0,access-16,38.332807,15.412301,0.053542,212.143848
0,access-17,36.159901,14.870515,0.097351,211.297689
0,access-18,31.845787,15.475027,0.152237,211.32186
1,core-01,34.404292,3.762087,0.097664,31149.994936
1,core-02,37.339267,4.723843,0.090604,31766.72679
1,core-03,39.986596,4.622272,0.061479,32360.022376
1,aggregation-01,39.711738,10.08367,0.117976,6111.789172
1,access-01,42.803792,18.683673,0.122448,254.451846
1,access-02,42.509664,18.295277,0.067442,257.56121
1,access-03,41.349179,19.758563,0.039265,259.962046
1,aggregation-02,37.668462,10.354404,0.048723,6375.827721
1,access-04,36.113881,18.383788,0.118682,262.337372
1,access-05,31.388266,19.142563,0.049721,262.230798
1,access-06,29.314162,18.969241,0.035897,261.256334
1,aggregation-03,27.704708,9.556158,0.060136,6324.026402
1,access-07,26.875373,17.021901,0.091815,256.865246
1,access-08,26.034427,17.314843,0.080353,253.598479
1,access-09,27.408082,16.844212,0.124171,249.758422
1,aggregation-04,28.736199,8.667572,0.080027,5983.480562
1,access-10,29.948834,16.245665,0.080934,240.897735
1,access-11,34.807918,16.027367,0.098265,236.179499
1,access-12,36.459308,16.478522,0.096233,231.48244
1,aggregation-05,38.672656,7.510382,0.066678,5532.31709
1,access-13,41.796408,16.07407,0.089561,222.786851
1,access-14,42.752607,14.932614,0.035206,219.085081
1,access-15,40.558808,16.816349,0.093828,215.987876
1,aggregation-06,40.924387,7.579232,0.09548,5206.522851
1,access-16,38.140487,15.638049,0.096216,212.005725
1,access-17,33.568445,15.878965,0.03902,211.256679
1,access-18,32.163685,16.283774,0.074058,211.379362
2,core-01,33.741538,4.54946,0.081991,31219.959494
2,core-02,37.799279,4.735475,0.053895,31835.09518
2,core-03,38.765677,5.305116,0.076009,32424.461356
2,aggregation-01,42.482633,10.443758,0.1013,6122.618251
2,access-01,41.421561,18.948846,0.110985,254.83426
2,access-02,40.116583,18.313743,0.051968,257.868718
2,access-03,40.379148,18.552734,0.094103,260.184153
2,aggregation-02,37.413862,11.182886,0.060004,6378.975174
2,access-04,33.920617,17.570603,0.10135,262.369111
2,access-05,32.063116,18.905872,0.095235,262.164066
2,access-06,29.196945,19.088615,0.090079,261.093409
2,aggregation-03,26.491205,9.9684,0.086776,6317.845913
2,access-07,26.711096,17.964652,0.124203,256.529708
2,access-08,26.948779,17.282966,0.116541,253.192412
2,access-09,27.266585,16.7494,0.046198,249.295684
2,aggregation-04,29.587282,8.090919,0.09001,5971.204915
2,access-10,33.722674,16.729782,0.144824,240.370428
2,access-11,34.581427,16.145202,0.047836,235.646496
2,access-12,37.660828,15.885994,0.064634,230.961931
2,aggregation-05,40.178965,6.660261,0.041634,5520.36722
2,access-13,41.256101,15.878153,0.090443,222.343589
2,access-14,44.828677,14.852586,0.052575,218.703935
2,access-15,40.65798,15.186812,0.10683,215.681855
2,aggregation-06,39.450385,8.054309,0.069006,5201.149292
2,access-16,38.31577,15.224089,0.058936,211.878362
2,access-17,33.559773,16.517854,0.100756,211.226754
2,access-18,31.474463,16.470957,0.104501,211.447897
3,core-01,35.068158,4.424062,0.091978,31289.863308
3,core-02,38.131799,4.26071,0.077151,31903.135849
3,core-03,39.159945,4.297115,0.046997,32488.316823
3,aggregation-01,41.559906,10.445673,0.100342,6133.295158
3,access-01,41.59709,18.51978,0.061196,255.208848
3,access-02,43.81668,18.439913,0.087534,258.167082
3,access-03,41.801621,19.094956,0.124555,260.396111
3,aggregation-02,38.279193,10.894966,0.12933,6381.859193
3,access-04,34.571978,18.599834,0.11126,262.389752
3,access-05,31.711807,18.269886,0.067648,262.086325
3,access-06,27.436429,18.079501,0.070299,260.91994
3,aggregation-03,26.176846,10.571871,0.085108,6311.428521
3,access-07,25.561843,17.736441,0.0703,256.185607
3,access-08,26.172436,17.577081,0.108414,252.77923
3,access-09,28.357077,17.927813,0.069614,248.827523
3,aggregation-04,26.557509,8.342909,0.101273,5958.842811
3,access-10,32.118795,16.850065,0.083044,239.84157
3,access-11,35.89979,15.73228,0.059525,235.113993
3,access-12,37.627956,15.527386,0.089662,230.443955
3,aggregation-05,38.778372,6.899278,0.107594,5508.526562
3,access-13,39.912378,15.067738,0.051322,221.906601
3,access-14,43.043511,14.675675,0.070444,218.330644
3,access-15,40.006733,15.799955,0.065019,215.384999
3,aggregation-06,40.644378,6.897907,0.092708,5196.023489
3,access-16,38.493377,15.642547,0.073162,211.761816
3,access-17,35.921602,15.620229,0.05737,211.207929
3,access-18,31.875672,15.234973,0.064566,211.527434
4,core-01,34.808991,4.119295,0.071399,31359.676038
4,core-02,38.454344,4.272044,0.035446,31970.819268
4,core-03,38.216137,5.764429,0.116836,32551.561064
4,aggregation-01,40.450655,10.18067,0.068469,6143.815259
4,access-01,42.46081,18.564882,0.101593,255.575445
4,access-02,42.568314,19.493276,0.025773,258.456172
4,access-03,37.845753,18.767042,0.080573,260.597828
4,aggregation-02,38.103056,10.398263,0.022568,6384.478526
4,access-04,33.692844,18.079679,0.079935,262.399287
4,access-05,30.587791,18.569349,0.093854,261.99761
4,access-06,29.578557,18.364658,0.082355,260.736002
4,aggregation-03,27.032593,10.073925,0.102359,6304.77701
4,access-07,25.922688,18.11696,0.088445,255.833092
4,access-08,26.576283,17.770649,0.101489,252.359114
4,access-09,26.551957,16.317468,0.076235,248.354142
4,aggregation-04,29.608104,9.198097,0.084353,5946.399615
4,access-10,30.817014,17.16073,0.040007,239.311393
4,access-11,33.642759,15.970154,0.092604,234.582222
4,access-12,39.676727,16.791896,0.050051,229.928739
4,aggregation-05,39.774386,7.290096,0.068783,5496.800255
4,access-13,40.294573,15.382185,0.092461,221.476077
4,access-14,42.322232,15.590458,0.089072,217.965368
4,access-15,41.522393,15.249494,0.094884,215.097437
4,aggregation-06,37.591023,8.085017,0.106467,5191.147667
4,access-16,37.966749,15.827651,0.069109,211.656137
4,access-17,34.491882,15.475195,0.092187,211.200211
4,access-18,33.020108,16.454194,0.083673,211.617941
5,core-01,34.637893,3.959528,0.079532,31429.367386
5,core-02,38.434881,3.731713,0.057744,32038.11606
5,core-03,41.072798,4.327656,0.070391,32614.16663
5,aggregation-01,44.018776,9.988582,0.102474,6154.173987
5,access-01,41.849937,18.760443,0.057151,255.933894
5,access-02,40.848086,19.080163,0.085118,258.735864
5,access-03,39.52065,19.755165,0.07073,260.789217
5,aggregation-02,36.138498,11.57398,0.109159,6386.832035
5,access-04,35.485874,18.927793,0.104667,262.397712
5,access-05,32.936351,19.348888,0.090674,261.897959
5,access-06,31.487273,18.188184,0.070209,260.541676
5,aggregation-03,26.310841,10.558951,0.125237,6297.894267
5,access-07,24.184673,17.529116,0.104738,255.472316
5,access-08,26.142792,17.283282,0.067019,251.932244
5,access-09,29.163816,17.071554,0.073785,247.875746
5,aggregation-04,29.512108,8.392053,0.04739,5933.880727
5,access-10,34.31642,16.210093,0.071421,238.780125
5,access-11,34.541666,15.652242,0.142372,234.051414
5,access-12,40.089132,16.939062,0.089251,229.416504
5,aggregation-05,42.682734,7.723954,0.09428,5485.193388
5,access-13,42.860557,15.282797,0.086475,221.052204
5,access-14,41.2592,15.883625,0.092914,217.608267
5,access-15,39.910408,14.825473,0.054647,214.819295
5,aggregation-06,40.642015,7.143534,0.105444,5186.523942
5,access-16,37.043747,15.066184,0.081429,211.561371
5,access-17,34.250497,15.609751,0.134468,211.203603
5,access-18,28.784006,16.4389,0.03028,211.719376
6,core-01,37.258956,4.095996,0.053937,31498.907104
6,core-02,38.77943,5.359679,0.054207,32104.997018
6,core-03,43.031357,4.212142,0.092054,32676.106348
6,aggregation-01,41.243622,10.405001,0.092378,6164.366847
6,access-01,41.552153,18.287853,0.072564,256.284039
6,access-02,41.479559,19.020989,0.062867,259.006035
6,access-03,39.840494,18.899117,0.067935,260.970194
6,aggregation-02,34.918757,11.08736,0.073624,6388.9187
6,access-04,34.735183,18.497414,0.09695,262.385027
6,access-05,31.231834,18.280376,0.119729,261.787416
6,access-06,27.157149,18.642552,0.075501,260.337046
6,aggregation-03,25.953522,10.311543,0.045856,6290.78328
6,access-07,25.963936,17.465563,0.068872,255.103437
6,access-08,24.655547,16.971688,0.057124,251.498807
6,access-09,27.893182,17.753211,0.128673,247.392543
6,aggregation-04,29.212762,8.559055,0.108722,5921.291581
6,access-10,33.471594,15.306216,0.1222,238.247999
6,access-11,33.848763,15.860733,0.083638,233.521798
6,access-12,38.455531,15.585114,0.101898,228.907474
6,aggregation-05,40.478362,7.37062,0.064083,5473.710998
6,access-13,41.776927,14.962619,0.087322,220.635166
6,access-14,40.754069,15.151736,0.106023,217.259495
6,access-15,41.006867,14.828338,0.041784,214.550692
6,aggregation-06,38.681879,7.930887,0.07549,5182.15432
6,access-16,37.713423,15.888781,0.095765,211.477558
6,access-17,35.177055,16.230555,0.062235,211.218105
6,access-18,30.003897,16.235393,0.121902,211.831697
7,core-01,36.282384,4.124017,0.121908,31568.265011
7,core-02,39.410469,4.604891,0.056555,32171.433116
7,core-03,40.152615,4.673921,0.04878,32737.353337
7,aggregation-01,39.139029,10.746396,0.058231,6174.389415
7,access-01,43.361207,18.565606,0.050729,256.625727
7,access-02,40.831497,18.484847,0.103878,259.266568
7,access-03,40.181548,19.59486,0.081257,261.140681
7,aggregation-02,36.108416,11.440938,0.088407,6390.737615
7,access-04,33.869457,19.458916,0.033174,262.361238
7,access-05,29.011672,18.654499,0.124106,261.666027
7,access-06,27.716295,18.696016,0.112005,260.122201
7,aggregation-03,26.794051,10.486909,0.08104,6283.447134
7,access-07,24.829731,18.275498,0.024563,254.726614
7,access-08,25.72288,16.862539,0.045633,251.05899
7,access-09,26.914208,17.739745,0.129607,246.904743
7,aggregation-04,30.42593,7.738407,0.115477,5908.637641
7,access-10,32.322549,16.158399,0.078275,237.715244
7,access-11,38.309933,14.944167,0.067903,232.993605
7,access-12,39.76663,15.572198,0.13629,228.40187
7,aggregation-05,41.2624,7.569258,0.111662,5462.35807
7,access-13,42.227567,15.397184,0.100836,220.225143
7,access-14,42.727841,15.873174,0.063821,216.919204
7,access-15,40.272525,14.623045,0.08507,214.291746
7,aggregation-06,38.829734,7.607064,0.091844,5178.040699
7,access-16,36.34788,16.145888,0.077244,211.404736
7,access-17,32.592946,16.164568,0.082068,211.243709
7,access-18,30.009831,16.013177,0.081973,211.954855
8,core-01,37.245297,4.093433,0.063447,31637.411006
8,core-02,37.100848,4.282016,0.069127,32237.395518
8,core-03,40.813084,4.626464,0.121555,32797.881015
8,aggregation-01,40.262396,10.441159,0.098329,6184.237341
8,access-01,42.870539,18.638894,0.051127,256.958811
8,access-02,38.810394,18.698031,0.097972,259.51735
8,access-03,38.448475,18.802267,0.042327,261.300603
8,aggregation-02,34.014405,10.862429,0.120906,6392.28799
8,access-04,32.19519,19.220466,0.049029,262.326355
8,access-05,28.883947,18.660994,0.04372,261.533846
8,access-06,25.937659,18.4967,0.081351,259.897233
8,aggregation-03,26.729667,9.089607,0.018364,6275.889014
8,access-07,24.869006,16.613818,0.10037,254.34201
8,access-08,27.047084,17.242938,0.039217,250.612985
8,access-09,27.593701,17.064469,0.1055,246.412558
8,aggregation-04,32.054377,8.198026,0.085328,5895.924399
8,access-10,33.903486,15.559567,0.08497,237.182091
8,access-11,38.656081,15.858499,0.049512,232.467064
8,access-12,39.467731,15.282518,0.054056,227.89991
8,aggregation-05,39.977199,7.147515,0.032176,5451.13953
8,access-13,40.576918,15.016499,0.062697,219.822315
8,access-14,42.521812,15.017425,0.042886,216.587541
8,access-15,41.41898,15.208529,0.070754,214.042569
8,aggregation-06,39.112873,6.92112,0.133474,5174.184863
8,access-16,35.442173,15.337389,0.056768,211.342935
8,access-17,32.71126,16.14545,0.099747,211.280405
8,access-18,31.345749,15.92256,0.07769,212.088795
9,core-01,37.451127,4.935965,0.046877,31706.315077
9,core-02,38.616176,4.309374,0.061493,32302.855596
9,core-03,41.477386,5.608796,0.070979,32857.663112
9,aggregation-01,41.053304,10.540901,0.099087,6193.906352
9,access-01,42.45189,18.825555,0.103442,257.283145
9,access-02,38.641269,18.350536,0.088512,259.758273
9,access-03,37.776299,18.328227,0.086072,261.449893
9,aggregation-02,37.569039,10.727737,0.072272,6393.569153
9,access-04,33.179135,18.168064,0.084626,262.280393
9,access-05,30.575134,18.885739,0.122116,261.390931
9,access-06,26.927447,18.308065,0.066014,259.662241
9,aggregation-03,24.705923,10.725417,0.0914,6268.112201
9,access-07,25.412095,17.468113,0.08618,253.949793
9,access-08,24.524162,16.425163,0.059286,250.160985
9,access-09,27.655218,16.300961,0.069742,245.9162
9,aggregation-04,29.171984,8.739799,0.067589,5883.157371
9,access-10,34.461512,15.6723,0.041168,236.648773
9,access-11,35.889857,16.163118,0.098307,231.942404
9,access-12,40.316766,14.763522,0.115653,227.401813
9,aggregation-05,41.263332,7.570534,0.072109,5440.060247
9,access-13,40.217259,15.463797,0.088478,219.426854
9,access-14,43.664245,15.714581,0.123706,216.264651
9,access-15,39.350691,14.798679,0.030061,213.803269
9,aggregation-06,38.706899,7.604025,0.089048,5170.588486
9,access-16,36.265135,15.127789,0.131577,211.292183
9,access-17,31.968012,16.13867,0.088371,211.328177
9,access-18,30.026445,16.290208,0.103124,212.233461
10,core-01,36.680385,4.886522,0.088953,31774.94732
10,core-02,41.446997,4.289547,0.093161,32367.78494
10,core-03,40.468713,4.556051,0.095033,32916.673682
10,aggregation-01,43.346907,10.650067,0.108468,6203.39225
10,access-01,39.513643,19.468857,0.067536,257.59859
10,access-02,41.94083,19.255623,0.066479,259.989232
10,access-03,40.145416,18.777865,0.075598,261.588483
10,aggregation-02,35.20922,10.033178,0.052632,6394.580547
10,access-04,31.228311,18.416164,0.111992,262.223372
10,access-05,28.582171,18.678608,0.079349,261.237342
10,access-06,26.931784,17.450883,0.065727,259.417327
10,aggregation-03,27.400428,9.634574,0.08508,6260.120069
10,access-07,27.131457,17.495356,0.08424,253.550132
10,access-08,26.86149,17.177155,0.09697,249.703186
10,access-09,30.535874,17.456944,0.052531,245.415886
10,aggregation-04,30.959294,8.124555,0.095198,5870.3421
10,access-10,34.307162,15.691802,0.047856,236.11552
10,access-11,37.414823,15.218262,0.078469,231.419852
10,access-12,42.281227,15.72561,0.08793,226.907795
10,aggregation-05,41.004058,7.757465,0.076727,5429.125029
10,access-13,40.146398,15.036769,0.102659,219.038934
10,access-14,41.600971,14.801161,0.029448,215.950674
10,access-15,39.415034,14.878282,0.090864,213.573949
10,aggregation-06,36.699561,6.794582,0.101497,5167.253129
10,access-16,34.287493,15.274195,0.04003,211.252502
10,access-17,30.684872,15.714884,0.096138,211.387004
10,access-18,27.691367,15.831789,0.086891,212.388789
11,core-01,35.18509,5.017817,0.069828,31843.277948
11,core-02,41.076514,4.291098,0.071914,32432.15537
11,core-03,40.313142,4.617383,0.14442,32974.887112
11,aggregation-01,41.859657,10.773093,0.065738,6212.690918
11,access-01,42.664872,18.855029,0.103432,257.905007
11,access-02,39.479914,19.749498,0.068717,260.210126
11,access-03,39.162466,19.033768,0.058035,261.716316
11,aggregation-02,32.669534,10.968214,0.085885,6395.321733
11,access-04,30.043438,18.431736,0.128691,262.155317
11,access-05,28.481836,18.259986,0.050682,261.073148
11,access-06,26.153719,17.853265,0.109939,259.162596
11,aggregation-03,25.196137,9.709161,0.074872,6251.916086
11,access-07,25.928131,17.286328,0.064263,253.143202
11,access-08,26.588649,17.094822,0.069563,249.239787
11,access-09,28.105,17.497701,0.062478,244.911833
11,aggregation-04,31.702087,8.008056,0.09192,5857.484148
11,access-10,35.01185,16.566582,0.080173,235.582565
11,access-11,38.978161,16.495317,0.128385,230.899635
11,access-12,39.133978,15.47625,0.074699,226.418071
11,aggregation-05,40.744659,7.465046,0.084841,5418.338624
11,access-13,41.962936,15.871282,0.068944,218.658722
11,access-14,40.220129,14.867534,0.080966,215.645745
11,access-15,39.905049,14.89544,0.070651,213.354711
11,aggregation-06,39.16086,7.581581,0.101888,5164.18024
11,access-16,32.725053,15.388803,0.06715,211.223909
11,access-17,32.967615,16.278395,0.044821,211.456861
11,access-18,29.034337,16.569872,0.091053,212.554711
12,core-01,37.092644,4.827957,0.051984,31911.277303
12,core-02,39.296172,4.489065,0.08805,32495.938949
12,core-03,42.960487,4.946014,0.065263,33032.278139
12,aggregation-01,41.040402,10.591769,0.074676,6221.798321
12,access-01,42.647554,18.698013,0.081709,258.202265
12,access-02,36.946714,18.649995,0.092788,260.42086
12,access-03,37.239549,18.597688,0.084579,261.833334
12,aggregation-02,33.917831,9.794677,0.088347,6395.792391
12,access-04,32.052385,19.134221,0.056266,262.076258
12,access-05,28.950235,18.087838,0.081138,260.898418
12,access-06,25.77799,17.659469,0.109385,258.89816
12,aggregation-03,27.596411,9.512676,0.06127,6243.503815
12,access-07,24.376587,17.376209,0.071973,252.729179
12,access-08,28.120837,17.671431,0.050973,248.770989
12,access-09,30.597658,16.873728,0.074773,244.404259
12,aggregation-04,31.638797,8.745861,0.070571,5844.589094
12,access-10,34.189235,15.78559,0.069548,235.050137
12,access-11,38.269156,15.029299,0.058804,230.381979
12,access-12,39.546025,16.002393,0.096345,225.932852
12,aggregation-05,42.304301,7.273381,0.099537,5407.705712
12,access-13,42.374949,15.682891,0.054228,218.286384
12,access-14,39.596575,15.016788,0.073035,215.349998
12,access-15,39.633298,15.12159,0.103219,213.145647
12,aggregation-06,35.089144,7.692861,0.063852,5161.371151
12,access-16,34.578573,16.116581,0.104229,211.206416
12,access-17,29.758779,16.284916,0.066121,211.537717
12,access-18,30.123788,16.108855,0.051809,212.731156
13,core-01,38.168095,4.868922,0.095033,31978.915874
13,core-02,39.724315,4.812208,0.047486,32559.107992
13,core-03,42.617026,5.126478,0.061428,33088.821854
13,aggregation-01,41.133044,10.0285,0.110036,6230.710507
13,access-01,40.668313,18.428263,0.004082,258.490234
13,access-02,39.020765,18.160286,0.061661,260.621342
13,access-03,36.811624,18.822727,0.092352,261.939487
13,aggregation-02,34.648503,10.526963,0.078745,6395.992315
13,access-04,30.926714,18.463951,0.073547,261.986229
13,access-05,28.586491,18.019825,0.045395,260.71323
13,access-06,26.158558,18.369442,0.085226,258.624133
13,aggregation-03,25.360802,9.608791,0.099652,6234.886905
13,access-07,26.381891,17.368441,0.093,252.308242
13,access-08,27.732543,16.547262,0.0826,248.296995
13,access-09,29.576539,17.049161,0.093776,243.893384
13,aggregation-04,31.029782,8.379347,0.084847,5831.662535
13,access-10,35.615883,15.94767,0.064809,234.51847
13,access-11,38.882163,14.891759,0.073865,229.867109
13,access-12,39.942808,16.272881,0.057367,225.45235
13,aggregation-05,39.738154,6.29035,0.061878,5397.230909
13,access-13,41.370344,15.745534,0.097794,217.922081
13,access-14,40.465136,15.654007,0.083061,215.06356
13,access-15,39.107472,13.901011,0.105175,212.94685
13,aggregation-06,37.014297,7.266359,0.102729,5158.827083
13,access-16,35.07294,15.475292,0.082638,211.200031
13,access-17,31.733753,15.755925,0.057712,211.629537
13,access-18,29.672108,16.928612,0.086492,212.918048
14,core-01,38.440766,4.132627,0.110687,32046.164305
14,core-02,40.987958,5.711797,0.074487,32621.635085
14,core-03,41.1704,5.617708,0.110504,33144.493716
14,aggregation-01,39.464677,9.962764,0.073729,6239.423606
14,access-01,40.24585,18.137485,0.056181,258.768789
14,access-02,39.172912,18.439096,0.079964,260.811486
14,access-03,38.346412,19.370802,0.085592,262.03473
14,aggregation-02,34.055083,10.883889,0.084523,6395.921419
14,access-04,29.708717,18.096446,0.096148,261.885268
14,access-05,28.436869,18.34659,0.132698,260.517663
14,access-06,27.004095,17.415457,0.09725,258.340633
14,aggregation-03,26.692218,9.650792,0.07625,6226.069096
14,access-07,25.427423,17.356714,0.036404,251.880575
14,access-08,27.903329,17.212979,0.079332,247.818011
14,access-09,29.155305,17.018749,0.035732,243.379431
14,aggregation-04,32.270127,8.410861,0.095635,5818.710083
14,access-10,34.827079,15.953738,0.08144,233.987792
14,access-11,36.973348,15.185511,0.100808,229.355247
14,access-12,39.602223,15.674219,0.080103,224.976773
14,aggregation-05,41.390118,6.394336,0.05403,5386.918759
14,access-13,42.622076,15.425106,0.078845,217.565971
14,access-14,42.411069,14.910641,0.073676,214.786556
14,access-15,39.705756,15.671459,0.060955,212.758405
14,aggregation-06,37.659766,7.568556,0.104752,5156.549139
14,access-16,33.346452,16.834977,0.098675,211.204757
14,access-17,30.14104,16.569109,0.023059,211.732281
14,access-18,27.756702,17.402591,0.09389,213.115304
15,core-01,39.273335,4.40583,0.04599,32112.993409
15,core-02,39.304359,4.718994,0.088872,32683.49309
15,core-03,42.031242,6.389613,0.081644,33199.269562
15,aggregation-01,41.417897,11.009638,0.070518,6247.933838
15,access-01,41.159579,18.465877,0.057094,259.03781
15,access-02,39.190751,18.248384,0.084611,260.991208
15,access-03,37.102898,19.471422,0.070373,262.11902
15,aggregation-02,33.661862,10.197872,0.0859,6395.579733
15,access-04,30.773128,18.655115,0.05209,261.773421
15,access-05,29.296091,18.27927,0.116176,260.311802
15,access-06,27.618718,19.117979,0.077635,258.047785
15,aggregation-03,28.009458,10.936669,0.064981,6217.054216
15,access-07,25.826997,17.343438,0.094519,251.446362
15,access-08,28.064783,17.057509,0.092421,247.334246
15,access-09,29.025811,16.758453,0.053369,242.862622
15,aggregation-04,33.747357,8.723939,0.135288,5805.737358
15,access-10,36.209885,16.145642,0.082012,233.458335
15,access-11,38.926088,15.215443,0.044895,228.846616
15,access-12,40.248783,14.900775,0.08124,224.506327
15,aggregation-05,41.802143,6.538572,0.124451,5376.77374
15,access-13,40.598614,14.867154,0.103359,217.218209
15,access-14,40.115234,14.681148,0.089826,214.519107
15,access-15,40.779933,14.747164,0.050253,212.580395
15,aggregation-06,36.292725,7.683676,0.053347,5154.538309
15,access-16,33.655226,16.230912,0.078258,211.220591
15,access-17,30.338732,16.420923,0.112064,211.845905
15,access-18,29.35584,16.73136,0.092701,213.32284
16,core-01,39.322583,4.752233,0.081349,32179.374181
16,core-02,42.830259,5.214146,0.085952,32744.655159
16,core-03,40.29524,5.006682,0.044078,33253.12562
16,aggregation-01,40.278809,10.732907,0.066134,6256.237509
16,access-01,41.382929,18.764702,0.083077,259.297179
16,access-02,39.218688,18.680327,0.164013,261.160431
16,access-03,34.359798,18.162321,0.129724,262.192322
16,aggregation-02,34.252022,10.194089,0.077012,6394.967407
16,access-04,31.045103,19.010123,0.060686,261.650734
16,access-05,26.279038,17.595688,0.068918,260.095737
16,access-06,24.909826,17.832486,0.052864,257.745716
16,aggregation-03,27.15382,9.699511,0.075333,6207.846177
16,access-07,27.426892,16.968794,0.058738,251.005793
16,access-08,29.125714,16.143497,0.058988,246.845909
16,access-09,32.226235,17.43347,0.080962,242.343183
16,aggregation-04,34.336545,7.352464,0.06346,5792.74999
16,access-10,38.584542,16.221575,0.10161,232.930329
16,access-11,42.017228,16.0355,0.117902,228.341438
16,access-12,40.347734,14.810995,0.076465,224.041217
16,aggregation-05,42.061403,7.555028,0.050268,5366.800253
16,access-13,42.418711,15.166957,0.09893,216.878946
16,access-14,40.767079,15.293231,0.070499,214.261327
16,access-15,39.052991,15.213966,0.059126,212.412897
16,aggregation-06,34.396825,7.740947,0.0753,5152.795464
16,access-16,33.423612,15.308699,0.101514,211.247527
16,access-17,29.930576,16.435384,0.015875,211.970359
16,access-18,29.907732,15.67218,0.142432,213.540565
17,core-01,40.334556,5.666602,0.048765,32245.277812
17,core-02,41.620196,5.184443,0.10902,32805.094748
17,core-03,41.130756,4.956834,0.053695,33306.038516
17,aggregation-01,40.980155,9.896135,0.106118,6264.331015
17,access-01,40.128571,18.058531,0.093754,259.546784
17,access-02,38.352266,18.923773,0.105485,261.319081
17,access-03,37.707033,18.599917,0.06107,262.254603
17,aggregation-02,32.65993,11.180702,0.089351,6394.084705
17,access-04,29.749204,18.966347,0.098364,261.517262
17,access-05,29.507396,18.855282,0.080664,259.869562
17,access-06,26.300135,18.14119,0.05749,257.434555
17,aggregation-03,28.057576,10.92226,0.080534,6198.448976
17,access-07,25.823285,17.012246,0.102377,250.559058
17,access-08,27.786996,17.109656,0.066287,246.353211
17,access-09,32.826954,16.134431,0.122053,241.821337
17,aggregation-04,33.863853,7.738896,0.017414,5779.753616
17,access-10,39.042636,16.359965,0.111154,232.404001
17,access-11,38.68539,15.743555,0.078995,227.83993
17,access-12,40.300917,16.134289,0.064172,223.581644
17,aggregation-05,40.823617,6.396401,0.046751,5357.002628
17,access-13,41.748407,15.055693,0.090553,216.548329
17,access-14,39.174482,14.825037,0.080771,214.013329
17,access-15,38.821925,15.022305,0.066477,212.255982
17,aggregation-06,35.932694,7.035728,0.105662,5151.321361
17,access-16,32.800171,15.517211,0.134433,211.285553
17,access-17,30.695753,16.549772,0.059437,212.10559
17,access-18,28.15038,17.180048,0.085659,213.768385
18,core-01,39.660809,4.634769,0.093528,32310.675698
18,core-02,42.150337,5.196048,0.081587,32864.785625
18,core-03,41.000133,6.008835,0.079881,33357.985283
18,aggregation-01,42.008822,10.583463,0.074695,6272.210843
18,access-01,40.188344,19.521461,0.099484,259.786516
18,access-02,40.744623,19.685683,0.064206,261.46709
18,access-03,36.861935,18.496395,0.088263,262.305837
18,aggregation-02,31.452887,9.970136,0.088842,6392.93201
18,access-04,28.090728,18.468378,0.035081,261.373062
18,access-05,28.861421,18.610138,0.060976,259.633373
18,access-06,28.268953,17.95911,0.112911,257.114439
18,aggregation-03,25.509366,9.460825,0.067211,6188.86669
18,access-07,26.587438,17.418385,0.085642,250.106351
18,access-08,27.994309,17.130631,0.078197,245.856367
18,access-09,30.638102,16.967512,0.114159,241.297312
18,aggregation-04,33.660104,8.066773,0.076165,5766.753878
18,access-10,37.424908,15.507935,0.095464,231.879582
18,access-11,39.527277,15.137146,0.06504,227.342311
18,access-12,42.468299,15.736147,0.10694,223.127808
18,aggregation-05,43.70342,6.864391,0.053114,5347.385117
18,access-13,44.480378,15.715448,0.037946,216.226501
18,access-14,40.095561,15.795515,0.056378,213.775222
18,access-15,38.604141,15.811672,0.113681,212.10972
18,aggregation-06,34.182066,9.422911,0.09205,5150.116641
18,access-16,31.783557,15.99826,0.069737,211.334653
18,access-17,29.738418,15.817595,0.079929,212.251539
18,access-18,26.843921,15.903043,0.046971,214.006201
19,core-01,38.253878,5.15699,0.058577,32375.539456
19,core-02,42.294827,5.331767,0.085615,32923.701883
19,core-03,41.656329,5.270748,0.080596,33408.943378
19,aggregation-01,40.371076,9.723075,0.090973,6279.873574
19,access-01,38.428326,18.706283,0.067024,260.016272
19,access-02,36.534791,18.387189,0.07514,261.604392
19,access-03,33.267949,19.02235,0.089076,262.346001
19,aggregation-02,32.026068,10.7256,0.106303,6391.509824
19,access-04,29.250733,19.040935,0.091177,261.218197
19,access-05,27.424791,18.158329,0.095705,259.387275
19,access-06,24.373625,18.063828,0.028296,256.785506
19,aggregation-03,26.03124,8.665668,0.060874,6179.10348
19,access-07,25.647299,16.408572,0.106437,249.64787
19,access-08,29.897962,17.197215,0.061589,245.355593
19,access-09,30.586532,15.265874,0.076637,240.771335
19,aggregation-04,34.845177,8.24101,0.044568,5753.756416
19,access-10,37.412393,16.383943,0.099996,231.357298
19,access-11,38.818954,15.976672,0.08351,226.848797
19,access-12,42.557726,15.902438,0.00106,222.679906
19,aggregation-05,40.749446,7.854496,0.107797,5337.951894
19,access-13,41.612667,14.943277,0.084882,215.913602
19,access-14,41.144869,15.692346,0.06732,213.547107
19,access-15,39.016974,16.3611,0.084494,211.974174
19,aggregation-06,34.736923,8.005771,0.120753,5149.181825
19,access-16,31.976666,16.088539,0.106092,211.394805
19,access-17,28.27211,16.65058,0.102858,212.408141
19,access-18,27.904094,16.023851,0.076137,214.25391
20,core-01,38.547256,4.890552,0.050728,32439.840934
20,core-02,41.119308,5.018326,0.11188,32981.817953
20,core-03,40.256386,5.890259,0.069455,33458.890682
20,aggregation-01,41.989773,10.810225,0.033875,6287.315881
20,access-01,41.69457,19.065897,0.094541,260.235952
20,access-02,37.07608,19.374517,0.091396,261.73093
20,access-03,35.761404,18.258086,0.004495,262.375077
20,aggregation-02,31.36057,10.605448,0.06346,6389.818763
20,access-04,28.312566,17.531932,0.032755,261.052735
20,access-05,28.12246,18.105516,0.090528,259.131374
20,access-06,26.46362,17.765801,0.093076,256.447899
20,aggregation-03,27.110414,10.52964,0.088146,6169.163581
20,access-07,27.062304,16.667346,0.099329,249.183812
20,access-08,31.142516,17.227381,0.0874,244.851105
20,access-09,31.312563,16.199748,0.11718,240.243634
20,aggregation-04,34.286658,8.090448,0.079109,5740.766872
20,access-10,37.956001,15.883761,0.104924,230.837377
20,access-11,40.305284,15.51313,0.056149,226.359602
20,access-12,41.976806,16.339762,0.067182,222.238132
20,aggregation-05,42.454943,7.562621,0.084679,5328.707053
20,access-13,41.579872,14.417283,0.066883,215.609768
20,access-14,39.940116,15.095673,0.089045,213.329084
20,access-15,38.459141,15.988577,0.040826,211.849403
20,aggregation-06,33.366092,7.705314,0.066803,5148.51732
20,access-16,33.642614,16.164315,0.093994,211.465984
20,access-17,28.602954,17.07154,0.068668,212.57533
20,access-18,26.35472,16.486256,0.054844,214.511405
21,core-01,39.481393,4.439459,0.064075,32503.552224
21,core-02,42.795229,5.362452,0.057458,33039.10861
21,core-03,43.336554,4.922957,0.091198,33507.80552
21,aggregation-01,42.337749,10.782898,0.088324,6294.534536
21,access-01,40.652131,19.362705,0.143147,260.445461
21,access-02,37.44364,18.556202,0.143983,261.846647
21,access-03,33.860752,18.758974,0.013836,262.393054
21,aggregation-02,33.106049,10.265109,0.087469,6387.859561
21,access-04,27.948727,18.661322,0.066435,260.876747
21,access-05,26.077076,18.113288,0.084432,258.865781
21,access-06,26.436442,18.313238,0.090779,256.101765
21,aggregation-03,26.467865,10.003875,0.117782,6159.051309
21,access-07,25.598874,17.444965,0.040032,248.71438
21,access-08,29.243985,17.154062,0.065792,244.343124
21,access-09,32.579297,16.251466,0.086346,239.714439
21,aggregation-04,35.600945,7.636583,0.100446,5727.790884
21,access-10,37.750142,15.760621,0.065696,230.320043
21,access-11,40.217834,15.774868,0.099566,225.874939
21,access-12,41.65607,15.106025,0.091349,221.802679
21,aggregation-05,41.818039,7.170476,0.090194,5319.654606
21,access-13,40.976248,15.111574,0.065635,215.315132
21,access-14,40.337442,15.320372,0.086365,213.121248
21,access-15,36.712478,16.046149,0.106287,211.73546
21,aggregation-06,34.640745,8.013648,0.059499,5148.123414
21,access-16,31.679781,16.219245,0.080836,211.548157
21,access-17,27.056174,16.666813,0.081363,212.753033
21,access-18,27.762536,17.310018,0.041632,214.778572
22,core-01,40.772246,5.587208,0.119845,32566.645676
22,core-02,39.007038,5.837996,0.088613,33095.548991
22,core-03,40.193693,5.826955,0.039417,33555.666661
22,aggregation-01,41.70979,9.89243,0.033973,6301.526404
22,access-01,40.526053,19.139299,0.088639,260.644707
22,access-02,35.097662,18.679844,0.052814,261.951493
22,access-03,32.531242,18.790145,0.091201,262.399922
22,aggregation-02,31.474485,10.153449,0.090929,6385.633069
22,access-04,28.062895,18.491224,0.068061,260.690308
22,access-05,25.992047,18.16269,0.109355,258.59061
22,access-06,26.323157,18.740758,0.134749,255.747253
22,aggregation-03,26.418429,9.053717,0.072241,6148.771052
22,access-07,26.704957,17.015716,0.070476,248.239776
22,access-08,32.88285,16.71234,0.052318,243.831868
22,access-09,30.394446,15.964577,0.068728,239.183979
22,aggregation-04,33.399159,8.284222,0.03834,5714.834083
22,access-10,36.773951,15.584348,0.068794,229.805522
22,access-11,42.202288,15.258103,0.039665,225.395016
22,access-12,41.669659,14.410341,0.098123,221.373734
22,aggregation-05,43.559969,7.812689,0.062536,5310.798483
22,access-13,40.157628,14.746522,0.089899,215.029819
22,access-14,38.809944,15.124024,0.074501,212.923688
22,access-15,37.351674,15.526937,0.088075,211.632396
22,aggregation-06,32.795422,7.519739,0.140252,5148.000278
22,access-16,31.991567,14.975342,0.116012,211.64129
22,access-17,27.93854,16.190889,0.078245,212.941173
22,access-18,26.254354,17.256359,0.082762,215.055298
23,core-01,40.437485,4.226559,0.092798,32629.093906
23,core-02,39.949807,5.040177,0.091803,33151.114599
23,core-03,42.652809,5.668635,0.076122,33602.453332
23,aggregation-01,43.230662,10.706784,0.093147,6308.288451
23,access-01,40.391208,18.47378,0.066157,260.833604
23,access-02,37.409539,19.014754,0.056033,262.045424
23,access-03,32.171798,18.786144,0.093953,262.395681
23,aggregation-02,32.989759,10.061022,0.063812,6383.140252
23,access-04,27.97814,18.42324,0.053811,260.493502
23,access-05,26.531725,18.799151,0.072202,258.305983
23,access-06,23.908464,17.643808,0.117047,255.384519
23,aggregation-03,28.873391,8.196634,0.023975,6138.327272
23,access-07,28.963097,16.870583,0.06846,247.760208
23,access-08,29.036207,15.685561,0.070092,243.31756
23,access-09,34.51557,16.611538,0.06264,238.652485
23,aggregation-04,33.729939,8.085484,0.058262,5701.902092
23,access-10,38.203156,15.757219,0.078586,229.294036
23,access-11,41.662723,14.153725,0.052568,224.920044
23,access-12,42.678214,15.099929,0.065364,220.951485
23,aggregation-05,40.956016,7.376594,0.053404,5302.142527
23,access-13,39.574855,15.041226,0.022209,214.753956
23,access-14,39.790349,14.8181,0.079502,212.736492
23,access-15,37.492462,15.716722,0.076948,211.540255
23,aggregation-06,33.767956,8.019441,0.122244,5148.147966
23,access-16,28.560901,15.981254,0.069458,211.745342
23,access-17,29.187081,15.793372,0.063239,213.139667
23,access-18,27.683211,17.669477,0.050514,215.34146
24,core-01,40.540704,4.61802,0.119399,32690.86981
24,core-02,42.783107,5.802947,0.094265,33205.781319
24,core-03,42.643355,5.205487,0.060499,33648.145228
24,aggregation-01,41.329006,10.731812,0.111353,6314.817742
24,access-01,37.399279,18.743249,0.136282,261.01207
24,access-02,35.351815,19.001653,0.068192,262.128398
24,access-03,36.390688,18.880834,0.01711,262.38033
24,aggregation-02,30.907228,10.217575,0.085049,6380.382193
24,access-04,27.813569,18.852309,0.101088,260.286412
24,access-05,24.759313,18.16436,0.071164,258.012021
24,access-06,24.696934,18.540608,0.093314,255.013718
24,aggregation-03,26.293732,9.199379,0.074249,6127.724501
24,access-07,27.241807,16.873824,0.036693,247.275883
24,access-08,31.623601,17.342378,0.117504,242.800424
24,access-09,32.960413,16.674544,0.069241,238.120186
24,aggregation-04,35.01102,7.997942,0.132416,5689.000525
24,access-10,39.7995,15.339313,0.076375,228.785808
24,access-11,42.141692,15.421531,0.052348,224.450228
24,access-12,43.319389,14.914644,0.044788,220.536114
24,aggregation-05,42.675255,6.982972,0.085857,5293.690495
24,access-13,40.820535,15.169807,0.010446,214.48766
24,access-14,37.781917,15.240861,0.102313,212.559739
24,access-15,35.126414,16.351628,0.088634,211.459077
24,aggregation-06,32.493019,7.513828,0.119453,5148.566412
24,access-16,30.200501,16.578316,0.058209,211.860269
24,access-17,27.305683,17.060644,0.061673,213.348431
24,access-18,24.921352,16.529525,0.085098,215.636936
25,core-01,39.833022,4.935845,0.074628,32751.946577
25,core-02,40.75767,5.338931,0.10113,33259.525423
25,core-03,42.131965,4.885007,0.068494,33692.722519
25,aggregation-01,39.678724,10.518497,0.062481,6321.111444
25,access-01,39.334316,18.960049,0.067584,261.180028
25,access-02,33.428584,18.791558,0.04601,262.200378
25,access-03,31.779247,17.644202,0.071631,262.353877
25,aggregation-02,31.045863,10.438165,0.082737,6377.360089
25,access-04,29.135685,18.658803,0.052022,260.069128
25,access-05,25.461382,17.973503,0.073044,257.708854
25,access-06,27.077168,17.326446,0.065317,254.635012
25,aggregation-03,28.556331,9.004205,0.088018,6116.967341
25,access-07,28.967829,16.673369,0.09646,246.787011
25,access-08,31.955252,16.559203,0.05604,242.280684
25,access-09,34.993929,15.892871,0.098097,237.587314
25,aggregation-04,35.536352,8.462818,0.079887,5676.134981
25,access-10,37.889565,15.629881,0.088207,228.281059
25,access-11,39.606675,16.102133,0.071163,223.985771
25,access-12,40.750905,15.16962,0.066941,220.127802
25,aggregation-05,42.779283,7.148737,0.071047,5285.446054
25,access-13,38.705781,15.057463,0.122834,214.231049
25,access-14,37.956734,15.484895,0.103576,212.393507
25,access-15,36.278362,15.464659,0.086924,211.388897
25,aggregation-06,34.016531,8.881525,0.096298,5149.255437
25,access-16,31.162868,16.579926,0.062794,211.986019
25,access-17,27.920124,16.456086,0.087776,213.567373
25,access-18,28.742254,17.651432,0.047113,215.941597
26,core-01,41.925871,4.818622,0.068161,32812.297699
26,core-02,42.722482,5.162492,0.093907,33312.323588
26,core-03,40.191087,5.936171,0.093247,33736.165856
26,aggregation-01,40.442597,10.252523,0.093105,6327.166825
26,access-01,37.373451,18.75235,0.080862,261.337405
26,access-02,35.038934,18.445087,0.070288,262.261335
26,access-03,30.476178,19.665824,0.040309,262.316333
26,aggregation-02,31.223549,10.53837,0.058567,6374.075252
26,access-04,25.512657,18.051808,0.084602,259.841746
26,access-05,26.001711,18.31223,0.122556,257.396611
26,access-06,25.388158,18.254964,0.050035,254.248566
26,aggregation-03,27.043845,8.826356,0.050515,6106.060462
26,access-07,29.252875,17.615185,0.087667,246.293804
26,access-08,32.24151,16.190971,0.079577,241.758564
26,access-09,33.478803,16.384504,0.057899,237.054101
26,aggregation-04,38.036843,8.018327,0.071133,5663.311044
26,access-10,39.532943,15.006103,0.075215,227.780006
26,access-11,43.254774,16.026447,0.082117,223.526877
26,access-12,41.499816,15.845839,0.066246,219.726725
26,aggregation-05,41.707184,7.397572,0.085511,5277.412784
26,access-13,40.521859,15.763015,0.071029,213.984232
26,access-14,39.163092,15.737474,0.038173,212.237867
26,access-15,35.92895,15.905787,0.112334,211.329746
26,aggregation-06,33.06179,8.791901,0.100501,5150.21474
26,access-16,27.846065,16.424073,0.118463,212.122539
26,access-17,27.076692,17.032955,0.082135,213.796397
26,access-18,27.672563,16.895085,0.073682,216.255311
27,core-01,43.084304,5.270035,0.113863,32871.896983
27,core-02,40.809703,5.444096,0.096783,33364.152896
27,core-03,40.9081,5.073543,0.015472,33778.456385
27,aggregation-01,38.539949,11.432353,0.084793,6332.981257
27,access-01,38.976331,18.602847,0.056988,261.484132
27,access-02,35.880525,18.849765,0.091029,262.311241
27,access-03,32.85109,18.349398,0.078696,262.267716
27,aggregation-02,30.673274,10.132946,0.092934,6370.529106
27,access-04,28.211944,18.038052,0.132392,259.604363
27,access-05,25.551416,17.694632,0.044027,257.07543
27,access-06,25.179081,17.871139,0.104248,253.854547
27,aggregation-03,27.355781,8.83326,0.037252,6095.008596
27,access-07,30.615876,16.889479,0.08031,245.796478
27,access-08,31.004138,16.675376,0.063301,241.234293
27,access-09,36.129538,16.166965,0.108044,236.520777
27,aggregation-04,35.463635,8.283818,0.102307,5650.534278
27,access-10,40.895548,14.987231,0.061417,227.282869
27,access-11,41.780586,15.923963,0.012606,223.073743
27,access-12,42.502895,15.162223,0.107344,219.333059
27,aggregation-05,40.450109,7.175728,0.130652,5269.594171
27,access-13,40.933347,15.140262,0.03326,213.747318
27,access-14,38.138805,15.115706,0.057482,212.092888
27,access-15,33.819648,15.46352,0.114482,211.281649
27,aggregation-06,31.625855,7.998085,0.092719,5151.443905
27,access-16,28.926781,15.961577,0.136392,212.26977
27,access-17,27.456944,16.841321,0.071476,214.035406
27,access-18,27.628558,17.12641,0.130918,216.577942
28,core-01,38.75807,4.33074,0.07571,32930.718562
28,core-02,42.329866,5.525781,0.044905,33414.990855
28,core-03,42.115496,5.426761,0.065716,33819.575751
28,aggregation-01,40.5267,11.021493,0.091161,6338.552216
28,access-01,38.87653,18.825367,0.082917,261.620146
28,access-02,33.655678,18.801609,0.063857,262.350075
28,access-03,31.205341,19.307236,0.033437,262.208044
28,aggregation-02,29.492201,10.553273,0.049605,6366.723192
28,access-04,27.15936,18.077733,0.092026,259.357083
28,access-05,27.636549,17.751566,0.072751,256.745448
28,access-06,26.21068,17.773912,0.11342,253.453126
28,aggregation-03,26.689131,9.367874,0.060587,6083.81654
28,access-07,29.084427,16.591596,0.053813,245.295246
28,access-08,31.863236,16.321237,0.105633,240.708097
28,access-09,34.600902,16.472728,0.086394,235.987575
28,aggregation-04,36.5969,7.605275,0.12427,5637.810231
28,access-10,39.400712,15.3822,0.027222,226.789862
28,access-11,40.115139,14.632094,0.106864,222.626566
28,access-12,41.890032,14.905212,0.090765,218.946974
28,aggregation-05,41.866727,7.263433,0.076661,5261.993608
28,access-13,40.588944,15.840675,0.071802,213.520409
28,access-14,38.181293,14.977547,0.006171,211.958632
28,access-15,32.066019,15.742001,0.072064,211.244628
28,aggregation-06,32.23161,8.221839,0.097016,5152.9424
28,access-16,28.33661,17.520973,0.080908,212.427646
28,access-17,27.642489,16.296009,0.09902,214.284295
28,access-18,25.642854,17.129327,0.117852,216.909349
29,core-01,42.081434,4.074603,0.043109,32988.736907
29,core-02,42.062017,5.394059,0.072042,33464.8154
29,core-03,43.211493,5.241607,0.061362,33859.506108
29,aggregation-01,40.921654,10.627644,0.036919,6343.877285
29,access-01,37.562786,19.230979,0.092711,261.745388
29,access-02,33.158186,19.058757,0.063888,262.37782
29,access-03,32.095939,18.498896,0.08565,262.137346
29,aggregation-02,28.807375,10.497536,0.043358,6362.65916
29,access-04,28.151093,19.04837,0.09772,259.100012
29,access-05,27.234279,17.803039,0.084595,256.40681
29,access-06,25.714169,17.714738,0.059273,253.044477
29,aggregation-03,27.812416,9.155753,0.043197,6072.489153
29,access-07,30.063653,17.040461,0.075241,244.790328
29,access-08,31.091293,16.678162,0.092439,240.180205
29,access-09,34.666828,16.243217,0.11268,235.454725
29,aggregation-04,35.981798,7.743034,0.067558,5625.144423
29,access-10,41.758764,15.664644,0.093754,226.301199
29,access-11,43.355539,15.097478,0.103783,222.185541
29,access-12,41.852845,15.400088,0.133513,218.568637
29,aggregation-05,42.168665,7.901125,0.044065,5254.614395
29,access-13,41.709795,15.403857,0.00612,213.303604
29,access-14,36.809742,15.427334,0.04253,211.835157
29,access-15,32.436278,15.82727,0.124834,211.218698
29,aggregation-06,30.747903,8.255098,0.085249,5154.709572
29,access-16,28.617334,16.639753,0.099263,212.596101
29,access-17,27.610964,16.827794,0.074588,214.542956
29,access-18,24.720745,17.254542,0.106369,217.249388
30,core-01,42.17187,5.559694,0.130096,33045.926837
30,core-02,42.471257,5.638431,0.090159,33513.604906
30,core-03,41.94457,5.591535,0.11066,33898.230126
30,aggregation-01,37.851169,10.743428,0.125354,6348.954152
30,access-01,36.960414,18.669387,0.102075,261.859803
30,access-02,34.525677,18.430908,0.080053,262.394464
30,access-03,32.768396,18.486044,0.050756,262.05565
30,aggregation-02,28.84436,11.126035,0.094794,6358.338776
30,access-04,26.69518,18.372788,0.064025,258.833264
30,access-05,25.381898,17.612188,0.095496,256.059663
30,access-06,25.583475,17.294103,0.048898,252.628778
30,aggregation-03,26.805874,9.112263,0.006961,6061.031349
30,access-07,31.644767,16.263251,0.115168,244.281941
30,access-08,32.043834,15.333874,0.070367,239.650846
30,access-09,34.542176,15.032759,0.039415,234.922459
30,aggregation-04,38.373495,7.024795,0.07497,5612.542352
30,access-10,40.590951,15.716524,0.079375,225.817093
30,access-11,42.760958,15.032298,0.026285,221.750858
30,access-12,42.000316,14.973959,0.082175,218.198212
30,aggregation-05,41.582582,7.529801,0.076134,5247.459732
30,access-13,39.862358,15.212304,0.051076,213.096996
30,access-14,37.821763,15.728484,0.084149,211.722517
30,access-15,35.828062,15.574216,0.075154,211.20387
30,aggregation-06,33.499451,8.681032,0.051146,5156.744657
30,access-16,28.549356,16.470688,0.107428,212.775061
30,access-17,26.932325,17.313153,0.096452,214.811277
30,access-18,28.047933,17.287639,0.081031,217.597914
31,core-01,40.999994,5.392929,0.084967,33102.263531
31,core-02,43.374634,5.923308,0.125126,33561.338198
31,core-03,41.05895,5.535128,0.084258,33935.730999
31,aggregation-01,40.661349,11.021044,0.05933,6353.780614
31,access-01,35.046423,19.353168,0.074777,261.963342
31,access-02,32.707784,18.831736,0.108849,262.4
31,access-03,31.941396,18.739116,0.113598,261.962994
31,aggregation-02,28.015049,9.843157,0.059919,6353.763913
31,access-04,26.383129,18.031453,0.127096,258.556952
31,access-05,26.285365,17.321784,0.072408,255.704156
31,access-06,25.961635,17.821152,0.052537,252.206209
31,aggregation-03,27.008157,9.267283,0.115421,6049.448103
31,access-07,30.69073,16.662102,0.040655,243.770308
31,access-08,30.922544,16.649094,0.084241,239.12025
31,access-09,34.770507,15.794673,0.087589,234.391008
31,aggregation-04,39.920251,8.024607,0.108132,5600.009488
31,access-10,40.114327,15.50593,0.103728,225.337754
31,access-11,41.619494,15.609572,0.066477,221.322707
31,access-12,41.39092,14.916843,0.084212,217.835862
31,aggregation-05,39.06876,7.488996,0.078739,5240.532727
31,access-13,40.031341,15.465498,0.078438,212.900676
31,access-14,37.188964,15.948854,0.044745,211.620762
31,access-15,33.653113,15.966897,0.067129,211.200152
31,aggregation-06,31.656323,8.542731,0.073713,5159.046769
31,access-16,27.619599,16.328818,0.091496,212.964447
31,access-17,27.705053,16.648677,0.07412,215.089141
31,access-18,25.679097,17.256437,0.090776,217.954773
32,core-01,42.192015,5.995406,0.018715,33157.722538
32,core-02,41.530813,6.328295,0.087651,33607.994559
32,core-03,38.680583,6.027879,0.094999,33971.992449
32,aggregation-01,41.929214,10.703768,0.062209,6358.354576
32,access-01,35.622803,18.165108,0.090607,262.05596
32,access-02,34.496973,18.619819,0.058512,262.394425
32,access-03,31.155462,18.50536,0.03793,261.859416
32,aggregation-02,28.19004,11.446584,0.098522,6348.936557
32,access-04,26.325809,18.451615,0.054936,258.271198
32,access-05,26.029477,17.837982,0.108599,255.340445
32,access-06,26.696621,18.021803,0.073232,251.776954
32,aggregation-03,29.172921,9.195939,0.103194,6037.74444
32,access-07,30.638647,16.112874,0.075232,243.255649
32,access-08,32.768795,16.416465,0.054819,238.588647
32,access-09,35.301289,15.406373,0.089377,233.860603
32,aggregation-04,37.265485,7.556263,0.09562,5587.55127
32,access-10,40.049139,14.525896,0.114532,224.86339
32,access-11,42.458209,14.797282,0.048009,220.901274
32,access-12,42.842094,15.188402,0.09842,217.481741
32,aggregation-05,39.944655,7.379903,0.094538,5233.836384
32,access-13,40.195473,15.207992,0.082134,212.714728
32,access-14,36.477533,16.2505,0.084551,211.529934
32,access-15,36.502669,15.798927,0.103779,211.207544
32,aggregation-06,30.946728,7.311062,0.029228,5161.614911
32,access-16,29.084781,15.903518,0.092163,213.164179
32,access-17,24.525553,17.381954,0.050296,215.376428
32,access-18,27.722876,17.062929,0.07718,218.319811
33,core-01,41.404594,5.233954,0.099096,33212.279789
33,core-02,43.236489,5.487725,0.116372,33653.55374
33,core-03,40.170443,5.873328,0.06392,34006.99874
33,aggregation-01,37.346029,10.461173,0.10162,6362.674053
33,access-01,36.237754,19.057022,0.075758,262.137616
33,access-02,31.680144,18.216516,0.069839,262.377742
33,access-03,32.986435,18.131761,0.11006,261.744962
33,aggregation-02,25.965374,10.166547,0.073961,6343.858805
33,access-04,25.82249,17.643413,0.032192,257.976125
33,access-05,27.145062,17.545612,0.088537,254.968687
33,access-06,25.362839,16.427815,0.066915,251.341198
33,aggregation-03,27.475715,8.429158,0.087933,6025.925442
33,access-07,29.653582,16.935568,0.065726,242.738188
33,access-08,34.938729,16.304741,0.121019,238.056267
33,access-09,35.002442,15.417443,0.050467,233.331473
33,aggregation-04,39.533194,7.875485,0.110588,5575.173105
33,access-10,41.814475,14.654108,0.1025,224.394206
33,access-11,40.954702,15.275355,0.097401,220.48674
33,access-12,42.944589,14.922407,0.063553,217.136005
33,aggregation-05,39.828306,6.544032,0.08966,5227.373612
33,access-13,39.449595,15.095406,0.129476,212.539234
33,access-14,36.023955,14.397644,0.075253,211.450074
33,access-15,32.148542,16.66319,0.122889,211.226044
33,aggregation-06,31.0053,8.396071,0.057674,5164.447967
33,access-16,28.542823,16.083323,0.089794,213.374168
33,access-17,29.027941,16.702835,0.098662,215.673013
33,access-18,27.666086,17.399195,0.055691,218.692869
34,core-01,43.811255,4.498524,0.126945,33265.911604
34,core-02,42.277497,5.383888,0.087913,33697.995968
34,core-03,38.903315,6.293472,0.043946,34040.734678
34,aggregation-01,38.066553,10.647686,0.069348,6366.737171
34,access-01,34.682306,18.791091,0.057439,262.208276
34,access-02,33.273796,19.404447,0.086082,262.349957
34,access-03,29.775408,19.114362,0.097368,261.619682
34,aggregation-02,29.051312,10.263992,0.039761,6338.532858
34,access-04,28.029807,17.24761,0.075213,257.671861
34,access-05,23.909872,17.587389,0.036634,254.589044
34,access-06,26.687627,16.596872,0.105705,250.899131
34,aggregation-03,26.85646,8.493683,0.107586,6013.996236
34,access-07,30.129888,16.893817,0.095287,242.21815
34,access-08,33.104431,16.75378,0.092867,237.523342
34,access-09,35.26222,15.891102,0.111849,232.803848
34,aggregation-04,38.553093,7.695745,0.091506,5562.880365
34,access-10,42.91921,15.045563,0.058322,223.930406
34,access-11,41.228896,15.023715,0.017143,220.079287
34,access-12,42.926553,15.549311,0.079196,216.798804
34,aggregation-05,40.422722,6.789589,0.053905,5221.147213
34,access-13,35.802874,15.683847,0.068441,212.374269
34,access-14,34.534493,15.782726,0.093798,211.381216
34,access-15,32.334238,16.069559,0.097286,211.255643
34,aggregation-06,29.920116,7.896143,0.057357,5167.544708
34,access-16,26.50255,17.179865,0.069757,213.594325
34,access-17,26.308636,17.239228,0.074363,215.978768
34,access-18,26.291761,17.121646,0.063406,219.073787
35,core-01,41.877592,5.124016,0.094989,33318.594708
35,core-02,41.278052,5.862964,0.127111,33741.301954
35,core-03,42.135575,4.513771,0.108772,34073.185621
35,aggregation-01,39.542783,10.519154,0.095066,6370.542165
35,access-01,35.255495,18.772042,0.090873,262.267908
35,access-02,31.525532,18.43645,0.08429,262.311084
35,access-03,29.92282,19.381147,0.081796,261.48363
35,aggregation-02,26.9039,9.457164,0.085938,6332.96103
35,access-04,24.64561,17.890011,0.093216,257.358539
35,access-05,25.229706,17.218766,0.041538,254.20168
35,access-06,26.025307,16.253804,0.100023,250.450946
35,aggregation-03,29.469864,8.728672,0.090856,6001.962001
35,access-07,30.444344,16.87163,0.104184,241.695761
35,access-08,32.745429,15.266858,0.094206,236.990104
35,access-09,35.69989,16.236528,0.078922,232.277958
35,aggregation-04,38.801741,7.15424,0.107643,5550.678386
35,access-10,41.560286,15.195877,0.045857,223.472193
35,access-11,41.904544,15.965672,0.025679,219.679091
35,access-12,41.61422,15.254874,0.063782,216.470283
35,aggregation-05,40.376402,7.658514,0.062652,5215.159891
35,access-13,37.506049,15.135138,0.088436,212.219905
35,access-14,35.896548,15.228792,0.096386,211.32339
35,access-15,33.361838,15.763825,0.095944,211.296328
35,aggregation-06,30.236128,7.357948,0.090037,5170.90379
35,access-16,28.658533,16.967721,0.11944,213.824553
35,access-17,25.71527,17.5992,0.069561,216.293559
35,access-18,26.35991,17.13487,0.0527,219.462397
36,core-01,42.560273,5.179503,0.042311,33370.306234
36,core-02,41.308514,5.40504,0.088457,33783.452902
36,core-03,40.609442,5.118647,0.137803,34104.337486
36,aggregation-01,38.009341,10.959165,0.130018,6374.087385
36,access-01,35.880042,19.045298,0.053422,262.316486
36,access-02,32.900701,18.658632,0.083,262.261138
36,access-03,29.472621,18.746203,0.094997,261.336865
36,aggregation-02,28.512922,10.472329,0.093021,6327.145737
36,access-04,26.725505,18.390472,0.064128,257.036294
36,access-05,25.082323,17.80504,0.079534,253.806764
36,access-06,27.238678,17.127794,0.085861,249.996835
36,aggregation-03,27.623113,8.809284,0.074016,5989.82796
36,access-07,30.074972,16.037745,0.054507,241.171247
36,access-08,32.659616,15.740684,0.086329,236.456782
36,access-09,37.639506,16.257175,0.036417,231.754031
36,aggregation-04,41.537791,7.067424,0.081959,5538.572462
36,access-10,44.015014,15.306202,0.091111,223.019763
36,access-11,42.496617,15.759585,0.046252,219.286325
36,access-12,42.499932,15.527898,0.108665,216.150586
36,aggregation-05,40.248928,7.763414,0.089571,5209.414245
36,access-13,36.955735,15.272924,0.099951,212.07621
36,access-14,38.535115,14.765561,0.083697,211.276622
36,access-15,31.477838,16.210185,0.089108,211.348083
36,aggregation-06,27.698281,7.871969,0.090934,5174.523755
36,access-16,28.130892,15.448939,0.07305,214.064753
36,access-17,25.216292,16.946849,0.078478,216.61725
36,access-18,25.355492,17.526888,0.084766,219.858533
37,core-01,41.130878,5.73696,0.101776,33421.023739
37,core-02,40.747176,6.247101,0.066922,33824.43052
37,core-03,39.34001,5.67894,0.056279,34134.176751
37,aggregation-01,37.646202,10.640694,0.092379,6377.371291
37,access-01,35.220801,18.578844,0.090091,262.353991
37,access-02,30.810324,18.500629,0.077867,262.200142
37,access-03,30.700835,18.899147,0.096539,261.17945
37,aggregation-02,26.074375,10.157685,0.097738,6321.089505
37,access-04,25.19562,18.551909,0.034578,256.705266
37,access-05,25.996111,17.018822,0.088198,253.404466
37,access-06,25.418866,16.212853,0.033866,249.536997
37,aggregation-03,29.143471,8.472318,0.075799,5977.599379
37,access-07,31.378146,16.37098,0.05686,240.644835
37,access-08,34.986276,15.501114,0.102268,235.92361
37,access-09,37.378941,15.3415,0.059879,231.232293
37,aggregation-04,39.101961,7.645086,0.111028,5526.56785
37,access-10,40.472957,15.533613,0.12962,222.573314
37,access-11,45.004406,15.037377,0.069804,218.901161
37,access-12,42.14245,14.627264,0.096034,215.83985
37,aggregation-05,40.931152,7.390633,0.046589,5203.912768
37,access-13,38.268618,16.23932,0.080307,211.943244
37,access-14,35.339682,15.826822,0.044695,211.24093
37,access-15,32.708698,15.634947,0.097115,211.410884
37,aggregation-06,29.241016,9.091997,0.141811,5178.403031
37,access-16,28.360749,16.273886,0.06567,214.314821
37,access-17,24.132862,16.664452,0.100804,216.9497
37,access-18,28.493856,17.629965,0.086382,220.262021
38,core-01,41.394379,5.128263,0.106433,33470.725212
38,core-02,41.029892,6.041036,0.07891,33864.217021
38,core-03,39.589424,5.573258,0.056027,34162.690467
38,aggregation-01,37.438813,10.163749,0.047854,6380.39246
38,access-01,34.385055,19.080173,0.040451,262.380404
38,access-02,32.210629,18.284535,0.07338,262.128122
38,access-03,30.131567,17.708708,0.081235,261.011455
38,aggregation-02,26.772784,10.03307,0.082558,6314.794961
38,access-04,27.300033,17.90262,0.127063,256.365599
38,access-05,26.072533,17.028371,0.130836,252.994962
38,access-06,27.29264,17.48594,0.066054,249.071631
38,aggregation-03,28.184154,8.499657,0.086968,5965.281566
38,access-07,33.367408,15.591471,0.085968,240.116755
38,access-08,35.609953,16.022436,0.081198,235.390818
38,access-09,37.638853,15.744865,0.06428,230.712972
38,aggregation-04,40.293578,7.505198,0.045446,5514.669757
38,access-10,41.377831,14.721611,0.094696,222.13304
38,access-11,43.189069,14.466165,0.075073,218.523765
38,access-12,40.746979,14.901211,0.04304,215.538212
38,aggregation-05,40.805786,6.989233,0.065279,5198.657847
38,access-13,39.540028,14.843931,0.079927,211.821067
38,access-14,35.078486,15.650331,0.070337,211.216332
38,access-15,31.493669,15.598503,0.071682,211.484704
38,aggregation-06,29.462365,8.924173,0.087504,5182.539936
38,access-16,27.511261,16.428472,0.062905,214.574647
38,access-17,25.230619,17.393009,0.063058,217.290766
38,access-18,25.674287,17.125143,0.04837,220.672687
39,core-01,42.139677,5.201362,0.082356,33519.389082
39,core-02,40.635071,5.978752,0.012774,33902.795139
39,core-03,40.764836,6.007974,0.046191,34189.866259
39,aggregation-01,38.034774,10.57441,0.092413,6383.149578
39,access-01,34.600476,18.445793,0.050225,262.395715
39,access-02,33.524418,18.378287,0.04795,262.04511
39,access-03,29.077349,19.085852,0.091071,260.832951
39,aggregation-02,26.726053,10.073579,0.064887,6308.264838
39,access-04,25.517299,17.663362,0.085349,256.01744
39,access-05,24.595938,17.312892,0.076612,252.578429
39,access-06,25.401827,16.842523,0.108451,248.600939
39,aggregation-03,28.368564,8.242883,0.083573,5952.879866
39,access-07,31.504943,16.595154,0.088221,239.587236
39,access-08,34.939182,15.897616,0.073488,234.858638
39,access-09,37.645341,15.695662,0.098034,230.196293
39,aggregation-04,40.885994,7.167911,0.100546,5502.883349
39,access-10,41.697175,15.77315,0.121106,221.699131
39,access-11,42.84348,14.855712,0.108907,218.154301
39,access-12,39.233888,14.908925,0.04283,215.245801
39,aggregation-05,40.246574,7.660271,0.054407,5193.651764
39,access-13,37.77415,15.661112,0.06991,211.709731
39,access-14,34.044682,15.639191,0.074126,211.202837
39,access-15,31.496533,15.714895,0.109152,211.569511
39,aggregation-06,30.803525,8.714795,0.05625,5186.932674
39,access-16,28.889503,16.614963,0.074351,214.844119
39,access-17,26.259744,16.990015,0.060239,217.6403
39,access-18,27.993765,16.886627,0.108735,221.090353
40,core-01,41.59101,5.311663,0.053036,33566.994227
40,core-02,42.031717,5.59799,0.074668,33940.148129
40,core-03,39.079208,5.656057,0.09698,34215.69233
40,aggregation-01,36.318473,10.819425,0.099259,6385.64145
40,access-01,36.515243,18.917646,0.081811,262.399918
40,access-02,31.932742,17.822693,0.063263,261.95114
40,access-03,26.348574,18.096305,0.108205,260.644017
40,aggregation-02,26.505953,9.555617,0.069751,6301.501969
40,access-04,25.52418,16.850932,0.040868,255.660941
40,access-05,23.647264,16.852054,0.068166,252.155048
40,access-06,27.58692,17.067439,0.063438,248.125125
40,aggregation-03,27.644427,9.060153,0.120683,5940.399661
40,access-07,31.755872,16.572236,0.044901,239.056506
40,access-08,36.683226,15.949855,0.090552,234.3273
40,access-09,37.006344,15.245375,0.098505,229.68248
40,aggregation-04,43.369941,8.072811,0.027695,5491.213741
40,access-10,41.71341,15.223553,0.124553,221.271777
40,access-11,40.611685,16.015309,0.076093,217.792929
40,access-12,40.273173,14.507999,0.074513,214.962746
40,aggregation-05,39.307482,7.144799,0.114469,5188.896691
40,access-13,38.905586,15.534526,0.071037,211.609285
40,access-14,34.546509,15.498307,0.064486,211.200452
40,access-15,31.329717,15.413393,0.097848,211.665269
40,aggregation-06,29.06064,7.70758,0.068438,5191.579339
40,access-16,26.847286,16.792508,0.112748,215.12312
40,access-17,26.807322,18.158771,0.060472,217.998148
40,access-18,26.420151,17.348466,0.069998,221.514836
41,core-01,41.673026,5.864599,0.08844,33613.519986
41,core-02,40.550775,5.918232,0.093734,33976.259781
41,core-03,39.345322,5.414509,0.053922,34240.157473
41,aggregation-01,37.662975,10.998487,0.107068,6387.866995
41,access-01,32.782788,18.434537,0.03191,262.393009
41,access-02,30.200364,18.08144,0.094258,261.846255
41,access-03,27.963341,17.552288,0.058647,260.444735
41,aggregation-02,24.85223,9.795854,0.073791,6294.50929
41,access-04,26.673446,17.615213,0.012256,255.296256
41,access-05,26.74821,16.911217,0.103234,251.725002
41,access-06,26.30851,16.837166,0.062444,247.644396
41,aggregation-03,28.852997,8.770351,0.047985,5927.84637
41,access-07,31.919244,16.14378,0.060795,238.524798
41,access-08,36.561972,15.682351,0.048521,233.797035
41,access-09,36.342341,15.696271,0.100262,229.171756
41,aggregation-04,40.022515,7.564342,0.075796,5479.665998
41,access-10,42.425647,14.36489,0.080804,220.851162
41,access-11,41.189725,15.75419,0.08455,217.439807
41,access-12,41.557883,14.468076,0.114164,214.689168
41,aggregation-05,41.18168,7.146755,0.128239,5184.394692
41,access-13,37.293878,15.743484,0.114603,211.519771
41,access-14,33.432756,15.798954,0.055933,211.209178
41,access-15,30.130818,15.62575,0.083201,211.771935
41,aggregation-06,28.7494,8.683924,0.145014,5196.477912
41,access-16,29.022242,17.078701,0.112847,215.41153
41,access-17,27.692105,17.076446,0.080406,218.364157
41,access-18,25.924364,17.339614,0.099673,221.945954
42,core-01,41.543353,5.784371,0.08828,33658.946168
42,core-02,41.584345,5.661998,0.106413,34011.114421
42,core-03,39.970768,5.917933,0.086847,34263.25107
42,aggregation-01,35.855401,11.102202,0.094743,6389.825246
42,access-01,31.188339,18.870525,0.063826,262.374993
42,access-02,30.600381,19.297001,0.081211,261.730499
42,access-03,29.306621,18.16654,0.072373,260.23519
42,aggregation-02,26.861667,10.050916,0.084446,6287.289836
42,access-04,27.117166,18.04432,0.092456,254.923543
42,access-05,26.27069,17.750687,0.066187,251.288479
42,access-06,28.424911,17.006378,0.057878,247.15896
42,aggregation-03,28.75237,8.073029,0.086784,5915.225439
42,access-07,34.298986,16.093468,0.100708,237.99234
42,access-08,36.580016,15.926752,0.098647,233.268074
42,access-09,40.472455,16.199103,0.067895,228.664343
42,aggregation-04,38.335858,7.569915,0.096104,5468.245131
42,access-10,40.057168,15.305355,0.070393,220.437469
42,access-11,40.457405,14.837341,0.06207,217.095088
42,access-12,40.928879,15.306795,0.086267,214.425186
42,aggregation-05,38.326502,7.096534,0.01976,5180.147721
42,access-13,35.851623,16.056384,0.10063,211.44123
42,access-14,33.091178,15.774634,0.065335,211.22901
42,access-15,28.847696,16.017314,0.09879,211.889464
42,aggregation-06,26.870484,8.872954,0.093905,5201.62627
42,access-16,26.326102,16.891742,0.063216,215.709222
42,access-17,26.606844,16.935169,0.114426,218.738168
42,access-18,27.884543,18.095887,0.055492,222.383518
43,core-01,41.644046,5.988725,0.110187,33703.253055
43,core-02,40.1608,4.787024,0.085763,34044.696921
43,core-03,37.252659,5.666243,0.056906,34284.963097
43,aggregation-01,37.599688,10.406908,0.11297,6391.515353
43,access-01,34.781837,18.250343,0.086714,262.345877
43,access-02,29.480029,18.219369,0.066649,261.603924
43,access-03,28.851415,18.723583,0.066475,260.015474
43,aggregation-02,25.75503,10.490362,0.084821,6279.846739
43,access-04,27.50458,17.895144,0.060467,254.542965
43,access-05,30.207385,17.839625,0.067977,250.845668
43,access-06,28.894055,17.315292,0.085466,246.669029
43,aggregation-03,30.659734,8.195764,0.072643,5902.542346
43,access-07,32.658365,16.16033,0.0707,237.459366
43,access-08,37.291679,15.45568,0.040721,232.740645
43,access-09,38.630751,15.310379,0.110546,228.160461
43,aggregation-04,39.31625,6.673319,0.08805,5456.956098
43,access-10,42.046994,15.177395,0.088437,220.030877
43,access-11,41.213265,14.736333,0.051848,216.75892
43,access-12,42.484367,14.961445,0.057368,214.170915
43,aggregation-05,37.658642,7.944755,0.093356,5176.15762
43,access-13,34.746389,15.70779,0.079631,211.373694
43,access-14,34.251048,15.836417,0.050923,211.25994
43,access-15,28.582403,16.029708,0.064856,212.017804
43,aggregation-06,27.497009,8.829733,0.093027,5207.022176
43,access-16,26.877699,17.01124,0.085557,216.016068
43,access-17,25.435268,17.807468,0.123332,219.120017
43,access-18,27.108286,17.375301,0.059737,222.82734
44,core-01,41.926213,6.880405,0.042254,33746.421419
44,core-02,40.45558,5.926571,0.070487,34076.992708
44,core-03,40.27426,4.941912,0.140734,34305.284132
44,aggregation-01,36.219957,10.365,0.070611,6392.936583
44,access-01,32.132158,18.703849,0.101017,262.305674
44,access-02,27.922371,18.878012,0.070876,261.466583
44,access-03,28.983174,17.959723,0.054268,259.785682
44,aggregation-02,25.798551,10.35012,0.09174,6272.183231
44,access-04,27.5479,17.065959,0.127354,254.154686
44,access-05,28.340737,17.29772,0.111618,250.396761
44,access-06,31.548184,17.126863,0.070637,246.174814
44,aggregation-03,30.550921,8.047789,0.109362,5889.802597
44,access-07,35.535279,15.968227,0.055121,236.926105
44,access-08,36.514645,14.999919,0.036808,232.214979
44,access-09,39.559716,14.484865,0.112239,227.660328
44,aggregation-04,42.006148,7.060763,0.111035,5445.803797
44,access-10,43.301021,14.967728,0.084203,219.631563
44,access-11,42.611023,14.794498,0.066283,216.431451
44,access-12,40.694391,15.362203,0.128046,213.926466
44,aggregation-05,38.255147,7.183207,0.076014,5172.426123
44,access-13,33.494391,15.666407,0.089197,211.317194
44,access-14,32.124479,15.608411,0.069348,211.301955
44,access-15,29.400525,16.453412,0.051646,212.1569
44,aggregation-06,26.456513,8.541477,0.091658,5212.663289
44,access-16,27.573106,17.302091,0.060906,216.331934
44,access-17,26.979202,16.597415,0.053685,219.50954
44,access-18,27.505765,17.872478,0.071438,223.277225
45,core-01,41.360079,6.196303,0.059771,33788.432524
45,core-02,41.252819,4.926969,0.080732,34107.987763
45,core-03,38.071898,5.382272,0.089459,34324.205354
45,aggregation-01,34.086975,10.275425,0.095279,6394.088319
45,access-01,32.653085,17.764544,0.051591,262.254402
45,access-02,28.225843,18.754834,0.10213,261.318536
45,access-03,27.10143,18.159497,0.062809,259.545914
45,aggregation-02,25.063909,9.910716,0.051713,6264.302638
45,access-04,25.398465,17.001844,0.079007,253.758874
45,access-05,28.652213,17.257324,0.065546,249.941953
45,access-06,28.538946,17.313106,0.13267,245.67653
45,aggregation-03,31.974392,8.695442,0.078157,5877.01172
45,access-07,32.565938,15.321115,0.058789,236.392789
45,access-08,37.30401,15.969712,0.067486,231.691302
45,access-09,38.19426,15.181479,0.115424,227.164162
45,aggregation-04,41.157962,7.613926,0.076943,5434.793069
45,access-10,42.85546,15.193254,0.096533,219.239701
45,access-11,41.822754,15.179844,0.093599,216.112822
45,access-12,40.485944,14.700054,0.085409,213.691944
45,aggregation-05,39.203304,7.869345,0.084706,5168.954848
45,access-13,35.804029,16.030018,0.06825,211.271753
45,access-14,29.856414,16.23204,0.023037,211.355036
45,access-15,28.691279,16.053421,0.030118,212.306692
45,aggregation-06,26.716263,7.791548,0.056018,5218.547162
45,access-16,25.084184,17.617333,0.074712,216.656684
45,access-17,26.27859,17.51931,0.065729,219.906567
45,access-18,26.481329,17.6791,0.085816,223.73298
46,core-01,41.425152,5.803681,0.075422,33829.268136
46,core-02,39.624673,5.567879,0.064481,34137.668636
46,core-03,37.03219,5.795159,0.070597,34341.718553
46,aggregation-01,34.945441,10.320524,0.061693,6394.970061
46,access-01,30.596805,18.82574,0.113679,262.192081
46,access-02,29.066902,18.702445,0.069146,261.159848
46,access-03,28.253541,18.23091,0.06818,259.296274
46,aggregation-02,26.435096,9.95569,0.066412,6256.208379
46,access-04,27.59616,16.652635,0.0656,253.355702
46,access-05,28.261573,16.240847,0.080786,249.481441
46,access-06,29.853069,16.714279,0.099679,245.174394
46,aggregation-03,30.031943,8.568651,0.056463,5864.175266
46,access-07,34.680423,15.76765,0.04418,235.85965
46,access-08,37.545982,15.981604,0.120308,231.169843
46,access-09,39.577616,15.180432,0.081018,226.672179
46,aggregation-04,39.597464,7.424369,0.054071,5423.928694
46,access-10,39.808516,15.652275,0.070051,218.85546
46,access-11,41.560867,15.145002,0.132105,215.803171
46,access-12,40.65393,15.337769,0.098309,213.467451
46,aggregation-05,38.153174,7.782384,0.08085,5165.745301
46,access-13,35.640561,16.174367,0.050787,211.237393
46,access-14,34.961262,15.470923,0.084275,211.419161
46,access-15,25.708459,16.385659,0.100088,212.467114
46,aggregation-06,24.321229,8.216896,0.125343,5224.67124
46,access-16,27.982541,17.434688,0.041522,216.990176
46,access-17,26.056221,17.362498,0.059567,220.310926
46,access-18,28.606978,18.102756,0.077053,224.194406
47,core-01,41.730576,5.153851,0.10212,33868.910533
47,core-02,40.8115,5.274141,0.064802,34166.022443
47,core-03,37.531305,5.635692,0.095881,34357.816125
47,aggregation-01,35.273125,10.45687,0.08011,6395.581426
47,access-01,29.954025,18.621049,0.099057,262.11874
47,access-02,29.025421,18.492156,0.088888,260.990588
47,access-03,26.941377,17.384619,0.103533,259.036871
47,aggregation-02,25.105951,9.701253,0.043941,6247.903968
47,access-04,25.223418,18.208779,0.068641,252.945345
47,access-05,29.161368,18.068383,0.087859,249.015425
47,access-06,27.977045,16.706918,0.101288,244.668623
47,aggregation-03,31.20539,7.786072,0.097025,5851.298808
47,access-07,34.497388,15.827429,0.048878,235.326919
47,access-08,37.508417,15.845495,0.097345,230.650827
47,access-09,40.675915,15.598445,0.104543,226.18459
47,aggregation-04,41.036921,6.472356,0.043727,5413.215385
47,access-10,42.036754,15.360732,0.089626,218.479007
47,access-11,42.059596,15.084166,0.093836,215.502633
47,access-12,41.755005,15.55577,0.044985,213.253085
47,aggregation-05,37.87261,7.212299,0.056326,5162.798877
47,access-13,32.535957,15.643646,0.123436,211.214126
47,access-14,30.066268,16.477206,0.129325,211.494301
47,access-15,28.936524,16.764235,0.060278,212.638096
47,aggregation-06,27.449343,8.470415,0.131032,5231.032865
47,access-16,25.590314,16.886517,0.067273,217.332266
47,access-17,25.129004,16.847634,0.088504,220.722441
47,access-18,26.631867,17.781744,0.103271,224.661303
48,core-01,39.799371,5.800458,0.086196,33907.342509
48,core-02,40.234722,5.732501,0.100139,34193.036879
48,core-03,35.042662,6.14226,0.094452,34372.491086
48,aggregation-01,34.719567,10.421945,0.090844,6395.92215
48,access-01,31.060821,19.155742,0.096501,262.034411
48,access-02,28.338804,18.566137,0.065943,260.810828
48,access-03,27.309527,17.81278,0.041069,258.767816
48,aggregation-02,24.925073,8.990155,0.061882,6239.393008
48,access-04,26.615606,18.029045,0.097814,252.527981
48,access-05,27.694466,16.97255,0.061678,248.544108
48,access-06,28.792999,16.859581,0.068056,244.159437
48,aggregation-03,32.565237,8.69191,0.020615,5838.387932
48,access-07,33.281157,14.995676,0.074761,234.794828
48,access-08,38.114389,15.14105,0.053505,230.13448
48,access-09,40.198873,15.371627,0.061512,225.701609
48,aggregation-04,40.807176,6.542104,0.075756,5402.657793
48,access-10,40.424533,15.20296,0.06788,218.110506
48,access-11,38.744718,14.80887,0.064107,215.211338
48,access-12,39.581423,15.411559,0.055353,213.048938
48,aggregation-05,38.17252,6.921455,0.024232,5160.116853
48,access-13,35.25697,15.648343,0.077992,211.201965
48,access-14,28.962026,16.957739,0.079394,211.580424
48,access-15,29.248205,15.980104,0.077186,212.819565
48,aggregation-06,27.968484,9.318986,0.074302,5237.629276
48,access-16,26.677376,16.941515,0.086245,217.682805
48,access-17,26.830273,18.534762,0.141612,221.140934
48,access-18,27.057132,18.880063,0.07467,225.133468
49,core-01,39.842943,5.736266,0.044916,33944.547384
49,core-02,39.350559,5.569144,0.129429,34218.700219
49,core-03,37.002743,5.787908,0.113455,34385.737066
49,aggregation-01,34.079899,11.099558,0.086349,6395.992084
49,access-01,31.736565,18.584815,0.136248,261.939129
49,access-02,28.16199,18.301696,0.101826,260.620648
49,access-03,26.949876,18.143554,0.115093,258.489228
49,aggregation-02,25.008365,9.386263,0.085705,6230.679195
49,access-04,26.161881,17.328131,0.049158,252.103791
49,access-05,28.663838,16.268104,0.099232,248.067693
49,access-06,30.306778,16.182357,0.063857,243.647057
49,aggregation-03,32.598114,8.627694,0.069911,5825.448244
49,access-07,36.565168,15.613039,0.022202,234.263607
49,access-08,39.28125,15.554549,0.073652,229.621026
49,access-09,38.633698,15.221095,0.112209,225.223445
49,aggregation-04,43.018534,7.146681,0.076121,5392.2605
49,access-10,42.048871,15.456846,0.040606,217.750116
49,access-11,41.853654,15.570167,0.080331,214.929414
49,access-12,39.086047,14.990063,0.110485,212.855099
49,aggregation-05,36.971685,8.119254,0.097013,5157.700394
49,access-13,33.043951,15.984282,0.112746,211.200913
49,access-14,28.946354,16.312032,0.078125,211.677493
49,access-15,29.926911,16.982762,0.098889,213.011442
49,aggregation-06,28.605011,9.807908,0.04241,5244.45761
49,access-16,26.747703,17.450644,0.09094,218.041642
49,access-17,28.154468,17.533062,0.132367,221.566224
49,access-18,27.582567,17.884837,0.083599,225.610697
50,core-01,39.633217,5.402979,0.035317,33980.509011
50,core-02,38.971494,6.360798,0.055271,34243.001326
50,core-03,37.225898,5.835598,0.098931,34397.548317
50,aggregation-01,34.685139,10.888758,0.063954,6395.791198
50,access-01,29.537418,18.451847,0.080218,261.832937
50,access-02,28.405975,18.567362,0.081916,260.420129
50,access-03,26.824019,17.367364,0.074024,258.201225
50,aggregation-02,26.666479,9.573663,0.093854,6221.766309
50,access-04,26.2064,17.177846,0.064777,251.672958
50,access-05,29.149208,17.341279,0.091679,247.586388
50,access-06,28.813425,17.003513,0.082587,243.131706
50,aggregation-03,32.824524,8.802646,0.092802,5812.485358
50,access-07,35.726892,16.124942,0.113507,233.733486
50,access-08,38.899329,14.929091,0.046634,229.110687
50,access-09,39.403414,14.527767,0.095792,224.750306
50,aggregation-04,39.412647,8.215947,0.062067,5382.028019
50,access-10,41.13894,15.157012,0.051518,217.397994
50,access-11,43.227111,15.030259,0.065534,214.656981
50,access-12,38.751117,15.153948,0.037062,212.671653
50,aggregation-05,36.052002,7.994323,0.097367,5155.550548
50,access-13,35.04349,16.356273,0.075102,211.210971
50,access-14,31.834448,15.555618,0.045383,211.785466
50,access-15,28.407757,16.00322,0.031078,213.213644
50,aggregation-06,27.276675,9.221004,0.099259,5251.514905
50,access-16,25.470731,17.3273,0.094279,218.408619
50,access-17,26.321656,17.80273,0.079241,221.998125
50,access-18,28.738315,18.413219,0.141568,226.092782
51,core-01,41.432251,5.218488,0.040091,34015.211782
51,core-02,38.513655,6.032449,0.047785,34265.929652
51,core-03,35.033338,6.169493,0.079095,34407.919711
51,aggregation-01,33.095203,11.039687,0.041666,6395.319579
51,access-01,30.611514,18.363403,0.070873,261.715881
51,access-02,28.229957,17.988748,0.103091,260.209359
51,access-03,26.521623,16.651612,0.088014,257.903935
51,aggregation-02,26.082386,9.403999,0.078849,6212.658219
51,access-04,27.828537,16.845251,0.076732,251.23567
51,access-05,27.840626,17.187595,0.099649,247.100402
51,access-06,29.325704,15.939801,0.064808,242.613606
51,aggregation-03,36.304547,8.501404,0.081738,5799.504901
51,access-07,35.877546,15.639223,0.120813,233.204697
51,access-08,38.053571,15.089371,0.073598,228.603686
51,access-09,39.787202,16.270649,0.086388,224.282395
51,aggregation-04,40.305678,7.585017,0.136576,5371.96479
51,access-10,43.968817,14.767728,0.11918,217.054293
51,access-11,41.432723,14.819348,0.073808,214.394159
51,access-12,38.375828,16.02993,0.029586,212.498679
51,aggregation-05,37.673619,7.639526,0.104647,5153.668249
51,access-13,34.24926,15.794907,0.061641,211.232136
51,access-14,30.732765,16.269425,0.076275,211.904295
51,access-15,27.163862,16.246838,0.086988,213.426082
51,aggregation-06,27.790331,9.194507,0.084411,5258.798096
51,access-16,26.341172,17.030103,0.083316,218.783579
51,access-17,25.559497,18.670114,0.131675,222.43645
51,access-18,26.349768,18.239401,0.066528,226.579514
52,core-01,41.315499,6.199919,0.054366,34048.640636
52,core-02,36.141538,5.873721,0.071637,34287.475246
52,core-03,37.343621,5.964638,0.071017,34416.846748
52,aggregation-01,31.558757,9.736916,0.060395,6394.577432
52,access-01,29.559769,17.705022,0.09179,261.58801
52,access-02,29.293146,18.280808,0.101277,259.988429
52,access-03,25.496467,17.371376,0.083137,257.597485
52,aggregation-02,25.449442,10.44358,0.073075,6203.358879
52,access-04,26.420925,17.398376,0.085219,250.792118
52,access-05,28.131532,17.048648,0.0313,246.609945
52,access-06,30.6638,16.439154,0.092728,242.092983
52,aggregation-03,33.978127,7.91853,0.056095,5786.512507
52,access-07,36.006662,15.16203,0.076583,232.677468
52,access-08,41.027402,15.150477,0.121714,228.100243
52,access-09,40.885515,15.29909,0.070078,223.819918
52,aggregation-04,42.730123,6.331399,0.098008,5362.075182
52,access-10,41.449771,15.343749,0.058357,216.719162
52,access-11,39.280191,15.061706,0.09509,214.141061
52,access-12,38.467273,15.63987,0.054181,212.336252
52,aggregation-05,36.659512,7.862606,0.089098,5152.054314
52,access-13,33.6836,16.641574,0.086916,211.264397
52,access-14,29.16694,16.598899,0.140598,212.033929
52,access-15,28.179215,16.641709,0.073588,213.648665
52,aggregation-06,26.96359,8.821665,0.082114,5266.304023
52,access-16,26.642001,17.3762,0.14151,219.166358
52,access-17,25.494405,17.389336,0.118982,222.88101
52,access-18,27.722418,18.51359,0.079814,227.070682
53,core-01,42.254836,5.358646,0.068949,34080.781064
53,core-02,36.227444,6.039783,0.109993,34307.628756
53,core-03,34.181308,5.258843,0.117011,34424.325553
53,aggregation-01,31.429839,10.234537,0.035554,6393.565078
53,access-01,29.913549,19.055328,0.075086,261.449381
53,access-02,25.867829,19.084815,0.053789,259.757435
53,access-03,26.081924,17.90689,0.112766,257.282008
53,aggregation-02,25.887578,9.694996,0.068231,6193.872323
53,access-04,26.474329,16.957776,0.084924,250.342492
53,access-05,27.670077,17.26042,0.088799,246.11523
53,access-06,31.322369,16.935869,0.096162,241.570063
53,aggregation-03,34.481672,7.91284,0.053144,5773.513814
53,access-07,36.852232,15.564231,0.095052,232.152028
53,access-08,38.093457,16.173324,0.06417,227.600575
53,access-09,40.831116,15.333299,0.022916,223.363074
53,aggregation-04,42.514194,6.834672,0.04892,5352.363486
53,access-10,43.441386,14.498759,0.088347,216.392746
53,access-11,41.230015,15.851471,0.077212,213.897797
53,access-12,37.769244,15.216556,0.074639,212.184443
53,aggregation-05,33.083806,6.919189,0.069902,5150.709442
53,access-13,32.238136,15.107263,0.068823,211.307741
53,access-14,29.69431,16.63673,0.079355,212.174312
53,access-15,29.789001,16.976681,0.069442,213.881296
53,aggregation-06,27.849299,9.466845,0.089175,5274.029428
53,access-16,25.80864,17.542607,0.061151,219.55679
53,access-17,28.801713,18.224702,0.032672,223.33161
53,access-18,30.528154,18.000903,0.076929,227.566072
54,core-01,38.970186,5.700828,0.089842,34111.619116
54,core-02,38.427051,5.646026,0.06979,34326.381437
54,core-03,36.937842,5.359329,0.100499,34430.35288
54,aggregation-01,31.722024,10.867727,0.057753,6392.282958
54,access-01,28.589348,18.107134,0.100188,261.300054
54,access-02,26.886039,18.10361,0.090255,259.516477
54,access-03,25.628391,16.7946,0.053058,256.957643
54,aggregation-02,25.869744,9.680566,0.08467,6184.20267
54,access-04,26.138778,16.697385,0.10084,249.886989
54,access-05,27.359252,16.480421,0.085731,245.616473
54,access-06,28.894069,16.772867,0.058637,241.045073
54,aggregation-03,34.310677,7.720311,0.069072,5760.514464
54,access-07,36.60207,15.448827,0.061981,231.628606
54,access-08,41.148875,15.586268,0.105386,227.104899
54,access-09,40.409635,15.21208,0.080381,222.912062
54,aggregation-04,40.341939,7.27903,0.057971,5342.833917
54,access-10,40.208884,15.381582,0.090226,216.075187
54,access-11,40.353667,15.704448,0.059583,213.664473
54,access-12,37.677775,15.410629,0.045806,212.043317
54,aggregation-05,35.428669,7.231602,0.080165,5149.634218
54,access-13,32.822414,16.400953,0.080639,211.362148
54,access-14,31.033026,16.401721,0.116851,212.325382
54,access-15,28.163959,16.878284,0.090094,214.123874
54,aggregation-06,25.228394,9.117624,0.068797,5281.970959
54,access-16,27.755606,18.077986,0.078347,219.954706
54,access-17,27.989569,17.782715,0.073111,223.788056
54,access-18,28.638033,17.828453,0.04923,228.06547
55,core-01,37.144019,4.812922,0.082018,34141.141409
55,core-02,37.894778,6.055006,0.117261,34343.72515
55,core-03,35.151574,4.963307,0.092262,34434.926114
55,aggregation-01,32.151871,11.311073,0.08234,6390.731628
55,access-01,28.596021,18.119196,0.085128,261.140094
55,access-02,28.228843,17.947002,0.052717,259.265659
55,access-03,26.94701,18.290638,0.101634,256.624528
55,aggregation-02,26.089122,9.086211,0.101881,6174.354115
55,access-04,29.890391,18.137804,0.065532,249.425806
55,access-05,29.577053,16.868177,0.060318,245.113889
55,access-06,32.75426,15.468352,0.09304,240.51824
55,aggregation-03,35.778858,9.074184,0.073692,5747.520099
55,access-07,36.650857,14.741759,0.091293,231.107427
55,access-08,37.875377,15.575713,0.091092,226.613432
55,access-09,42.092677,15.922404,0.067596,222.467078
55,aggregation-04,42.419327,7.165374,0.083809,5333.490611
55,access-10,41.214377,15.220082,0.07403,215.766622
55,access-11,42.328447,15.150545,0.092746,213.44119
55,access-12,40.031565,15.22845,0.108224,211.912936
55,aggregation-05,33.84189,7.657582,0.062263,5148.829108
55,access-13,32.471797,16.336547,0.045492,211.427597
55,access-14,29.076756,16.398104,0.10547,212.487075
55,access-15,27.251577,16.665869,0.047939,214.376293
55,aggregation-06,26.406378,8.980056,0.101736,5290.125167
55,access-16,26.429473,17.290752,0.044286,220.359933
55,access-17,26.923153,17.693416,0.088367,224.250149
55,access-18,30.525336,17.916566,0.051655,228.568659
56,core-01,42.246068,5.491438,0.087996,34169.33513
56,core-02,37.405872,6.087121,0.085585,34359.652366
56,core-03,34.588681,5.946375,0.043159,34438.043269
56,aggregation-01,31.792255,11.189577,0.076398,6388.91176
56,access-01,28.181152,18.910272,0.095472,260.96957
56,access-02,26.675161,18.518683,0.050007,259.005092
56,access-03,26.791697,18.183887,0.098929,256.28281
56,aggregation-02,26.584307,9.131375,0.08543,6164.330934
56,access-04,27.877307,16.692064,0.114366,248.959143
56,access-05,29.307023,17.028628,0.113388,244.607697
56,access-06,34.471222,16.693115,0.063904,239.989793
56,aggregation-03,35.042973,7.462075,0.088308,5734.536359
56,access-07,38.100023,15.941435,0.087953,230.58872
56,access-08,41.37108,15.614917,0.080784,226.126385
56,access-09,40.218325,15.631282,0.092934,222.028314
56,aggregation-04,43.711406,7.186559,0.041632,5324.337624
56,access-10,40.866926,15.283451,0.047964,215.467187
56,access-11,37.512814,15.244284,0.066669,213.228046
56,access-12,36.798188,16.236228,0.05281,211.793356
56,aggregation-05,33.763413,7.961029,0.033768,5148.294461
56,access-13,31.519828,15.917876,0.058718,211.504057
56,access-14,29.808644,16.484319,0.095432,212.65932
56,access-15,26.404157,16.317398,0.080636,214.638445
56,aggregation-06,25.172495,9.872871,0.071879,5298.488516
56,access-16,25.580986,17.981462,0.065991,220.772295
56,access-17,26.170924,18.15149,0.100224,224.717689
56,access-18,27.939073,18.418959,0.089147,229.075421
57,core-01,38.85881,5.442198,0.09492,34196.188042
57,core-02,35.310856,5.881425,0.053947,34374.156173
57,core-03,35.551781,5.855665,0.038986,34439.702993
57,aggregation-01,30.255775,10.27919,0.09196,6386.824146
57,access-01,29.40677,19.17199,0.060948,260.788555
57,access-02,25.795413,18.556447,0.117973,258.734887
57,access-03,26.629413,17.69058,0.073137,255.932635
57,aggregation-02,26.534609,9.185059,0.043659,6154.137477
57,access-04,23.855877,16.646125,0.074459,248.487203
57,access-05,29.571162,16.754385,0.059745,244.098116
57,access-06,33.011205,16.530013,0.126561,239.459962
57,aggregation-03,33.925306,7.803661,0.060409,5721.568878
57,access-07,38.575795,15.684748,0.075887,230.072708
57,access-08,40.123829,14.592287,0.084652,225.643971
57,access-09,40.631273,15.124376,0.069519,221.595962
57,aggregation-04,40.890221,7.775139,0.066108,5315.378927
57,access-10,40.957802,15.096603,0.085014,215.17701
57,access-11,40.41403,15.164737,0.071691,213.025131
57,access-12,37.126279,15.178803,0.075965,211.684629
57,aggregation-05,35.669879,8.048122,0.087216,5148.030511
57,access-13,30.153538,15.939762,0.094374,211.591496
57,access-14,30.641187,16.060172,0.073597,212.842043
57,access-15,26.371964,16.849675,0.062752,214.910215
57,aggregation-06,25.090225,9.322391,0.051066,5307.057374
57,access-16,27.403362,17.41833,0.073218,221.191614
57,access-17,28.416672,17.967607,0.042639,225.190472
57,access-18,31.880989,18.996627,0.06576,229.585535
58,core-01,38.093212,5.598331,0.137072,34221.688491
58,core-02,37.268058,6.440808,0.12017,34387.230277
58,core-03,34.368621,5.818512,0.078325,34439.904566
58,aggregation-01,29.840658,9.887593,0.078263,6384.46969
58,access-01,27.360369,18.100584,0.073139,260.59713
58,access-02,27.049218,18.159678,0.098003,258.455162
58,access-03,24.436834,17.530568,0.035269,255.574157
58,aggregation-02,24.747707,9.049338,0.108357,6143.778168
58,access-04,27.43627,17.436401,0.068957,248.01019
58,access-05,28.771845,16.85954,0.07039,243.585367
58,access-06,32.832598,15.770999,0.094378,238.928977
58,aggregation-03,35.544156,8.403011,0.092727,5708.623285
58,access-07,38.839272,15.102286,0.088544,229.559616
58,access-08,41.841862,14.537124,0.048958,225.166399
58,access-09,41.735781,15.723685,0.023384,221.170208
58,aggregation-04,42.573751,6.986796,0.063759,5306.61841
58,access-10,42.221721,15.451435,0.06053,214.896218
58,access-11,38.813699,15.079361,0.102125,212.832536
58,access-12,37.454013,15.385601,0.05565,211.586803
58,aggregation-05,34.857256,7.976447,0.129291,5148.037371
58,access-13,30.149506,15.904546,0.101653,211.689875
58,access-14,27.063778,17.00343,0.05787,213.035163
58,access-15,26.327026,17.086325,0.124197,215.191485
58,aggregation-06,24.827364,9.211901,0.056254,5315.828023
58,access-16,26.957024,16.689532,0.09339,221.617707
58,access-17,27.936932,18.283354,0.072131,225.668295
58,access-18,32.158032,18.271176,0.094356,230.09878
59,core-01,37.350323,6.308591,0.055809,34245.825409
59,core-02,34.464873,6.006857,0.09351,34398.869003
59,core-03,36.036684,5.012251,0.085058,34438.647899
59,aggregation-01,30.687947,10.858629,0.070535,6381.849415
59,access-01,28.606182,19.134061,0.084474,260.395376
59,access-02,27.159338,17.777445,0.074208,258.166038
59,access-03,28.906869,17.286695,0.080387,255.207531
59,aggregation-02,28.143956,9.305904,0.049677,6133.257502
59,access-04,26.326739,17.149065,0.077774,247.528313
59,access-05,29.714694,16.452861,0.099156,243.069674
59,access-06,34.079374,16.133882,0.102061,238.397067
59,aggregation-03,36.378048,7.961167,0.011766,5695.705198
59,access-07,38.511159,16.273872,0.072689,229.049667
59,access-08,41.731285,14.892029,0.100769,224.693876
59,access-09,42.267493,15.69922,0.051839,220.751237
59,aggregation-04,42.744874,7.055719,0.085778,5298.059874
59,access-10,38.937083,15.412138,0.02763,214.624933
59,access-11,39.733524,14.683984,0.096102,212.650342
59,access-12,36.544694,15.369221,0.102262,211.499919
59,aggregation-05,34.265971,7.680558,0.105321,5148.315038
59,access-13,30.401946,16.060275,0.075241,211.799153
59,access-14,28.092722,17.336157,0.099369,213.238598
59,access-15,27.139821,16.837601,0.050868,215.482134
59,aggregation-06,25.539492,9.057572,0.09215,5324.796656
59,access-16,26.453403,17.394312,0.048542,222.050389
59,access-17,26.466467,17.858567,0.087007,226.150948
59,access-18,29.589623,18.233447,0.098638,230.614934
60,core-01,40.329207,6.175439,0.10954,34268.588321
60,core-02,37.032968,4.952262,0.09518,34409.0673
60,core-03,34.549509,5.358097,0.058873,34435.933538
60,aggregation-01,31.1352,10.945695,0.135247,6378.964458
60,access-01,28.759967,18.607468,0.080562,260.183382
60,access-02,26.851113,18.703945,0.060351,257.867642
60,access-03,26.985365,18.260844,0.053442,254.832916
60,aggregation-02,25.682759,8.925506,0.074815,6122.580046
60,access-04,29.361168,16.591986,0.120585,247.041779
60,access-05,31.045634,15.782629,0.098022,242.55126
60,access-06,35.045994,16.441334,0.064881,237.864465
60,aggregation-03,36.061508,7.473563,0.080844,5682.820224
60,access-07,37.398116,15.593354,0.062631,228.543081
60,access-08,41.534465,14.599447,0.119844,224.226607
60,access-09,40.185876,15.372189,0.09126,220.339232
60,aggregation-04,42.845363,7.297211,0.08988,5289.707033
60,access-10,41.438814,15.041606,0.054893,214.363271
60,access-11,37.967433,15.018134,0.062192,212.47863
60,access-12,36.45832,14.921666,0.064602,211.424016
60,aggregation-05,32.294663,7.755195,0.079036,5148.863392
60,access-13,29.07001,15.680609,0.081774,211.919281
60,access-14,28.073991,16.743014,0.069405,213.452258
60,access-15,25.637718,16.808956,0.101556,215.782035
60,aggregation-06,26.275547,9.298683,0.040275,5333.959381
60,access-16,25.457071,17.889173,0.107732,222.489472
60,access-17,29.263406,17.658267,0.045073,226.638224
60,access-18,30.653629,18.249556,0.114425,231.133772
61,core-01,38.100677,5.681168,0.098479,34289.967347
61,core-02,34.925734,5.574953,0.068432,34417.820741
61,core-03,32.374794,5.328083,0.072884,34431.762662
61,aggregation-01,30.872555,10.619869,0.063939,6375.816071
61,access-01,28.909767,18.190116,0.143338,259.961239
61,access-02,27.792947,17.581946,0.107,257.560102
61,access-03,27.182018,17.042732,0.099061,254.450474
61,aggregation-02,27.948427,9.233789,0.059306,6111.750434
61,access-04,27.896117,17.304075,0.056797,246.5508
61,access-05,31.413041,15.934103,0.122822,242.030349
61,access-06,36.746627,15.725529,0.050165,237.3314
61,aggregation-03,37.088281,8.383611,0.10817,5669.973956
61,access-07,38.698787,15.985728,0.104632,228.040079
61,access-08,40.193523,15.230422,0.07523,223.764796
61,access-09,42.912702,14.855842,0.126555,219.934371
61,aggregation-04,41.131977,7.331241,0.041835,5281.563514
61,access-10,39.178306,15.217011,0.063385,214.111348
61,access-11,38.367135,16.018895,0.06372,212.317473
61,access-12,35.828955,16.01403,0.118156,211.359127
61,aggregation-05,35.780034,7.962824,0.124722,5149.682194
61,access-13,30.918098,16.967521,0.078903,212.050208
61,access-14,28.707467,15.905864,0.050547,213.676052
61,access-15,24.945518,17.56224,0.048262,216.091058
61,aggregation-06,25.885188,9.023608,0.081423,5343.31222
61,access-16,26.657918,17.677038,0.083027,222.934767
61,access-17,28.674997,18.349254,0.056658,227.12991
61,access-18,31.646815,18.118033,0.069038,231.655069
62,core-01,37.984909,5.432022,0.123008,34309.953208
62,core-02,36.003724,6.617075,0.096417,34425.125528
62,core-03,31.593568,5.544747,0.101728,34426.13708
62,aggregation-01,28.606101,10.408956,0.086938,6372.405621
62,access-01,28.21312,18.585685,0.070197,259.729044
62,access-02,27.480912,17.761723,0.057628,257.243551
62,access-03,24.80154,17.285453,0.088665,254.060371
62,aggregation-02,27.760346,9.477751,0.062159,6100.773366
62,access-04,29.733728,16.641272,0.097431,246.055589
62,access-05,30.04353,16.330571,0.049509,241.507169
62,access-06,32.510287,15.749295,0.076251,236.798105
62,aggregation-03,36.985792,7.431313,0.024516,5657.171967
62,access-07,41.945513,15.487239,0.054004,227.540878
62,access-08,40.925531,15.458184,0.057739,223.308641
62,access-09,42.021231,14.859065,0.029618,219.53683
62,aggregation-04,41.431567,8.113527,0.091918,5273.63285
62,access-10,42.611082,15.047885,0.084796,213.869271
62,access-11,37.5599,16.123974,0.079313,212.166943
62,access-12,36.769744,15.236331,0.070892,211.305279
62,aggregation-05,31.178988,7.838161,0.080553,5150.771091
62,access-13,30.081499,16.525786,0.08956,212.191877
62,access-14,25.606831,16.782356,0.076289,213.909882
62,access-15,25.493774,16.562374,0.090707,216.409069
62,aggregation-06,26.183983,9.366463,0.065727,5352.851115
62,access-16,27.431263,17.714,0.127812,223.386079
62,access-17,30.596248,17.9939,0.079668,227.625792
62,access-18,29.715838,18.67349,0.094807,232.178599
63,core-01,36.82053,6.325749,0.031802,34328.53723
63,core-02,34.366657,5.674447,0.059499,34430.978489
63,core-03,31.570623,6.327485,0.097296,34419.059234
63,aggregation-01,30.549954,10.469221,0.105954,6368.734587
63,access-01,26.789979,18.295516,0.075497,259.486897
63,access-02,27.719956,18.046763,0.119184,256.918128
63,access-03,25.965725,17.685567,0.06586,253.662778
63,aggregation-02,28.165729,7.745838,0.099818,6089.653607
63,access-04,27.308365,17.127016,0.095166,245.55636
63,access-05,31.85159,16.756198,0.085791,240.981945
63,access-06,34.248248,15.326113,0.062492,236.264811
63,aggregation-03,37.058598,6.642839,0.080916,5644.419816
63,access-07,39.003766,14.586926,0.087605,227.045697
63,access-08,42.706801,14.378324,0.079726,222.858342
63,access-09,41.22168,15.15734,0.09873,219.146782
63,aggregation-04,43.306104,6.492188,0.105216,5265.918483
63,access-10,39.451108,15.636026,0.072872,213.637147
63,access-11,38.380287,16.452617,0.077748,212.027103
63,access-12,37.231649,15.83226,0.083319,211.262496
63,aggregation-05,32.2156,8.013784,0.063004,5152.129608
63,access-13,29.8952,16.675129,0.079855,212.344226
63,access-14,26.206864,16.337781,0.11116,214.153646
63,access-15,23.540344,17.252902,0.092271,216.73593
63,aggregation-06,26.563271,9.603532,0.039699,5362.571926
63,access-16,26.4896,17.750786,0.053683,223.843213
63,access-17,29.452508,18.055735,0.095114,228.125657
63,access-18,32.340144,18.957402,0.071237,232.704135
64,core-01,37.045895,4.809716,0.093763,34345.711349
64,core-02,34.997571,6.245051,0.056475,34435.377086
64,core-03,33.924549,5.376883,0.07214,34410.532196
64,aggregation-01,29.837571,10.058475,0.079534,6364.804564
64,access-01,27.382642,19.246074,0.081263,259.234904
64,access-02,25.892703,17.695888,0.084538,256.583973
64,access-03,25.029702,18.223696,0.098787,253.257865
64,aggregation-02,25.908897,9.229419,0.069617,6078.395982
64,access-04,29.783618,16.445406,0.04312,245.053332
64,access-05,31.83543,15.76942,0.090415,240.454907
64,access-06,36.212779,16.201558,0.064655,235.731749
64,aggregation-03,35.834984,7.931144,0.086187,5631.723036
64,access-07,39.904204,15.891846,0.112919,226.554748
64,access-08,40.6262,15.307443,0.0744,222.414094
64,access-09,41.939165,16.049531,0.083438,218.764395
64,aggregation-04,43.8103,7.629376,0.088774,5258.423762
64,access-10,39.320652,15.178781,0.098069,213.415076
64,access-11,37.467728,15.548452,0.12355,211.898015
64,access-12,35.27297,15.203,0.084018,211.230796
64,aggregation-05,31.655421,7.668459,0.077585,5153.757156
64,access-13,30.110415,16.85835,0.072475,212.507189
64,access-14,25.993005,16.730569,0.089705,214.40724
64,access-15,25.51736,17.528398,0.0943,217.071499
64,aggregation-06,26.762188,9.36775,0.052187,5372.470434
64,access-16,28.465143,17.133871,0.100841,224.30597
64,access-17,27.54691,18.249379,0.092032,228.629286
64,access-18,31.448677,18.19536,0.061295,233.231449
65,core-01,39.384704,6.253937,0.064179,34361.468108
65,core-02,33.79608,4.883532,0.115363,34438.319409
65,core-03,30.967159,5.975367,0.081076,34400.559667
65,aggregation-01,29.012993,9.85546,0.102718,6360.617256
65,access-01,26.405879,17.753356,0.0736,258.973174
65,access-02,25.482663,17.745515,0.077013,256.241232
65,access-03,23.921386,17.733845,0.05611,252.84581
65,aggregation-02,25.846117,8.966044,0.107579,6067.005378
65,access-04,29.343248,16.57154,0.059233,244.546722
65,access-05,31.83479,16.350573,0.039583,239.926282
65,access-06,35.821283,16.517859,0.076241,235.19915
65,aggregation-03,37.57046,8.284916,0.121715,5619.087137
65,access-07,38.285929,15.57973,0.08291,226.068247
65,access-08,40.718006,15.718249,0.079546,221.97609
65,access-09,41.877349,15.369423,0.070577,218.389836
65,aggregation-04,40.620481,7.021559,0.097224,5251.151939
65,access-10,40.673233,15.993135,0.088312,213.203154
65,access-11,35.81211,14.579982,0.106362,211.779735
65,access-12,34.499626,15.395062,0.088203,211.210195
65,aggregation-05,33.097202,8.150879,0.039966,5155.653029
65,access-13,27.890683,16.799925,0.035343,212.680695
65,access-14,28.348412,16.439168,0.06957,214.670552
65,access-15,26.474666,16.917842,0.079307,217.415631
65,aggregation-06,28.002041,9.948552,0.06359,5382.542342
65,access-16,27.344851,18.014927,0.096708,224.77415
65,access-17,29.658801,18.533386,0.070783,229.136462
65,access-18,32.586821,18.949077,0.086263,233.760311
66,core-01,37.018089,5.331663,0.101776,34375.800672
66,core-02,33.519204,5.82977,0.103065,34439.80418
66,core-03,30.718961,5.467016,0.07584,34389.145975
66,aggregation-01,28.806839,10.146271,0.079398,6356.174481
66,access-01,27.716986,18.257909,0.054612,258.70182
66,access-02,26.396167,18.247784,0.072798,255.890053
66,access-03,25.053241,17.21458,0.107392,252.426791
66,aggregation-02,27.54981,9.188643,0.082776,6055.486738
66,access-04,31.814744,15.986281,0.040227,244.036749
66,access-05,31.518879,15.641112,0.073606,239.3963
66,access-06,33.215049,15.831079,0.056749,234.667247
66,aggregation-03,36.247077,7.616934,0.093787,5606.517605
66,access-07,40.061049,15.786166,0.086948,225.586403
66,access-08,42.538441,14.918036,0.052141,221.544519
66,access-09,43.081302,14.717857,0.089641,218.023267
66,aggregation-04,42.186564,6.190452,0.11107,5244.106171
66,access-10,40.898372,15.12932,0.01474,213.001473
66,access-11,35.681649,15.909346,0.085221,211.672314
66,access-12,34.882973,15.922568,0.057061,211.200699
66,aggregation-05,30.332825,7.772988,0.047676,5157.816404
66,access-13,31.077427,15.950913,0.090834,212.86467
66,access-14,27.942675,16.890077,0.087613,214.943468
66,access-15,26.553891,17.34197,0.083614,217.768175
66,aggregation-06,27.285991,9.558335,0.096254,5392.78328
66,access-16,26.450098,18.085559,0.090875,225.247549
66,access-17,28.435538,17.799346,0.071005,229.646963
66,access-18,32.196717,19.046881,0.063147,234.290493
67,core-01,36.463187,5.777159,0.067565,34388.702817
67,core-02,34.053931,5.128966,0.061106,34439.830756
67,core-03,32.208285,5.315903,0.105564,34376.296074
67,aggregation-01,28.820233,10.612337,0.063587,6351.478167
67,access-01,29.018373,18.528006,0.058497,258.420961
67,access-02,25.616104,17.791687,0.078322,255.530589
67,access-03,26.843409,17.089181,0.083858,252.000989
67,aggregation-02,27.827247,9.741207,0.061772,6043.845061
67,access-04,28.857236,16.347466,0.066976,243.523635
67,access-05,33.303891,16.12712,0.084619,238.865192
67,access-06,35.67569,15.165898,0.044946,234.136269
67,aggregation-03,40.306333,8.009467,0.078753,5594.019894
67,access-07,40.493552,15.561391,0.048722,225.109426
67,access-08,42.981563,15.438861,0.098925,221.119569
67,access-09,40.519458,16.257051,0.069436,217.664847
67,aggregation-04,40.116158,6.868719,0.119693,5237.289514
67,access-10,37.295168,15.667847,0.08193,212.810122
67,access-11,35.525687,15.963622,0.065377,211.575798
67,access-12,32.730662,15.85309,0.076404,211.202314
67,aggregation-05,31.010974,8.579044,0.09585,5160.246342
67,access-13,28.096785,17.114915,0.105299,213.059032
67,access-14,26.07828,16.875867,0.050272,215.225871
67,access-15,26.528998,17.295769,0.06135,218.12898
67,aggregation-06,28.729089,9.265077,0.066141,5403.188802
67,access-16,27.642315,17.269971,0.075099,225.725962
67,access-17,29.757622,18.221512,0.051808,230.160569
67,access-18,34.082395,18.310809,0.034625,234.821764
68,core-01,35.068952,6.028563,0.055708,34400.168946
68,core-02,33.401555,5.590179,0.05864,34438.399124
68,core-03,30.57242,5.513098,0.0617,34362.01554
68,aggregation-01,27.132352,10.256987,0.05381,6346.530353
68,access-01,25.929395,18.376613,0.081702,258.130718
68,access-02,26.262269,17.608907,0.098692,255.162996
68,access-03,27.806616,17.486068,0.038257,251.568591
68,aggregation-02,29.103744,9.793664,0.102659,6032.0854
68,access-04,30.500113,17.128161,0.065693,243.007604
68,access-05,33.739007,16.856351,0.119977,238.333187
68,access-06,35.231496,15.638507,0.062879,233.606447
68,aggregation-03,38.507294,7.65975,0.060728,5581.599429
68,access-07,39.412303,15.51525,0.029786,224.637522
68,access-08,42.500625,15.656284,0.086483,220.701425
68,access-09,42.600714,15.144392,0.074896,217.314732
68,aggregation-04,41.265545,7.792666,0.08307,5230.704929
68,access-10,40.521719,15.158682,0.087355,212.629182
68,access-11,37.759174,15.605197,0.089711,211.49023
68,access-12,32.039033,15.702825,0.105798,211.215038
68,aggregation-05,29.513402,9.149416,0.097229,5162.941789
68,access-13,29.507725,15.380771,0.09127,213.263699
68,access-14,27.859292,16.465632,0.036449,215.517636
68,access-15,24.681598,17.813317,0.126761,218.497888
68,aggregation-06,25.93968,9.666694,0.079516,5413.754393
68,access-16,29.292469,17.445391,0.09727,226.209182
68,access-17,29.519641,18.706521,0.077121,230.677057
68,access-18,35.589459,18.372146,0.0,235.353893
69,core-01,36.668052,6.227981,0.089585,34410.194082
69,core-02,31.425142,6.136816,0.073972,34435.509907
69,core-03,31.667214,5.245222,0.066902,34346.310572
69,aggregation-01,29.007366,9.966242,0.09158,6341.333185
69,access-01,27.323499,18.397038,0.088317,257.831217
69,access-02,25.537651,17.464572,0.077305,254.787433
69,access-03,25.751213,17.953931,0.109695,251.129782
69,aggregation-02,28.940954,9.217834,0.085716,6020.212859
69,access-04,31.625513,15.896586,0.031302,242.488878
69,access-05,32.882995,15.853815,0.027108,237.800517
69,access-06,35.897071,15.639266,0.098056,233.078011
69,aggregation-03,39.371306,7.487494,0.066674,5569.261599
69,access-07,41.076315,15.154783,0.08214,224.170898
69,access-08,42.726284,15.058951,0.064875,220.290268
69,access-09,41.84779,15.146838,0.075614,216.973074
69,aggregation-04,41.313505,6.41925,0.073213,5224.355272
69,access-10,40.146797,16.062066,0.072193,212.458732
69,access-11,37.836651,15.666037,0.064865,211.415647
69,access-12,33.110807,16.481309,0.075065,211.238867
69,aggregation-05,31.331563,7.471441,0.14338,5165.901575
69,access-13,29.203323,16.532071,0.060272,213.47858
69,access-14,28.088754,16.369764,0.111177,215.818639
69,access-15,25.646839,16.977138,0.070154,218.874739
69,aggregation-06,26.808554,9.356473,0.075467,5424.475467
69,access-16,27.390109,18.727088,0.081852,226.696997
69,access-17,30.555981,17.318628,0.126965,231.196202
69,access-18,33.694328,18.196453,0.067993,235.88665
70,core-01,36.829819,5.950286,0.104675,34418.773873
70,core-02,31.728461,5.576718,0.054428,34431.164358
70,core-03,30.554834,5.3316,0.029112,34329.187986
70,aggregation-01,25.449296,10.083696,0.104369,6335.88892
70,access-01,26.642186,17.881551,0.044057,257.522589
70,access-02,24.634517,17.375106,0.123253,254.404063
70,access-03,27.305896,16.917428,0.105969,250.684754
70,aggregation-02,31.092747,8.159864,0.122263,6008.232591
70,access-04,31.060825,16.932593,0.075998,241.967683
70,access-05,32.634592,16.126964,0.093638,237.267413
70,access-06,36.915369,15.896561,0.071991,232.551191
70,aggregation-03,40.381465,7.05252,0.098071,5557.011761
70,access-07,38.449894,14.141449,0.055742,223.709754
70,access-08,42.088937,16.285255,0.082261,219.886276
70,access-09,41.589544,15.19558,0.050877,216.640022
70,aggregation-04,39.837726,7.080697,0.064287,5218.2433
70,access-10,38.442552,15.637132,0.092841,212.298847
70,access-11,37.147366,15.955267,0.16966,211.352081
70,access-12,33.218836,15.484753,0.111179,211.273789
70,aggregation-05,29.534404,8.709809,0.080789,5169.124414
70,access-13,27.177283,16.283078,0.071057,213.703584
70,access-14,26.625145,16.066732,0.138447,216.128748
70,access-15,26.027339,17.725604,0.047377,219.25937
70,aggregation-06,26.545096,9.646906,0.039182,5435.34737
70,access-16,27.298588,18.154891,0.129804,227.189198
70,access-17,29.841423,17.996009,0.056023,231.717779
70,access-18,32.616498,18.563887,0.040037,236.419803
71,core-01,34.528701,5.55896,0.060761,34425.904595
71,core-02,32.245421,5.322254,0.073554,34425.364363
71,core-03,29.871212,4.910792,0.096471,34310.655213
71,aggregation-01,28.341372,10.173257,0.106096,6330.199921
71,access-01,25.758768,17.215304,0.119088,257.204966
71,access-02,25.183454,17.331355,0.074599,254.013052
71,access-03,27.438119,17.081503,0.074885,250.2337
71,aggregation-02,28.834983,9.723844,0.127931,5996.149794
71,access-04,32.624508,15.899061,0.112307,241.444245
71,access-05,34.112661,16.093666,0.064949,236.734105
71,access-06,36.000828,15.98621,0.057545,232.026214
71,aggregation-03,39.65313,8.311795,0.115363,5544.85523
71,access-07,39.084755,15.478286,0.055227,223.254292
71,access-08,41.725543,15.045569,0.063755,219.489626
71,access-09,42.238899,15.653937,0.089704,216.315719
71,aggregation-04,40.626342,7.277155,0.054896,5212.371664
71,access-10,37.64388,16.013431,0.021314,212.149596
71,access-11,36.104181,16.18593,0.081067,211.29956
71,access-12,33.360145,15.285277,0.065699,211.31979
71,aggregation-05,28.455196,7.217282,0.069485,5172.608909
71,access-13,26.667807,15.810711,0.080747,213.938611
71,access-14,27.285184,16.225808,0.121822,216.447828
71,access-15,28.272445,17.099582,0.104977,219.651614
71,aggregation-06,26.867214,9.299112,0.134074,5446.365385
71,access-16,27.433633,18.828655,0.097887,227.68557
71,access-17,31.798784,18.247586,0.113889,232.241562
71,access-18,33.870017,17.513453,0.064695,236.953122
72,core-01,34.467242,6.470528,0.095207,34431.583155
72,core-02,33.790868,5.910931,0.066121,34418.11244
72,core-03,29.180529,5.4194,0.065673,34290.720297
72,aggregation-01,27.543978,9.885691,0.10509,6324.268656
72,access-01,26.735285,17.882272,0.093411,256.878488
72,access-02,25.558274,18.304977,0.092951,253.614571
72,access-03,26.713079,17.852927,0.058245,249.776815
72,aggregation-02,29.855433,8.807859,0.100674,5983.969714
72,access-04,30.185876,16.960328,0.086014,240.918792
72,access-05,34.796184,16.159708,0.134068,236.200827
72,access-06,38.396195,16.687433,0.061582,231.50331
72,aggregation-03,40.015681,7.043289,0.108269,5532.797283
72,access-07,42.771183,15.496236,0.079275,222.804709
72,access-08,40.815517,15.257424,0.038722,219.100487
72,access-09,42.289302,15.089738,0.053341,216.000306
72,aggregation-04,40.496814,7.573434,0.109116,5206.742914
72,access-10,38.100985,14.405799,0.040373,212.011043
72,access-11,35.541751,15.40809,0.051384,211.258106
72,access-12,32.479974,15.621356,0.079868,211.37685
72,aggregation-05,31.018942,8.068714,0.070927,5176.353546
72,access-13,26.022288,17.25057,0.128054,214.183561
72,access-14,27.365938,17.672676,0.102556,216.775742
72,access-15,27.239296,17.23696,0.110227,220.0513
72,aggregation-06,27.203343,10.007693,0.051374,5457.524729
72,access-16,28.697507,18.870341,0.064625,228.185898
72,access-17,29.93405,17.942333,0.028138,232.767323
72,access-18,37.697336,18.05873,0.059201,237.486374
73,core-01,36.038769,6.115349,0.068549,34435.807087
73,core-02,32.446807,5.535239,0.065506,34409.411735
73,core-03,30.173984,5.743977,0.092183,34269.391889
73,aggregation-01,26.499281,11.115383,0.088718,6318.0977
73,access-01,25.845789,18.199597,0.071019,256.543295
73,access-02,24.466356,17.017414,0.066667,253.208792
73,access-03,28.38573,16.174333,0.054684,249.314299
73,aggregation-02,31.030211,8.249281,0.079931,5971.697637
73,access-04,30.7825,15.01803,0.085594,240.391551
73,access-05,32.89078,15.35197,0.048801,235.667808
73,access-06,37.610241,15.342082,0.043637,230.982704
73,aggregation-03,38.555604,7.052429,0.036888,5520.843153
73,access-07,41.829185,15.532243,0.071305,222.3612
73,access-08,42.943196,16.186556,0.073136,218.719031
73,access-09,41.982031,14.971031,0.065716,215.69392
73,aggregation-04,41.006839,7.472461,0.12948,5201.359493
73,access-10,35.917466,15.316147,0.084967,211.88325
73,access-11,34.336413,15.958761,0.059617,211.227738
73,access-12,32.563593,15.772271,0.043545,211.444944
73,aggregation-05,30.207429,8.387271,0.085594,5180.356702
73,access-13,28.172936,16.441578,0.079614,214.438326
73,access-14,25.359015,18.096971,0.062374,217.112346
73,access-15,27.393839,17.566317,0.110131,220.458256
73,aggregation-06,27.697497,9.954047,0.112513,5468.82056
73,access-16,29.695503,17.891466,0.034776,228.689964
73,access-17,32.141021,19.148019,0.072636,233.294835
73,access-18,34.697022,19.277487,0.043985,238.019328
74,core-01,34.512011,5.507517,0.12629,34438.574558
74,core-02,32.120031,5.566252,0.050026,34399.266026
74,core-03,28.4071,5.522919,0.089155,34246.679246
74,aggregation-01,25.230391,10.577626,0.086137,6311.68973
74,access-01,25.590245,17.673635,0.103043,256.199533
74,access-02,26.660915,16.642735,0.109937,252.795892
74,access-03,27.254818,16.72114,0.063501,248.846351
74,aggregation-02,28.137384,9.01503,0.105158,5959.338888
74,access-04,32.866258,16.997128,0.123663,239.862751
74,access-05,35.560921,16.087787,0.063722,235.135281
74,access-06,36.853267,16.034341,0.074978,230.464623
74,aggregation-03,38.653778,7.347066,0.043925,5508.998027
74,access-07,39.265268,15.317177,0.047423,221.923958
74,access-08,41.642559,15.121119,0.136638,218.345422
74,access-09,40.812725,14.865079,0.095742,215.396695
74,aggregation-04,39.748975,6.38636,0.113161,5196.223736
74,access-10,36.772039,15.682155,0.062732,211.76627
74,access-11,33.772257,15.734944,0.070218,211.208468
74,access-12,33.187093,15.981349,0.055354,211.524042
74,aggregation-05,28.653102,8.752173,0.074765,5184.616637
74,access-13,25.153293,17.209264,0.075106,214.702797
74,access-14,25.377525,16.716228,0.040169,217.457495
74,access-15,26.261311,17.487816,0.037794,220.872304
74,aggregation-06,28.442216,9.769842,0.12498,5480.247973
74,access-16,28.996839,18.669966,0.096078,229.197551
74,access-17,31.411685,18.199238,0.061608,233.823868
74,access-18,35.379478,18.322219,0.087011,238.551753
75,core-01,32.902037,5.883598,0.078454,34439.884368
75,core-02,32.028367,4.879029,0.083907,34387.679715
75,core-03,28.792008,5.743746,0.087686,34222.592227
75,aggregation-01,26.646316,9.632694,0.074742,6305.047529
75,access-01,24.95537,18.510719,0.025114,255.847352
75,access-02,25.11995,16.899707,0.089555,252.376049
75,access-03,27.715442,16.2283,0.081012,248.373175
75,aggregation-02,28.132361,8.596717,0.045976,5946.898832
75,access-04,32.707646,16.425952,0.109318,239.332622
75,access-05,38.135756,16.235888,0.069828,234.603476
75,access-06,37.380734,15.185871,0.115116,229.949291
75,aggregation-03,40.177849,7.321725,0.090938,5497.267048
75,access-07,42.595683,15.095313,0.082572,221.493172
75,access-08,44.442512,15.385538,0.087076,217.979823
75,access-09,40.152284,14.477085,0.083732,215.10876
75,aggregation-04,39.368456,8.293918,0.124656,5191.337874
75,access-10,38.756999,15.557719,0.115469,211.660155
75,access-11,33.211105,15.156294,0.078937,211.200306
75,access-12,29.962769,15.966139,0.074607,211.61411
75,aggregation-05,28.65628,8.449368,0.128928,5189.131505
75,access-13,26.64624,16.57687,0.095698,214.976858
75,access-14,26.728491,17.785229,0.04087,217.811039
75,access-15,27.237464,17.774143,0.053045,221.293265
75,aggregation-06,27.150669,10.109406,0.101269,5491.802011
75,access-16,28.181049,17.767583,0.073304,229.708436
75,access-17,31.920382,18.744067,0.085885,234.354192
75,access-18,33.994717,19.401788,0.079581,239.083417
76,core-01,34.149989,5.674831,0.07666,34439.735947
76,core-02,29.455132,6.24991,0.045799,34374.657831
76,core-03,28.946441,5.119007,0.083455,34197.141284
76,aggregation-01,28.563523,10.200925,0.067715,6298.173979
76,access-01,25.229257,16.583861,0.069535,255.486904
76,access-02,25.887118,17.207537,0.087366,251.949446
76,access-03,29.469623,16.792435,0.062037,247.894976
76,aggregation-02,31.781435,8.299376,0.074402,5934.382868
76,access-04,32.553334,16.72883,0.083241,238.801394
76,access-05,35.545503,15.216875,0.072623,234.072625
76,access-06,37.012372,15.716369,0.077091,229.436933
76,aggregation-03,41.959695,7.301177,0.059136,5485.655306
76,access-07,40.989505,15.376654,0.049052,221.069029
76,access-08,42.920364,15.253525,0.099388,217.622392
76,access-09,39.186771,14.691693,0.093367,214.830238
76,aggregation-04,37.468247,7.108616,0.099578,5186.704025
76,access-10,37.523423,15.566693,0.063452,211.564951
76,access-11,33.108756,15.564433,0.054228,211.203254
76,access-12,32.170148,16.176335,0.068147,211.71511
76,aggregation-05,27.394293,8.21194,0.061795,5193.899344
76,access-13,25.751908,17.66686,0.068906,215.26039
76,access-14,26.14809,17.609555,0.068209,218.172824
76,access-15,27.593048,17.567902,0.089605,221.720956
76,aggregation-06,25.176647,10.388049,0.117788,5503.477658
76,access-16,30.418083,17.924355,0.104553,230.2224
76,access-17,33.903317,18.173664,0.113703,234.885578
76,access-18,35.669492,17.831474,0.090872,239.614091
77,core-01,33.000628,5.393136,0.082819,34438.12936
77,core-02,31.112773,5.447803,0.03549,34360.206026
77,core-03,29.359639,5.209683,0.116433,34170.337465
77,aggregation-01,26.265293,9.590431,0.113329,6291.072063
77,access-01,27.764098,17.366197,0.099797,255.118346
77,access-02,27.323273,16.583213,0.081797,251.516268
77,access-03,26.072773,16.798508,0.065967,247.411961
77,aggregation-02,32.306338,7.970408,0.065747,5921.796428
77,access-04,32.97163,16.903383,0.072797,238.269297
77,access-05,34.182626,15.888378,0.042674,233.542957
77,access-06,38.068758,15.645809,0.098722,228.927771
77,aggregation-03,39.752464,7.886931,0.055585,5474.167841
77,access-07,40.235416,15.261823,0.109885,220.651714
77,access-08,41.765253,15.656422,0.097661,217.273284
77,access-09,39.646014,15.793328,0.062323,214.561252
77,aggregation-04,38.399747,7.425704,0.079511,5182.324202
77,access-10,37.129115,15.289885,0.085368,211.4807
77,access-11,35.960692,16.33915,0.112058,211.217311
77,access-12,31.330538,16.156316,0.081246,211.826996
77,aggregation-05,28.081215,8.467456,0.107562,5198.918086
77,access-13,27.349338,16.447369,0.104941,215.553272
77,access-14,26.126017,17.996696,0.067909,218.542694
77,access-15,26.176324,16.894755,0.052467,222.155192
77,aggregation-06,30.478838,9.988641,0.07458,5515.269847
77,access-16,29.2859,18.800101,0.061809,230.739218
77,access-17,35.92028,18.466681,0.053513,235.417795
77,access-18,36.821539,17.943106,0.070925,240.143543
78,core-01,33.517895,5.694087,0.071754,34435.065304
78,core-02,30.107587,5.769106,0.088207,34344.330572
78,core-03,27.128555,5.839703,0.08087,34142.192401
78,aggregation-01,27.322979,10.110664,0.066675,6283.744863
78,access-01,24.612353,18.099744,0.102173,254.741837
78,access-02,26.410862,17.62559,0.125245,251.076703
78,access-03,28.407101,16.816063,0.093496,246.924341
78,aggregation-02,29.913359,8.456046,0.066661,5909.144974
78,access-04,33.935285,15.190489,0.082429,237.736563
78,access-05,35.212436,16.599917,0.097214,233.014703
78,access-06,37.45711,15.437399,0.120219,228.422025
78,aggregation-03,40.474695,7.842372,0.066974,5462.809639
78,access-07,41.883296,14.744853,0.030232,220.241407
78,access-08,42.133676,15.112659,0.05797,216.932651
78,access-09,41.425844,14.842038,0.070701,214.301917
78,aggregation-04,38.252992,7.94084,0.078637,5178.200306
78,access-10,34.728866,15.506594,0.066888,211.407437
78,access-11,33.535408,15.924391,0.089387,211.242472
78,access-12,29.848973,16.838583,0.09316,211.949721
78,aggregation-05,27.625887,8.341402,0.129903,5204.185552
78,access-13,27.166275,16.73066,0.080813,215.855374
78,access-14,24.485237,17.550025,0.108206,218.920487
78,access-15,24.921614,17.602063,0.088641,222.595784
78,aggregation-06,26.546115,9.576692,0.060735,5527.17346
78,access-16,32.56328,19.091087,0.057145,231.258667
78,access-17,34.740932,18.330805,0.101829,235.950612
78,access-18,37.46915,19.110277,0.02892,240.671544
79,core-01,31.386985,5.670363,0.082677,34430.54511
79,core-02,30.873902,5.498716,0.103335,34327.038358
79,core-03,28.740417,4.585257,0.113863,34112.71831
79,aggregation-01,26.196705,9.860073,0.111911,6276.19556
79,access-01,26.689808,17.471376,0.077036,254.357541
79,access-02,26.874262,16.492669,0.085958,250.630942
79,access-03,29.674773,16.619891,0.043776,246.432327
79,aggregation-02,30.143769,7.978051,0.096387,5896.433998
79,access-04,34.146338,16.125162,0.102877,237.203422
79,access-05,37.021104,15.853235,0.032341,232.488091
79,access-06,37.758773,14.333275,0.04811,227.919916
79,aggregation-03,39.206837,7.673743,0.03899,5451.58563
79,access-07,41.564954,15.665923,0.083595,219.838287
79,access-08,40.275513,15.472526,0.111934,216.60064
79,access-09,41.111197,15.190145,0.012307,214.052347
79,aggregation-04,37.136833,7.313545,0.08547,5174.334126
79,access-10,35.208955,15.496146,0.096289,211.345195
79,access-11,33.912275,16.137198,0.08786,211.278725
79,access-12,30.634896,16.289779,0.067084,212.083231
79,aggregation-05,28.389548,8.010003,0.068901,5209.699457
79,access-13,25.776051,16.828244,0.090728,216.166566
79,access-14,25.814988,17.493797,0.108473,219.306041
79,access-15,27.242209,17.504576,0.084559,223.04254
79,aggregation-06,28.112026,10.896711,0.09512,5539.183331
79,access-16,30.585833,19.008448,0.055069,231.780521
79,access-17,32.930181,17.96975,0.063912,236.483798
79,access-18,35.284416,18.760366,0.051572,241.197865
80,core-01,34.716256,5.460444,0.09048,34424.570738
80,core-02,30.775165,6.029544,0.094605,34308.336891
80,core-03,26.76875,5.31004,0.100232,34081.927982
80,aggregation-01,24.505954,9.948622,0.08659,6268.42743
80,access-01,26.202874,17.337519,0.076541,253.965626
80,access-02,26.889089,17.266086,0.055743,250.179178
80,access-03,28.163473,16.498449,0.078229,245.936132
80,aggregation-02,31.43255,9.514674,0.099531,5883.669016
80,access-04,34.773592,16.301348,0.106878,236.670106
80,access-05,35.748555,15.868106,0.103973,231.963352
80,access-06,38.85224,15.84338,0.052088,227.42166
80,aggregation-03,41.150457,6.810193,0.09138,5440.500684
80,access-07,43.506008,14.908153,0.045041,219.442529
80,access-08,43.274771,15.296938,0.077414,216.277397
80,access-09,39.524326,15.318911,0.023173,213.81265
80,aggregation-04,37.25136,7.707844,0.113903,5170.72734
80,access-10,35.821456,15.554568,0.094417,211.294001
80,access-11,34.054312,16.280183,0.12111,211.326054
80,access-12,29.515573,16.508817,0.112492,212.227469
80,aggregation-05,30.006011,7.983912,0.066709,5215.457407
80,access-13,26.764264,17.405068,0.097767,216.486714
80,access-14,25.545596,17.646185,0.109906,219.699187
80,access-15,27.209547,17.954262,0.130727,223.495267
80,aggregation-06,28.394971,9.519751,0.054896,5551.294247
80,access-16,31.680053,18.848963,0.073943,232.304553
80,access-17,33.054165,18.233909,0.096856,237.01712
80,access-18,37.414853,18.474506,0.090303,241.722277
81,core-01,32.64862,5.185177,0.069446,34417.144782
81,core-02,28.711355,5.130582,0.023742,34288.234287
81,core-03,27.299365,5.209176,0.052931,34049.83478
81,aggregation-01,25.75724,10.172774,0.089475,6260.443845
81,access-01,27.038094,17.522803,0.100971,253.56626
81,access-02,27.012176,16.731223,0.095096,249.721607
81,access-03,31.38019,16.310202,0.083784,245.435972
81,aggregation-02,32.672171,8.942584,0.079361,5870.855568
81,access-04,34.916077,16.105719,0.096594,236.136846
81,access-05,37.531958,15.424588,0.061075,231.440711
81,access-06,40.587764,15.345222,0.116138,226.927475
81,aggregation-03,40.795276,7.555537,0.062093,5429.559612
81,access-07,42.04628,15.573273,0.08628,219.054304
81,access-08,41.956198,15.526855,0.093731,215.96306
81,access-09,39.05207,15.19283,0.045943,213.582929
81,aggregation-04,37.793595,7.487278,0.084239,5167.381513
81,access-10,35.293306,15.357452,0.05997,211.253877
81,access-11,34.356237,16.455292,0.090371,211.384439
81,access-12,29.917749,16.535898,0.109117,212.382372
81,aggregation-05,28.951156,8.578869,0.08214,5221.456903
81,access-13,24.764424,17.459975,0.073145,216.815678
81,access-14,26.615466,17.981755,0.05413,220.099755
81,access-15,27.298006,17.370499,0.049359,223.953769
81,aggregation-06,30.269095,10.164791,0.113451,5563.500952
81,access-16,31.857756,18.219606,0.091884,232.830537
81,access-17,34.945059,17.645395,0.116976,237.550349
81,access-18,36.705067,19.503378,0.107019,242.244553
82,core-01,32.486896,5.262867,0.083944,34408.270465
82,core-02,30.572343,5.41832,0.096151,34266.73927
82,core-03,26.120938,5.121208,0.089068,34016.452635
82,aggregation-01,25.430046,9.298451,0.081927,6252.248269
82,access-01,23.981443,16.755281,0.100531,253.159617
82,access-02,23.761704,16.86777,0.06364,249.258428
82,access-03,28.179524,16.805232,0.124036,244.932064
82,aggregation-02,31.502577,8.401083,0.087418,5857.999215
82,access-04,35.304211,16.43581,0.082848,235.603874
82,access-05,36.853305,14.748637,0.065012,230.920396
82,access-06,40.211846,15.267525,0.044103,226.437575
82,aggregation-03,41.430525,7.482778,0.05562,5418.767164
82,access-07,42.189584,15.594619,0.041623,218.673781
82,access-08,41.437966,15.046755,0.064429,215.657767
82,access-09,40.715656,15.370263,0.120715,213.363285
82,aggregation-04,38.413038,7.228387,0.092801,5164.298099
82,access-10,34.803099,15.064181,0.078514,211.22484
82,access-11,32.091361,15.988523,0.082832,211.453855
82,access-12,29.686104,16.772139,0.080179,212.547872
82,aggregation-05,27.780358,9.290878,0.085017,5227.695341
82,access-13,26.654694,17.626132,0.145048,217.153316
82,access-14,25.036428,18.220401,0.113455,220.507571
82,access-15,29.156643,17.666545,0.072162,224.417846
82,aggregation-06,30.099633,9.964445,0.089693,5575.798148
82,access-16,32.637712,19.155639,0.038755,233.358243
82,access-17,34.547187,18.413237,0.035907,238.083251
82,access-18,37.501542,18.914081,0.137481,242.764466
83,core-01,31.582009,6.105176,0.02485,34397.951639
83,core-02,28.843315,5.076747,0.078489,34243.86117
83,core-03,26.011269,4.935221,0.05917,33981.796034
83,aggregation-01,25.094911,10.085247,0.098713,6243.844259
83,access-01,24.706087,17.582939,0.084987,252.745874
83,access-02,25.508005,18.027876,0.06335,248.789842
83,access-03,31.658294,16.683718,0.050674,244.424626
83,aggregation-02,31.891862,8.960178,0.08861,5845.105538
83,access-04,34.239812,16.324823,0.075501,235.071421
83,access-05,38.602304,16.30305,0.062729,230.402633
83,access-06,41.552931,15.266566,0.100623,225.952172
83,aggregation-03,41.981996,7.209829,0.078285,5408.128024
83,access-07,41.568414,15.433248,0.09011,218.301124
83,access-08,41.150321,15.480084,0.108174,215.36165
83,access-09,40.233582,15.476711,0.075051,213.153813
83,aggregation-04,35.919425,6.633218,0.079169,5161.478434
83,access-10,34.624915,16.132026,0.11398,211.206902
83,access-11,33.182335,15.985653,0.082297,211.534272
83,access-12,28.409365,16.019445,0.071318,212.723897
83,aggregation-05,26.206975,8.93135,0.050275,5234.170015
83,access-13,25.971155,16.64013,0.059081,217.49948
83,access-14,25.248831,16.559973,0.108315,220.922458
83,access-15,27.971092,18.538247,0.104403,224.887297
83,aggregation-06,27.592028,10.448968,0.083256,5588.180498
83,access-16,32.13298,18.173173,0.070471,233.887443
83,access-17,34.844643,18.255267,0.073899,238.615597
83,access-18,38.506903,18.618554,0.048209,243.28179
84,core-01,33.35645,5.296335,0.077204,34386.192781
84,core-02,28.95465,5.856097,0.063668,34219.609916
84,core-03,25.028898,5.429329,0.077904,33945.880018
84,aggregation-01,26.922514,9.359376,0.062712,6235.235463
84,access-01,28.457107,17.242204,0.046234,252.32521
84,access-02,28.380994,17.046889,0.047692,248.316052
84,access-03,29.331166,16.469985,0.07609,243.91388
84,aggregation-02,32.987836,8.637075,0.037118,5832.180132
84,access-04,36.088906,15.221367,0.089092,234.539719
84,access-05,39.137477,15.22781,0.069085,229.887647
84,access-06,39.900398,15.890005,0.089237,225.471477
84,aggregation-03,41.180506,7.499559,0.068775,5397.646808
84,access-07,43.332343,15.515965,0.068058,217.936497
84,access-08,39.370393,14.559475,0.0835,215.074838
84,access-09,40.734425,15.021841,0.074287,212.954604
84,aggregation-04,37.733445,7.215169,0.069162,5158.923743
84,access-10,31.839872,15.421562,0.116444,211.200073
84,access-11,30.501503,16.415551,0.099554,211.625654
84,access-12,27.629583,16.557646,0.105263,212.910372
84,aggregation-05,27.418004,9.226105,0.067537,5240.878112
84,access-13,25.018089,16.993277,0.083943,217.854021
84,access-14,26.582479,18.19661,0.046538,221.344236
84,access-15,27.909202,17.985772,0.05751,225.361919
84,aggregation-06,30.656012,10.08478,0.058911,5600.642627
84,access-16,33.521058,17.278252,0.053985,234.417907
84,access-17,36.708897,19.377166,0.109032,239.147155
84,access-18,39.986354,18.93323,0.092134,243.796301
85,core-01,30.200659,5.640993,0.064309,34372.998996
85,core-02,27.736652,5.593393,0.054383,34193.996034
85,core-03,27.619442,5.226454,0.108491,33908.720176
85,aggregation-01,27.125326,9.786824,0.068763,6226.425618
85,access-01,26.071014,17.152924,0.066999,251.897808
85,access-02,28.843099,16.243102,0.046778,247.837264
85,access-03,31.60511,16.181959,0.068869,243.400045
85,aggregation-02,32.098763,7.602052,0.097115,5819.228608
85,access-04,35.637971,15.797075,0.093849,234.008997
85,access-05,36.711831,15.381531,0.028586,229.375661
85,access-06,40.600343,15.507417,0.100836,224.995698
85,aggregation-03,42.526298,7.530301,0.054295,5387.328066
85,access-07,39.880034,15.529226,0.132946,217.580056
85,access-08,40.568475,14.823586,0.06495,214.797454
85,access-09,39.767845,14.522664,0.08797,212.765743
85,aggregation-04,36.15048,7.460826,0.065881,5156.635135
85,access-10,33.065822,15.867116,0.062764,211.204354
85,access-11,32.299779,15.682325,0.081366,211.727962
85,access-12,27.901453,16.965974,0.095513,213.107216
85,aggregation-05,28.315283,9.098061,0.129023,5247.816724
85,access-13,26.471112,17.123941,0.080634,218.216785
85,access-14,26.402903,18.162571,0.095369,221.772723
85,access-15,26.412648,17.568794,0.128826,225.841504
85,aggregation-06,32.114601,10.715067,0.095461,5613.179128
85,access-16,34.983022,18.551109,0.06019,234.949405
85,access-17,35.995768,18.510207,0.077059,239.677694
85,access-18,38.356877,18.507555,0.052708,244.307775
86,core-01,29.506607,5.608953,0.041103,34358.37601
86,core-02,28.053311,5.505995,0.110923,34167.030639
86,core-03,28.196412,5.028434,0.102663,33870.332635
86,aggregation-01,25.83724,9.961985,0.053254,6217.418546
86,access-01,26.324035,17.111106,0.104719,251.463854
86,access-02,27.345596,17.02634,0.06167,247.353686
86,access-03,30.758158,16.650238,0.068513,242.883347
86,aggregation-02,33.563316,7.693145,0.043055,5806.256585
86,access-04,33.813427,15.622522,0.09838,233.479487
86,access-05,39.55934,15.515413,0.086914,228.866897
86,access-06,39.981157,16.146335,0.123715,224.525043
86,aggregation-03,42.613087,7.269077,0.023862,5377.176276
86,access-07,43.794644,15.621754,0.059749,217.231957
86,access-08,43.592175,15.744582,0.091815,214.52962
86,access-09,38.569496,15.646707,0.039586,212.587314
86,aggregation-04,33.963779,7.588689,0.12006,5154.613602
86,access-10,34.55312,15.922617,0.063868,211.219744
86,access-11,30.383805,16.484259,0.083339,211.841152
86,access-12,29.85119,17.652056,0.101948,213.314342
86,aggregation-05,28.359296,8.557144,0.120562,5254.982837
86,access-13,25.004788,16.846212,0.08355,218.587614
86,access-14,26.924184,17.458,0.086992,222.207731
86,access-15,28.265768,18.160282,0.078884,226.325846
86,aggregation-06,29.962628,11.027737,0.019638,5625.78456
86,access-16,33.609816,18.953482,0.095508,235.481706
86,access-17,36.055368,18.681114,0.071223,240.206985
86,access-18,37.840475,18.813933,0.043482,244.815991
87,core-01,29.959926,5.621902,0.059642,34342.330169
87,core-02,29.15979,4.269078,0.064911,34138.725436
87,core-03,27.506927,4.683799,0.082427,33830.734056
87,aggregation-01,26.947449,10.089771,0.110008,6208.218157
87,access-01,28.486828,16.694094,0.100608,251.023535
87,access-02,28.697792,16.659753,0.07264,246.865527
87,access-03,31.467383,16.128363,0.047619,242.364008
87,aggregation-02,31.587124,8.218063,0.045988,5793.269695
87,access-04,36.00798,16.111595,0.082346,232.951418
87,access-05,38.370066,15.284603,0.089195,228.361576
87,access-06,41.237038,15.046114,0.106623,224.059716
87,aggregation-03,41.292543,7.267883,0.080994,5367.195844
87,access-07,42.327079,14.226151,0.118681,216.892351
87,access-08,40.61295,15.90586,0.089689,214.271451
87,access-09,35.909275,15.288925,0.068552,212.419394
87,aggregation-04,36.130133,8.421784,0.113972,5152.860022
87,access-10,35.675737,15.794378,0.054883,211.246237
87,access-11,29.770938,15.827909,0.068338,211.965174
87,access-12,25.998267,17.072791,0.068124,213.531662
87,aggregation-05,26.787,8.960994,0.087588,5262.373342
87,access-13,25.332193,17.902376,0.055112,218.966347
87,access-14,26.715385,17.1359,0.094609,222.649073
87,access-15,28.2052,17.677808,0.080049,226.814734
87,aggregation-06,29.519856,10.760411,0.099491,5638.45345
87,access-16,32.434335,17.37448,0.045851,236.014579
87,access-17,33.178168,17.947541,0.07863,240.734796
87,access-18,38.346494,18.584419,0.067826,245.320728
88,core-01,31.278372,5.153692,0.064884,34324.868437
88,core-02,28.529626,5.622968,0.093874,34109.092709
88,core-03,24.695511,5.244306,0.113345,33789.941625
88,aggregation-01,25.033737,10.152661,0.075757,6198.828445
88,access-01,26.269002,17.492826,0.0915,250.577043
88,access-02,27.754025,16.353178,0.084105,246.373
88,access-03,31.376859,15.999221,0.087465,241.842254
88,aggregation-02,31.569773,8.924944,0.071525,5780.273573
88,access-04,38.058997,16.245402,0.097591,232.425019
88,access-05,40.540308,15.987229,0.084181,227.859917
88,access-06,42.994237,15.152902,0.04093,223.599918
88,aggregation-03,44.048379,7.059481,0.063675,5357.391103
88,access-07,38.829566,15.140174,0.126872,216.561386
88,access-08,41.195132,16.418716,0.120496,214.02306
88,access-09,38.909676,15.589117,0.102062,212.262055
88,aggregation-04,35.446767,7.663013,0.066121,5151.375157
88,access-10,33.593916,16.019485,0.071038,211.28382
88,access-11,28.803565,16.824438,0.095778,212.099975
88,access-12,28.295399,16.41694,0.081185,213.75908
88,aggregation-05,27.09979,8.599359,0.084796,5269.985031
88,access-13,24.21194,18.241591,0.074002,219.352821
88,access-14,26.438872,18.228061,0.03332,223.096556
88,access-15,28.023498,18.32304,0.080859,227.307955
88,aggregation-06,32.209138,10.83484,0.055437,5651.180301
88,access-16,34.761851,18.947258,0.097925,236.547794
88,access-17,37.314741,18.923474,0.056136,241.2609
88,access-18,39.624196,18.990698,0.036174,245.821767
89,core-01,30.787894,6.567085,0.041123,34305.998393
89,core-02,29.667856,5.126278,0.093102,34078.14532
89,core-03,25.762703,5.318227,0.036016,33747.973046
89,aggregation-01,24.332056,9.957698,0.101954,6189.253483
89,access-01,27.872242,17.143876,0.030305,250.124572
89,access-02,29.616614,16.83802,0.039777,245.876318
89,access-03,32.315012,16.69613,0.07263,241.318312
89,aggregation-02,33.551903,7.791704,0.07556,5767.273861
89,access-04,36.578319,15.057771,0.104684,231.900519
89,access-05,39.465913,15.590762,0.075847,227.362139
89,access-06,43.455406,15.394624,0.051034,223.145849
89,aggregation-03,41.990482,6.631786,0.087028,5347.766307
89,access-07,40.749447,15.680924,0.056697,216.239203
89,access-08,40.095714,15.173352,0.056147,213.784555
89,access-09,39.050547,15.300671,0.076491,212.115365
89,aggregation-04,36.606782,7.921984,0.070652,5150.159651
89,access-10,32.720663,15.531912,0.041859,211.332477
89,access-11,30.542792,16.690521,0.079357,212.245496
89,access-12,27.135587,16.924123,0.076765,213.996498
89,aggregation-05,27.751137,8.600938,0.036084,5277.8146
89,access-13,26.098768,17.172617,0.051158,219.746866
89,access-14,26.482142,17.918641,0.038208,223.549986
89,access-15,28.226892,17.858997,0.094968,227.805296
89,aggregation-06,31.588649,9.93383,0.090921,5663.95959
89,access-16,32.640161,18.456098,0.102783,237.081117
89,access-17,38.527653,18.86054,0.09621,241.785068
89,access-18,37.89212,19.190651,0.0637,246.31889
90,core-01,30.087146,5.977574,0.032619,34285.728226
90,core-02,26.270348,5.585861,0.023949,34045.896699
90,core-03,28.43115,4.815277,0.05949,33704.846535
90,aggregation-01,23.535397,8.459907,0.076985,6179.497429
90,access-01,27.049104,17.198966,0.099977,249.666318
90,access-02,28.073187,16.755056,0.082222,245.375697
90,access-03,32.11717,16.816118,0.08302,240.792409
90,aggregation-02,34.631716,7.751355,0.068992,5754.2762
90,access-04,39.643325,15.198193,0.050512,231.378146
90,access-05,39.190244,15.78104,0.083511,226.868457
90,access-06,42.041752,15.37831,0.125492,222.697706
90,aggregation-03,42.783112,6.548492,0.045787,5338.325633
90,access-07,41.389253,14.569116,0.079773,215.925945
90,access-08,42.012041,15.441538,0.004427,213.556038
90,access-09,39.913758,16.079798,0.072629,211.97939
90,aggregation-04,33.293999,7.510724,0.083875,5149.21403
90,access-10,32.366525,15.812228,0.074435,211.392187
90,access-11,28.548589,16.091183,0.107723,212.401673
90,access-12,30.400259,16.717467,0.044859,214.243813
90,aggregation-05,27.042111,9.562327,0.110548,5285.858652
90,access-13,27.718353,17.785318,0.089263,220.148313
90,access-14,27.861971,17.465076,0.091087,224.009168
90,access-15,27.850508,18.197817,0.099968,228.306541
90,aggregation-06,31.604274,11.272122,0.08317,5676.785769
90,access-16,37.660333,18.541739,0.096334,237.614319
90,access-17,37.477526,18.336554,0.043592,242.307072
90,access-18,40.074196,18.867956,0.086978,246.811882
91,core-01,29.23433,5.259952,0.05173,34264.066735
91,core-02,27.675073,5.458396,0.053903,34012.360843
91,core-03,24.932958,4.507574,0.113161,33660.580809
91,aggregation-01,26.841842,10.36945,0.086557,6169.564516
91,access-01,28.63208,16.710576,0.109185,249.202479
91,access-02,30.111764,17.095596,0.059004,244.871353
91,access-03,31.185433,15.653128,0.024025,240.264773
91,aggregation-02,33.858612,8.036917,0.076192,5741.286231
91,access-04,37.790629,15.561802,0.090108,230.858126
91,access-05,40.528691,15.788022,0.084025,226.379085
91,access-06,41.588016,15.251245,0.096983,222.255683
91,aggregation-03,41.583186,6.71129,0.105953,5329.073179
91,access-07,40.630827,15.530266,0.056407,215.621746
91,access-08,39.195369,14.629699,0.094705,213.33761
91,access-09,36.225847,15.89825,0.078855,211.854186
91,aggregation-04,33.93193,8.06985,0.053487,5148.538706
91,access-10,30.762841,15.554536,0.055091,211.462925
91,access-11,29.319374,16.594754,0.0806,212.56844
91,access-12,26.557765,16.922119,0.055248,214.500918
91,aggregation-05,26.041733,8.120273,0.063645,5294.113695
91,access-13,27.142305,17.524651,0.114124,220.556988
91,access-14,26.460184,17.609785,0.093157,224.4739
91,access-15,28.42878,17.767111,0.102196,228.811472
91,aggregation-06,31.162513,10.488216,0.123855,5689.653272
91,access-16,33.217243,19.014343,0.093922,238.147167
91,access-17,37.592579,19.094858,0.047501,242.826686
91,access-18,39.731624,18.505711,0.120985,247.300529
92,core-01,27.458815,4.746433,0.045879,34241.023321
92,core-02,25.649816,4.50715,0.070346,33977.552307
92,core-03,25.625512,4.354942,0.107198,33615.19508
92,aggregation-01,24.545641,10.292128,0.076587,6159.459055
92,access-01,27.967998,17.11837,0.06879,248.733258
92,access-02,30.231851,16.233235,0.081579,244.363507
92,access-03,33.158438,15.643169,0.109775,239.735633
92,aggregation-02,33.832975,7.654598,0.072704,5728.309592
92,access-04,35.250448,15.863304,0.044308,230.340684
92,access-05,38.223798,14.810096,0.060139,225.894235
92,access-06,40.390151,14.58851,0.096256,221.819973
92,aggregation-03,42.576223,6.974167,0.100155,5320.012961
92,access-07,41.855262,14.269321,0.105116,215.326739
92,access-08,39.217674,15.313642,0.073387,213.129364
92,access-09,36.149989,15.209301,0.093417,211.73981
92,aggregation-04,34.55635,7.620494,0.064574,5148.133972
92,access-10,30.54757,16.867264,0.109185,211.544659
92,access-11,29.242156,17.099343,0.090135,212.745724
92,access-12,26.58228,16.535851,0.025395,214.767701
92,aggregation-05,27.175144,9.481105,0.111017,5302.576147
92,access-13,26.256611,17.883906,0.040143,220.972711
92,access-14,25.828153,17.914123,0.082148,224.943983
92,access-15,28.096809,18.375271,0.08398,229.319871
92,aggregation-06,31.201342,9.396232,0.103865,5702.556515
92,access-16,35.477975,18.985251,0.112773,238.67943
92,access-17,38.358089,18.835565,0.090077,243.343684
92,access-18,38.701076,19.017602,0.077826,247.784618
93,core-01,28.682835,5.281527,0.087749,34216.607984
93,core-02,28.944493,5.613261,0.044944,33941.486198
93,core-03,27.586767,4.948895,0.066545,33568.709046
93,aggregation-01,23.911267,10.148059,0.028885,6149.185432
93,access-01,25.966395,17.565263,0.069527,248.258857
93,access-02,30.18388,16.577923,0.069886,243.852378
93,access-03,32.907518,15.323384,0.099313,239.205219
93,aggregation-02,33.651119,8.614969,0.083712,5715.351916
93,access-04,38.118247,15.197445,0.079458,229.826046
93,access-05,39.618375,15.800261,0.03881,225.41412
93,access-06,41.949033,15.417137,0.126039,221.390765
93,aggregation-03,41.094353,7.368711,0.035917,5311.14891
93,access-07,39.820597,15.269801,0.126156,215.041051
93,access-08,38.355867,14.871402,0.082868,212.931392
93,access-09,38.676022,15.497695,0.093613,211.636309
93,aggregation-04,34.666383,7.410607,0.07606,5148.000004
93,access-10,31.188419,16.44425,0.071621,211.637355
93,access-11,30.785486,16.173359,0.116048,212.933448
93,access-12,27.473903,16.832583,0.095757,215.044046
93,aggregation-05,24.980512,9.443421,0.084421,5311.242334
93,access-13,24.814736,17.198379,0.073775,221.395304
93,access-14,28.67572,18.071494,0.105499,225.419211
93,access-15,30.768075,18.703606,0.081321,229.831515
93,aggregation-06,31.258081,11.084908,0.10087,5715.489898
93,access-16,35.671495,18.703527,0.100513,239.210878
93,access-17,37.278631,18.465673,0.082079,243.857842
93,access-18,41.511234,18.754391,0.075854,248.26394
94,core-01,26.825106,5.903198,0.053124,34190.831321
94,core-02,25.660282,5.127164,0.084542,33904.17817
94,core-03,27.667271,5.15309,0.088812,33521.142881
94,aggregation-01,26.412372,9.729352,0.088698,6138.748106
94,access-01,26.142628,16.97974,0.049525,247.779483
94,access-02,30.383338,16.479229,0.106626,243.338188
94,access-03,33.592374,16.246496,0.032121,238.673761
94,aggregation-02,33.70611,8.140879,0.081408,5702.418825
94,access-04,38.335526,15.375395,0.065204,229.314435
94,access-05,40.364548,15.267475,0.081501,224.938945
94,access-06,43.409151,15.240093,0.074018,220.968244
94,aggregation-03,43.53779,7.635413,0.075309,5302.484875
94,access-07,40.41894,15.007904,0.11714,214.764807
94,access-08,38.829249,14.621443,0.083486,212.74378
94,access-09,36.220951,15.517674,0.060195,211.54373
94,aggregation-04,33.422246,8.740266,0.061777,5148.136859
94,access-10,31.220994,16.399015,0.086787,211.740971
94,access-11,27.457573,16.680074,0.032665,213.13153
94,access-12,26.672686,17.073701,0.103451,215.329834
94,aggregation-05,24.65195,9.579414,0.08179,5320.108496
94,access-13,26.31815,18.081504,0.083214,221.824583
94,access-14,27.811224,17.672264,0.057219,225.899378
94,access-15,29.475816,18.561526,0.068089,230.346185
94,aggregation-06,34.079196,10.433709,0.054261,5728.447806
94,access-16,34.744007,19.350828,0.064508,239.74128
94,access-17,40.068408,18.779502,0.125377,244.368937
94,access-18,40.619151,19.258486,0.089411,248.738286
95,core-01,27.961193,5.289965,0.103879,34163.70452
95,core-02,27.170659,5.377629,0.082674,33865.644414
95,core-03,26.586936,4.409402,0.06872,33472.517232
95,aggregation-01,27.341327,10.155975,0.096274,6128.151607
95,access-01,27.550961,17.071328,0.033499,247.295344
95,access-02,31.929164,16.137123,0.093271,242.821161
95,access-03,32.166211,16.607314,0.081103,238.141491
95,aggregation-02,36.823919,7.908425,0.090824,5689.515934
95,access-04,38.009348,15.510376,0.101131,228.806072
95,access-05,40.263962,15.143305,0.090621,224.468919
95,access-06,43.106113,15.591851,0.058416,220.552594
95,aggregation-03,44.093952,7.666395,0.0965,5294.024614
95,access-07,40.581008,15.382544,0.058697,214.498127
95,access-08,38.725281,15.532503,0.110068,212.566607
95,access-09,34.967416,15.084344,0.073054,211.462113
95,aggregation-04,32.963721,7.174849,0.050068,5148.544478
95,access-10,31.576432,16.034573,0.044258,211.855464
95,access-11,26.648335,16.409911,0.065325,213.339884
95,access-12,26.907231,16.719066,0.044737,215.62494
95,aggregation-05,24.797049,9.778692,0.100065,5329.170784
95,access-13,27.078381,17.173127,0.055568,222.260361
95,access-14,26.498518,18.168903,0.08775,226.384277
95,access-15,28.140589,18.618687,0.112677,230.863655
95,aggregation-06,33.738381,9.702372,0.077094,5741.424616
95,access-16,36.680663,19.340903,0.105343,240.270405
95,access-17,39.413858,19.332892,0.081444,244.876748
95,access-18,41.465934,19.005693,0.081322,249.207451
96,core-01,28.886013,5.643506,0.071825,34135.239354
96,core-02,24.989463,5.096612,0.096788,33825.901655
96,core-03,25.329686,4.435553,0.07586,33422.853201
96,aggregation-01,26.765397,9.363131,0.094182,6117.400533
96,access-01,29.297546,17.19013,0.09124,246.80665
96,access-02,32.246989,16.667761,0.059675,242.30152
96,access-03,33.155427,15.40515,0.088982,237.608637
96,aggregation-02,34.937008,7.90213,0.083207,5676.648841
96,access-04,38.946668,15.28186,0.071386,228.301179
96,access-05,41.684219,15.06587,0.086421,224.004244
96,access-06,40.709823,16.06493,0.076532,220.143996
96,aggregation-03,42.624664,7.565195,0.069559,5285.771801
96,access-07,39.32493,15.122593,0.094934,214.241126
96,access-08,38.612599,15.12139,0.118652,212.399953
96,access-09,36.047744,15.825856,0.077504,211.391493
96,aggregation-04,31.430893,8.649369,0.075149,5149.222684
96,access-10,33.177326,16.986707,0.069453,211.980782
96,access-11,28.523942,16.78856,0.022151,213.558421
96,access-12,26.656287,17.311576,0.10098,215.929236
96,aggregation-05,26.46327,9.889765,0.066319,5338.425265
96,access-13,27.30149,17.916504,0.067258,222.70245
96,access-14,27.178805,18.539298,0.077227,226.873696
96,access-15,31.946022,17.707611,0.03875,231.383701
96,aggregation-06,33.217686,10.839392,0.088799,5754.414697
96,access-16,38.882491,17.962122,0.069037,240.798023
96,access-17,39.144606,19.171928,0.083047,245.381052
96,access-18,41.558695,18.512122,0.066832,249.671231
97,core-01,28.745648,5.166363,0.104223,34105.448177
97,core-02,26.239645,5.624254,0.060695,33784.967141
97,core-03,24.160998,4.652982,0.082387,33372.172343
97,aggregation-01,26.603262,9.228683,0.076595,6106.499552
97,access-01,29.104486,17.291567,0.068402,246.313613
97,access-02,29.41141,16.175515,0.085953,241.779492
97,access-03,34.955245,16.41173,0.101095,237.075433
97,aggregation-02,35.18546,8.110816,0.093395,5663.823132
97,access-04,38.994962,15.104472,0.034356,227.799975
97,access-05,40.549192,14.774305,0.058097,223.545123
97,access-06,43.048278,15.854627,0.086796,219.742627
97,aggregation-03,42.223222,7.587692,0.097285,5277.730017
97,access-07,40.42578,15.769437,0.083951,213.993915
97,access-08,36.507727,15.287532,0.090832,212.243888
97,access-09,35.217928,15.423969,0.067342,211.3319
97,aggregation-04,33.809728,7.863631,0.065741,5150.171183
97,access-10,30.768989,15.873272,0.149877,212.116872
97,access-11,27.233145,16.460822,0.111641,213.787044
97,access-12,28.885834,17.098267,0.073102,216.24259
97,aggregation-05,24.702318,8.661977,0.076684,5347.867923
97,access-13,26.073707,17.336403,0.086557,223.150657
97,access-14,28.0027,17.878666,0.063725,227.367423
97,access-15,30.403631,18.769978,0.068795,231.906099
97,aggregation-06,35.094629,10.985259,0.077949,5767.41241
97,access-16,36.005533,18.762129,0.082933,241.323907
97,access-17,38.010037,18.348274,0.066174,245.881633
97,access-18,41.776383,18.699131,0.091195,250.129425
98,core-01,28.540647,5.076433,0.104354,34074.34392
98,core-02,24.037371,4.357552,0.064587,33742.858639
98,core-03,27.751836,4.020407,0.07922,33320.496655
98,aggregation-01,25.904097,9.216231,0.12119,6095.453394
98,access-01,27.334567,16.80218,0.059891,245.816447
98,access-02,31.773122,16.709362,0.097542,241.255303
98,access-03,33.85334,15.915212,0.067539,236.54211
98,aggregation-02,36.995943,7.571022,0.10025,5651.044374
98,access-04,39.858857,15.649367,0.082288,227.302676
98,access-05,41.217548,14.864578,0.074378,223.091755
98,access-06,40.592402,15.621549,0.090744,219.348661
98,aggregation-03,39.980809,8.086706,0.089753,5269.902752
98,access-07,40.079039,14.926375,0.10595,213.756603
98,access-08,37.044541,16.438381,0.056488,212.098481
98,access-09,36.232898,15.416004,0.066574,211.283361
98,aggregation-04,32.491588,7.788817,0.066759,5151.389564
98,access-10,29.801476,15.585539,0.066558,212.263676
98,access-11,27.268903,16.902974,0.070115,214.025656
98,access-12,24.200951,17.764493,0.088629,216.564867
98,aggregation-05,26.097139,8.77399,0.108106,5357.494659
98,access-13,25.758421,18.063382,0.080738,223.604788
98,access-14,28.047663,17.490731,0.074078,227.865244
98,access-15,33.700406,17.995193,0.042848,232.43062
98,aggregation-06,33.931003,10.735136,0.091795,5780.412114
98,access-16,36.388497,18.795326,0.097505,241.847827
98,access-17,38.822205,19.071593,0.054021,246.378272
98,access-18,41.822428,19.204614,0.1097,250.581834
99,core-01,26.197161,6.055494,0.108458,34041.94008
99,core-02,28.441797,4.843136,0.073831,33699.594425
99,core-03,25.346342,4.507816,0.087206,33267.848564
99,aggregation-01,25.075786,9.662535,0.065984,6084.266854
99,access-01,28.842701,17.231551,0.045794,245.315368
99,access-02,32.579034,15.888172,0.064771,240.729179
99,access-03,33.429566,15.68867,0.067791,236.008898
99,aggregation-02,37.228944,8.84527,0.095224,5638.318111
99,access-04,38.585196,14.778383,0.070503,226.8095
99,access-05,41.186414,14.968042,0.085037,222.644336
99,access-06,40.461258,16.245659,0.08609,218.96227
99,aggregation-03,40.545881,7.605283,0.060831,5262.293403
99,access-07,39.484049,15.631551,0.013838,213.529292
99,access-08,39.258235,14.364165,0.028423,211.963795
99,access-09,35.782874,16.365075,0.103915,211.245896
99,aggregation-04,32.926018,7.723671,0.098167,5152.877296
99,access-10,27.191814,16.407185,0.056921,212.421128
99,access-11,26.429669,17.046631,0.066331,214.274151
99,access-12,25.045847,17.382389,0.071297,216.895926
99,aggregation-05,25.431569,9.055052,0.083171,5367.301296
99,access-13,30.608944,18.131777,0.11255,224.064647
99,access-14,30.5858,17.985258,0.08877,228.366943
99,access-15,32.814548,18.387384,0.005258,232.957038
99,aggregation-06,34.138269,10.103562,0.099422,5793.408166
99,access-16,37.383929,18.161062,0.057947,242.369556
99,access-17,39.156455,19.790571,0.068344,246.870753
99,access-18,42.052075,19.243219,0.083166,251.028261
100,core-01,27.64269,4.514511,0.085665,34008.250723
100,core-02,24.320746,4.400364,0.111917,33655.193274
100,core-03,26.75086,5.303178,0.103692,33214.25092
100,aggregation-01,27.259678,8.676372,0.079698,6072.944785
100,access-01,30.926419,17.037913,0.082232,244.810593
100,access-02,31.770142,15.907126,0.078165,240.201351
100,access-03,35.270213,16.070191,0.100024,235.47603
100,aggregation-02,36.216807,8.261564,0.067245,5625.649868
100,access-04,40.533849,15.098225,0.051381,226.32066
100,access-05,41.979854,15.380578,0.086008,222.203061
100,access-06,41.880029,15.205228,0.042737,218.583619
100,aggregation-03,40.57507,7.808958,0.077364,5254.905273
100,access-07,37.88588,15.303644,0.095604,213.312081
100,access-08,38.36313,15.775605,0.085071,211.839888
100,access-09,33.665969,15.782044,0.098523,211.219522
100,aggregation-04,33.181666,7.32334,0.070924,5154.633736
100,access-10,28.438869,16.874818,0.048517,212.589161
100,access-11,28.21915,16.617987,0.140458,214.532423
100,access-12,24.361786,17.45567,0.076663,217.235623
100,aggregation-05,27.068645,9.644658,0.076324,5377.283577
100,access-13,27.270196,17.659954,0.084255,224.530032
100,access-14,27.425757,18.700714,0.10753,228.872301
100,access-15,32.193376,17.511123,0.041481,233.485123
100,aggregation-06,33.927634,10.966648,0.062292,5806.394928
100,access-16,36.572283,18.915686,0.124748,242.888868
100,access-17,38.497255,18.422497,0.087336,247.358864
100,access-18,42.420293,18.784431,0.095293,251.468513
101,core-01,25.197797,5.748422,0.080742,33973.29047
101,core-02,25.259765,4.968494,0.012427,33609.674459
101,core-03,26.947083,4.157135,0.090676,33159.726986
101,aggregation-01,26.576851,8.70655,0.089291,6061.492103
101,access-01,31.316814,16.438225,0.078223,244.302341
101,access-02,33.071071,15.648461,0.056554,239.672046
101,access-03,35.236459,16.844077,0.07143,234.943736
101,aggregation-02,37.903706,7.372805,0.061945,5613.045143
101,access-04,40.517229,15.660668,0.109328,225.836368
101,access-05,39.099608,15.403288,0.078078,221.768121
101,access-06,43.93041,14.120475,0.102801,218.212875
101,aggregation-03,43.273081,6.973045,0.092222,5247.741568
101,access-07,40.673866,15.34311,0.045889,213.105064
101,access-08,36.015251,15.615324,0.046792,211.726814
101,access-09,35.750793,15.570369,0.05333,211.20425
101,aggregation-04,31.132194,7.728997,0.084783,5156.65812
101,access-10,29.959124,16.058425,0.109899,212.767701
101,access-11,26.382112,17.260644,0.021582,214.80036
101,access-12,26.094709,17.067958,0.104792,217.583812
101,aggregation-05,26.200592,9.681914,0.091759,5387.437169
101,access-13,29.276792,18.569825,0.100237,225.000743
101,access-14,30.157155,18.498709,0.073982,229.381101
101,access-15,31.611243,18.596812,0.064629,234.014648
101,aggregation-06,33.624343,10.800364,0.077541,5819.366762
101,access-16,37.922604,18.570614,0.108077,243.405537
101,access-17,39.997295,18.696698,0.051415,247.842393
101,access-18,40.615791,18.50274,0.107545,251.902398
102,core-01,27.154608,5.398823,0.094236,33937.074494
102,core-02,26.626487,4.933125,0.058397,33563.057734
102,core-03,25.406778,3.899724,0.106708,33104.300425
102,aggregation-01,25.566729,8.976858,0.088587,6049.913778
102,access-01,30.085388,15.781962,0.071422,243.790833
102,access-02,33.173184,15.986568,0.055226,239.141495
102,access-03,35.536128,15.778267,0.055683,234.412248
102,aggregation-02,36.174253,8.07384,0.098102,5600.509406
102,access-04,37.630655,15.282774,0.079427,225.356834
102,access-05,41.459351,14.952457,0.072229,221.339706
102,access-06,41.814752,15.507795,0.072437,217.850199
102,aggregation-03,40.895913,7.209171,0.093914,5240.805398
102,access-07,39.196143,14.71621,0.016449,212.90833
102,access-08,36.795571,15.75647,0.033604,211.624622
102,access-09,34.970087,15.769593,0.070035,211.200087
102,aggregation-04,31.197695,8.756415,0.046626,5158.94957
102,access-10,29.194321,15.968396,0.06485,212.956672
102,access-11,28.700845,16.600881,0.108761,215.077845
102,access-12,23.740713,16.71402,0.077067,217.94034
102,aggregation-05,24.994738,9.659287,0.10683,5397.757667
102,access-13,29.086872,17.814497,0.06423,225.476574
102,access-14,28.949668,17.120973,0.106126,229.89312
102,access-15,32.308881,19.350588,0.097164,234.545381
102,aggregation-06,35.044743,10.508077,0.098538,5832.318037
102,access-16,38.074609,17.827485,0.088758,243.91934
102,access-17,40.472141,18.662405,0.053446,248.321128
102,access-18,39.980409,19.26338,0.05982,252.329729
103,core-01,28.758099,4.643831,0.161557,33899.618513
103,core-02,26.405232,5.586934,0.082363,33515.363333
103,core-03,27.022024,4.607082,0.058676,33047.995293
103,aggregation-01,27.589035,8.35435,0.096528,6038.214835
103,access-01,29.799425,16.478367,0.034932,243.276291
103,access-02,32.398169,15.795566,0.076785,238.609927
103,access-03,35.58405,15.499544,0.07576,233.881796
103,aggregation-02,36.441603,7.736752,0.038848,5588.048098
103,access-04,39.927663,15.113754,0.087141,224.882266
103,access-05,40.944961,15.06782,0.089912,220.918
103,access-06,42.308179,15.508889,0.115938,217.495746
103,aggregation-03,39.177061,7.080992,0.018516,5234.099772
103,access-07,40.854852,14.555891,0.070593,212.721966
103,access-08,35.872011,16.127363,0.078509,211.533357
103,access-09,33.231734,15.541384,0.06675,211.207035
103,aggregation-04,30.641377,7.781763,0.100955,5161.507091
103,access-10,29.660153,16.602967,0.089279,213.155992
103,access-11,28.003358,17.154165,0.119343,215.364757
103,access-12,26.091409,16.911688,0.097343,218.305054
103,aggregation-05,26.667085,10.184503,0.068958,5408.24059
103,access-13,26.668582,18.189368,0.080974,225.95732
103,access-14,30.1017,18.520303,0.037671,230.408137
103,access-15,33.602061,18.775093,0.067309,235.077093
103,aggregation-06,34.936413,10.883736,0.074737,5845.243135
103,access-16,37.290971,19.750936,0.08111,244.430052
103,access-17,39.711944,19.050181,0.065192,248.794864
103,access-18,40.685106,18.95063,0.073287,252.75032
104,core-01,26.298485,4.631659,0.093962,33860.938783
104,core-02,26.95155,4.922887,0.050533,33466.611954
104,core-03,25.968042,4.787786,0.117409,32990.836028
104,aggregation-01,26.311347,8.539907,0.082509,6026.400352
104,access-01,30.598489,15.949244,0.016879,242.758938
104,access-02,33.762494,15.856587,0.082661,238.077574
104,access-03,35.771699,15.765131,0.064148,233.352611
104,aggregation-02,39.771466,7.866263,0.050968,5575.666627
104,access-04,40.25738,15.337734,0.075245,224.412871
104,access-05,41.092627,15.693695,0.111885,220.503187
104,access-06,42.918405,15.288709,0.05702,217.149672
104,aggregation-03,40.788463,7.802239,0.062562,5227.627602
104,access-07,39.386653,15.228538,0.077453,212.546052
104,access-08,33.669564,16.029887,0.082904,211.453057
104,access-09,30.913647,15.116424,0.097337,211.22509
104,aggregation-04,32.340348,8.065541,0.066635,5164.329573
104,access-10,25.877106,16.996802,0.083957,213.365573
104,access-11,27.454034,16.378927,0.10213,215.660973
104,access-12,27.857451,17.404722,0.08692,218.677795
104,aggregation-05,24.483253,9.94282,0.054669,5418.881389
104,access-13,28.442893,17.637453,0.055991,226.442773
104,access-14,31.395749,18.296637,0.109101,230.925929
104,access-15,32.314875,19.433071,0.075149,235.609552
104,aggregation-06,36.06705,10.580779,0.071248,5858.136443
104,access-16,37.047879,18.946262,0.031749,244.937454
104,access-17,39.840481,18.586096,0.092272,249.263393
104,access-18,42.000978,18.057231,0.109571,253.163989
105,core-01,27.724854,4.695856,0.059485,33821.052093
105,core-02,27.630921,4.941435,0.107347,33416.824757
105,core-03,26.556242,5.400843,0.099846,32932.847437
105,aggregation-01,28.028701,9.04994,0.04105,6014.475455
105,access-01,31.865711,16.655523,0.119589,242.238999
105,access-02,33.923966,16.64882,0.053115,237.544667
105,access-03,35.838331,15.309769,0.086213,232.824921
105,aggregation-02,39.997736,7.443817,0.077018,5563.370367
105,access-04,41.501183,15.420068,0.090192,223.948853
105,access-05,41.129387,14.919799,0.104623,220.095447
105,access-06,43.498987,15.218005,0.073357,216.812126
105,aggregation-03,41.486417,7.159623,0.075597,5221.391696
105,access-07,39.258227,15.368128,0.075002,212.380665
105,access-08,35.410352,15.226663,0.107158,211.383759
105,access-09,32.127179,15.566428,0.044684,211.254246
105,aggregation-04,30.748674,8.189706,0.041035,5167.415792
105,access-10,27.756964,15.927876,0.037827,213.585325
105,access-11,27.441615,16.635202,0.058937,215.966363
105,access-12,25.971276,17.930551,0.070553,219.058401
105,aggregation-05,27.22449,10.387602,0.044724,5429.675446
105,access-13,28.453669,18.396453,0.056685,226.93272
105,access-14,30.553358,18.589271,0.092682,231.446269
105,access-15,34.348048,17.697905,0.072047,236.142528
105,aggregation-06,38.892736,11.460655,0.056009,5870.992368
105,access-16,40.505017,18.351155,0.03585,245.441323
105,access-17,40.771204,18.433634,0.060391,249.726514
105,access-18,42.155441,19.020333,0.097466,253.570555
106,core-01,25.007768,5.484894,0.133324,33779.975752
106,core-02,26.11877,5.218888,0.085226,33366.023349
106,core-03,26.709186,3.567357,0.06811,32874.054687
106,aggregation-01,29.3146,8.416224,0.107476,6002.445322
106,access-01,30.324708,16.63713,0.091131,241.716699
106,access-02,34.489687,16.786342,0.096742,237.011436
106,access-03,37.63651,15.756051,0.114455,232.298958
106,aggregation-02,38.261426,8.052589,0.047823,5551.164656
106,access-04,39.366893,15.170734,0.054979,223.490411
106,access-05,42.383971,15.303731,0.099448,219.694957
106,access-06,42.301882,16.355259,0.049844,216.483255
106,aggregation-03,40.645767,7.113999,0.067054,5215.394761
106,access-07,37.601632,15.881394,0.101333,212.225876
106,access-08,36.565135,16.14893,0.050169,211.325491
106,access-09,32.38193,15.680317,0.084574,211.294488
106,aggregation-04,30.265364,7.437623,0.028305,5170.764407
106,access-10,26.152675,16.918752,0.079879,213.815152
106,access-11,26.217734,16.533253,0.098829,216.280795
106,access-12,26.906103,16.600864,0.089047,219.446707
106,aggregation-05,27.956023,9.636943,0.06589,5440.618076
106,access-13,27.840064,17.841357,0.089168,227.426949
106,access-14,30.78277,18.698051,0.112729,231.968934
106,access-15,33.949427,19.245277,0.054072,236.67579
106,aggregation-06,35.478461,10.919005,0.071901,5883.805329
106,access-16,39.50245,18.822783,0.093005,245.941442
106,access-17,40.947989,18.211461,0.071466,250.184024
106,access-18,42.010598,18.453505,0.053127,253.969842
107,core-01,26.408404,5.040486,0.08418,33737.72759
107,core-02,26.207068,3.261484,0.121509,33314.22978
107,core-03,27.383691,4.382168,0.061349,32814.483296
107,aggregation-01,29.613506,9.074741,0.081697,5990.315172
107,access-01,31.194892,16.174741,0.064327,241.192265
107,access-02,35.369028,16.507354,0.064779,236.478114
107,access-03,36.973217,16.023574,0.050757,231.774947
107,aggregation-02,37.815716,7.921702,0.10514,5539.054789
107,access-04,40.492562,15.598691,0.078185,223.037747
107,access-05,40.924485,13.568922,0.110062,219.301891
107,access-06,42.026841,15.897033,0.076699,216.163202
107,aggregation-03,41.867715,7.342306,0.073038,5209.639399
107,access-07,37.312286,15.641066,0.061913,212.081752
107,access-08,37.704915,14.943644,0.115379,211.27828
107,access-09,35.568371,15.397879,0.072736,211.3458
107,aggregation-04,28.408709,8.822891,0.137008,5174.373966
107,access-10,28.438003,16.745119,0.070591,214.054955
107,access-11,26.472556,17.717824,0.058209,216.604133
107,access-12,25.740889,17.760568,0.04464,219.842545
107,aggregation-05,26.1265,10.393758,0.076592,5451.704529
107,access-13,30.751034,17.911452,0.112823,227.925247
107,access-14,32.893257,17.57886,0.048672,232.493695
107,access-15,33.545195,18.717094,0.058471,237.209105
107,aggregation-06,38.903956,10.412099,0.077122,5896.569764
107,access-16,38.588914,20.236109,0.106323,246.437593
107,access-17,40.360484,18.643679,0.036875,250.635725
107,access-18,43.01431,18.394097,0.064735,254.361678
108,core-01,25.678911,4.90237,0.099416,33694.325942
108,core-02,26.611662,4.174042,0.093343,33261.466528
108,core-03,26.759809,4.305497,0.048793,32754.159119
108,aggregation-01,29.911729,8.085389,0.090496,5978.090271
108,access-01,30.349171,15.605978,0.060364,240.665925
108,access-02,34.978339,15.98947,0.069951,235.944931
108,access-03,39.127647,15.916207,0.062029,231.253118
108,aggregation-02,38.847531,7.384239,0.079849,5527.046023
108,access-04,43.114166,15.623946,0.080109,222.591055
108,access-05,42.444065,14.977341,0.067435,218.91642
108,access-06,39.845929,14.911105,0.092613,215.852106
108,aggregation-03,40.014746,7.751314,0.078483,5204.128109
108,access-07,37.649511,15.29437,0.073169,211.948356
108,access-08,36.17185,15.911617,0.06992,211.242145
108,access-09,30.630834,15.824932,0.097608,211.40816
108,aggregation-04,28.438731,8.674872,0.045217,5178.242902
108,access-10,27.719442,16.191715,0.113224,214.30463
108,access-11,24.997198,17.103866,0.042957,216.936236
108,access-12,28.408859,17.807916,0.111806,220.245743
108,aggregation-05,25.347106,9.740955,0.043036,5462.929995
108,access-13,29.476938,18.418851,0.088365,228.427397
108,access-14,31.245584,19.178305,0.081873,233.020325
108,access-15,35.218793,18.373443,0.060747,237.742243
108,aggregation-06,39.676528,10.731233,0.059371,5909.280135
108,access-16,42.342167,18.696123,0.065653,246.929562
108,access-17,43.326891,18.942266,0.05654,251.081421
108,access-18,41.261797,18.555361,0.082287,254.745891
109,core-01,25.648725,4.242925,0.065512,33649.789644
109,core-02,25.307815,4.749726,0.069285,33207.756493
109,core-03,26.219791,4.376659,0.077518,32693.108336
109,aggregation-01,29.219159,7.893396,0.13273,5965.775925
109,access-01,31.024807,16.51226,0.11785,240.137908
109,access-02,34.582122,15.874404,0.072133,235.412119
109,access-03,36.89315,15.927189,0.123913,230.733696
109,aggregation-02,40.16075,6.621256,0.088258,5515.143571
109,access-04,43.04656,14.694706,0.046277,222.15053
109,access-05,43.126909,16.025108,0.080557,218.53871
109,access-06,41.699307,15.616365,0.08982,215.550101
109,aggregation-03,40.676266,7.322735,0.08619,5198.863281
109,access-07,37.908987,15.304935,0.070533,211.825746
109,access-08,34.733388,16.061186,0.123531,211.217103
109,access-09,32.189594,16.190167,0.046986,211.48154
109,aggregation-04,28.431377,8.268216,0.121077,5182.369536
109,access-10,27.313501,16.905575,0.101575,214.564068
109,access-11,26.468173,16.593696,0.084723,217.27696
109,access-12,26.742598,16.804019,0.081207,220.656125
109,aggregation-05,28.529622,9.653753,0.098882,5474.289601
109,access-13,27.715275,18.278415,0.111249,228.93318
109,access-14,31.627879,18.385469,0.098527,233.548595
109,access-15,34.192159,18.260878,0.104199,238.274972
109,aggregation-06,38.254146,10.179459,0.096185,5921.930925
109,access-16,40.338782,18.992941,0.116086,247.417134
109,access-17,40.830474,18.418095,0.102392,251.520919
109,access-18,42.624495,18.10798,0.082092,255.122316
110,core-01,25.656506,5.259962,0.054894,33604.138027
110,core-02,27.026737,4.948907,0.089198,33153.122987
110,core-03,27.810023,3.902503,0.108165,32631.357444
110,aggregation-01,29.619713,8.633841,0.097949,5953.377477
110,access-01,32.539241,15.833841,0.094488,239.608441
110,access-02,34.180873,15.548181,0.065277,234.87991
110,access-03,38.038002,15.643818,0.108158,230.216907
110,aggregation-02,40.577944,7.491693,0.064947,5503.352597
110,access-04,42.721084,16.299088,0.102384,221.716363
110,access-05,43.952207,14.884488,0.078853,218.168925
110,access-06,41.038422,15.276102,0.084986,215.257319
110,aggregation-03,38.038642,7.416691,0.080832,5193.847202
110,access-07,37.448797,15.675122,0.11172,211.713976
110,access-08,35.683389,15.454408,0.095422,211.203164
110,access-09,31.461629,15.98806,0.095427,211.565908
110,aggregation-04,28.954595,8.194733,0.048102,5186.752076
110,access-10,27.039983,17.041544,0.092632,214.833156
110,access-11,25.085374,16.740373,0.052379,217.626158
110,access-12,26.82636,16.32334,0.077626,221.073514
110,aggregation-05,27.494498,9.433979,0.080397,5485.778416
110,access-13,29.29948,18.064026,0.07116,229.442378
110,access-14,31.830516,18.430734,0.110533,234.078277
110,access-15,36.050591,18.767263,0.050269,238.807061
110,aggregation-06,37.765649,11.439012,0.135938,5934.516643
110,access-16,39.78396,18.727778,0.146353,247.900098
110,access-17,39.971104,18.268456,0.102123,251.954028
110,access-18,41.064539,18.698835,0.110748,255.490789
111,core-01,25.13775,4.625202,0.108283,33557.390904
111,core-02,25.996244,3.703445,0.104388,33097.58972
111,core-03,30.286445,3.958462,0.10952,32568.933245
111,aggregation-01,29.766831,8.823696,0.120254,5940.900309
111,access-01,31.675635,15.762375,0.049938,239.077756
111,access-02,34.766827,15.370754,0.067289,234.348534
111,access-03,41.064798,15.915753,0.103506,229.702975
111,aggregation-02,41.594867,6.671766,0.099963,5491.67822
111,access-04,41.932408,15.162841,0.04962,221.288743
111,access-05,40.638842,15.473317,0.092712,217.807227
111,access-06,41.665138,14.842596,0.093652,214.973887
111,aggregation-03,40.266924,7.297068,0.124009,5189.082049
111,access-07,37.932342,15.66759,0.082552,211.613093
111,access-08,31.816327,16.121262,0.074029,211.200334
111,access-09,29.325244,16.301798,0.124169,211.661228
111,aggregation-04,28.518608,8.388747,0.075858,5191.388621
111,access-10,26.470633,15.781735,0.051102,215.111779
111,access-11,26.738248,16.946052,0.10493,217.983677
111,access-12,24.634583,16.729654,0.130585,221.497728
111,aggregation-05,25.886543,9.790602,0.027907,5497.391456
111,access-13,31.207638,18.21253,0.096124,229.954769
111,access-14,31.304635,18.142558,0.109979,234.609139
111,access-15,34.000037,18.071977,0.04635,239.338279
111,aggregation-06,40.619909,11.035517,0.082424,5947.031827
111,access-16,38.196537,18.622529,0.064337,248.378245
111,access-17,42.570509,19.612577,0.100085,252.38056
111,access-18,42.704303,18.247541,0.084775,255.85115
112,core-01,26.069449,4.840278,0.081428,33509.568563
112,core-02,25.984027,4.218122,0.071833,33041.180794
112,core-03,25.441046,4.78776,0.038067,32505.862831
112,aggregation-01,29.189046,8.253674,0.097959,5928.349837
112,access-01,31.227113,16.078675,0.068614,238.546082
112,access-02,35.759324,16.08079,0.097369,233.818222
112,access-03,38.110642,15.574069,0.097324,229.192123
112,aggregation-02,40.927932,6.536114,0.056432,5480.125505
112,access-04,40.53396,16.015447,0.080038,220.867855
112,access-05,42.14335,14.484749,0.069466,217.453772
112,access-06,40.96853,14.881848,0.114854,214.699927
112,aggregation-03,37.982292,7.611253,0.044748,5184.569888
112,access-07,32.13496,14.835091,0.092052,211.523141
112,access-08,33.770064,15.943866,0.081181,211.208615
112,access-09,30.00627,15.228662,0.070714,211.767459
112,aggregation-04,27.194931,8.745602,0.121756,5196.277159
112,access-10,26.767779,16.679976,0.082151,215.399814
112,access-11,25.975912,16.961849,0.064533,218.349362
112,access-12,28.625285,17.337434,0.115274,221.928584
112,aggregation-05,28.811439,9.067266,0.076033,5509.123678
112,access-13,28.802681,18.453581,0.033235,230.47013
112,access-14,30.40514,18.60446,0.067758,235.140953
112,access-15,36.529407,18.757508,0.076796,239.868395
112,aggregation-06,38.465621,10.701515,0.106983,5959.471045
112,access-16,39.794716,18.849596,0.054881,248.851366
112,access-17,42.90788,18.915246,0.090805,252.80033
112,access-18,42.543309,18.186355,0.075222,256.203242
113,core-01,25.061003,5.687363,0.075268,33460.691759
113,core-02,23.870367,3.166961,0.069412,32983.920693
113,core-03,27.893017,3.35678,0.081482,32442.173575
113,aggregation-01,30.919674,8.143813,0.056192,5915.731506
113,access-01,32.426596,16.093504,0.079938,238.01365
113,access-02,37.877567,15.852602,0.070292,233.289204
113,access-03,36.778801,16.117328,0.111038,228.684573
113,aggregation-02,40.445193,6.976003,0.095124,5468.699468
113,access-04,42.225266,15.375652,0.044222,220.453881
113,access-05,41.088958,15.021744,0.061072,217.108713
113,access-06,38.675226,15.280881,0.100038,214.43556
113,aggregation-03,37.508806,7.647727,0.085569,5180.31268
113,access-07,35.485378,15.888158,0.040018,211.44416
113,access-08,33.401002,15.0019,0.144709,211.228003
113,access-09,30.290874,16.050497,0.079595,211.884555
113,aggregation-04,28.289098,8.182648,0.080527,5201.415567
113,access-10,26.899881,16.63732,0.07282,215.697138
113,access-11,25.514014,17.001206,0.074618,218.723056
113,access-12,24.749025,18.534679,0.051765,222.365894
113,aggregation-05,27.353906,10.608295,0.077643,5520.969993
113,access-13,29.095709,18.762554,0.037513,230.988239
113,access-14,32.566265,18.178195,0.089526,235.673487
113,access-15,35.169008,18.21455,0.159362,240.397179
113,aggregation-06,38.528576,11.518145,0.092378,5971.828898
113,access-16,40.163586,18.81145,0.105102,249.319257
113,access-17,44.640592,18.657379,0.028346,253.213155
113,access-18,43.260102,18.443543,0.081705,256.546913
114,core-01,26.275211,4.882258,0.086857,33410.781707
114,core-02,28.083701,4.60288,0.06832,32925.834266
114,core-03,28.346005,3.178642,0.100454,32377.893119
114,aggregation-01,30.904152,8.406117,0.092163,5903.050795
114,access-01,32.752586,15.768024,0.085533,237.480692
114,access-02,38.713318,16.098279,0.063731,232.76171
114,access-03,39.48936,15.649616,0.091347,228.180545
114,aggregation-02,41.884695,7.430087,0.048573,5457.405066
114,access-04,43.491661,15.589748,0.101539,220.047002
114,access-05,40.530659,16.30736,0.092197,216.772201
114,access-06,39.576705,15.068364,0.06785,214.180898
114,aggregation-03,37.662423,7.02038,0.102988,5176.31227
114,access-07,34.970469,15.164583,0.097898,211.376184
114,access-08,33.488816,17.104122,0.079036,211.25849
114,access-09,29.096466,15.882406,0.087135,212.012464
114,aggregation-04,27.798908,8.524327,0.080615,5206.801616
114,access-10,27.16074,16.380141,0.091547,216.00362
114,access-11,26.06456,17.880162,0.097928,219.104595
114,access-12,25.601882,17.971736,0.065239,222.809469
114,aggregation-05,26.797924,9.953149,0.096683,5532.925257
114,access-13,32.688869,19.140438,0.088304,231.508871
114,access-14,34.098955,18.772651,0.082826,236.206509
114,access-15,37.802974,18.387495,0.073121,240.924402
114,aggregation-06,38.302064,11.082507,0.033035,5984.100023
114,access-16,41.152146,18.425591,0.106561,249.781715
114,access-17,41.694141,19.044021,0.047415,253.618857
114,access-18,39.150616,18.737045,0.06632,256.882013
115,core-01,25.906233,4.775622,0.110259,33359.860068
115,core-02,28.756395,4.342538,0.060836,32866.946726
115,core-03,27.754041,3.096303,0.08983,32313.049362
115,aggregation-01,32.772411,8.510207,0.082101,5890.313206
115,access-01,34.018929,16.03615,0.085408,236.947438
115,access-02,37.125219,16.436257,0.08445,232.235969
115,access-03,37.991967,15.051688,0.077,227.680259
115,aggregation-02,40.432718,7.324462,0.04656,5446.247203
115,access-04,43.644669,15.397898,0.076088,219.647394
115,access-05,40.672178,13.999299,0.03762,216.444381
115,access-06,41.536948,15.245792,0.059956,213.936054
115,aggregation-03,39.442115,7.337814,0.079492,5172.570397
115,access-07,34.653969,15.139075,0.068276,211.319242
115,access-08,32.944627,15.986373,0.055867,211.300062
115,access-09,28.823825,15.856132,0.084969,212.151131
115,aggregation-04,28.555283,8.676168,0.088539,5212.432967
115,access-10,24.60941,16.286389,0.065108,216.319128
115,access-11,26.886672,16.915007,0.066835,219.493814
115,access-12,27.937904,17.72691,0.092174,223.259116
115,aggregation-05,28.426031,10.298302,0.058467,5544.984283
115,access-13,30.54566,18.551587,0.023457,232.031799
115,access-14,33.895019,18.431755,0.119646,236.73979
115,access-15,37.229875,19.011156,0.093327,241.449835
115,aggregation-06,38.687527,10.68388,0.076115,5996.279094
115,access-16,40.131031,18.852105,0.096924,250.238538
115,access-17,42.658857,18.601174,0.07734,254.017259
115,access-18,42.576476,18.869151,0.087332,257.208398
116,core-01,24.0988,4.346029,0.1244,33307.948941
116,core-02,26.975341,4.522121,0.047407,32807.283629
116,core-03,27.888513,2.913456,0.097739,32247.670446
116,aggregation-01,31.499256,8.389926,0.071645,5877.524267
116,access-01,33.35783,16.091957,0.081762,236.41412
116,access-02,37.944077,15.896742,0.078132,231.712208
116,access-03,40.464413,15.449764,0.066481,227.18393
116,aggregation-02,41.931719,7.840677,0.07632,5435.23072
116,access-04,43.769518,15.241621,0.008881,219.25523
116,access-05,42.687423,15.51666,0.064094,216.125395
116,access-06,39.741741,15.609489,0.093897,213.701133
116,aggregation-03,36.739167,7.474005,0.043412,5169.088683
116,access-07,35.129018,15.381839,0.086084,211.273358
116,access-08,30.732702,15.469737,0.059813,211.352701
116,access-09,28.625059,16.013752,0.06588,212.300495
116,aggregation-04,26.103355,9.072311,0.108316,5218.307178
116,access-10,24.473391,16.746869,0.082474,216.643525
116,access-11,25.920202,18.182782,0.083692,219.890544
116,access-12,26.992794,18.178301,0.092105,223.71464
116,aggregation-05,29.778035,9.209664,0.094602,5557.141836
116,access-13,30.770335,18.926743,0.088206,232.556796
116,access-14,36.818569,18.467381,0.053626,237.273096
116,access-15,38.321987,18.775108,0.081372,241.97325
116,aggregation-06,38.748546,10.396881,0.05633,6008.360825
116,access-16,40.643922,18.793107,0.121602,250.689529
116,access-17,40.924848,18.693024,0.061134,254.408189
116,access-18,41.707561,19.347487,0.097867,257.525926
117,core-01,25.837641,4.874559,0.098572,33255.070858
117,core-02,27.077239,4.594373,0.086953,32746.87087
117,core-03,28.69329,3.393376,0.066907,32181.784748
117,aggregation-01,30.57721,9.16476,0.105734,5864.68953
117,access-01,35.145387,15.852634,0.092373,235.880969
117,access-02,36.157348,15.699165,0.092702,231.190656
117,access-03,41.174956,15.722721,0.096611,226.691775
117,aggregation-02,40.635927,7.034721,0.079397,5424.360399
117,access-04,42.985843,14.846645,0.093113,218.870681
117,access-05,41.889559,15.46432,0.062705,215.815383
117,access-06,40.699086,15.293336,0.087523,213.476237
117,aggregation-03,36.812522,8.31973,0.049398,5165.86864
117,access-07,36.039982,15.791555,0.065344,211.238554
117,access-08,33.865423,15.844612,0.082457,211.416384
117,access-09,26.820978,16.786708,0.110596,212.460493
117,aggregation-04,27.528812,8.625941,0.047612,5224.421698
117,access-10,25.103725,16.695772,0.087387,216.976671
117,access-11,25.603421,16.840797,0.084541,220.294613
117,access-12,26.44613,18.051071,0.076724,224.175843
117,aggregation-05,29.197524,10.483136,0.108649,5569.39264
117,access-13,31.302103,17.783913,0.081137,233.083635
117,access-14,34.955006,18.661641,0.089793,237.806197
117,access-15,37.764406,19.006261,0.072271,242.49442
117,aggregation-06,40.571047,10.399147,0.031872,6020.339972
117,access-16,40.10097,18.369664,0.042867,251.134492
117,access-17,41.420922,19.47164,0.062158,254.791477
117,access-18,40.385277,19.033149,0.064066,257.834458
118,core-01,26.290907,4.672804,0.058632,33201.248768
118,core-02,27.010308,3.518947,0.079125,32685.734669
118,core-03,30.986068,3.060334,0.093989,32115.420862
118,aggregation-01,32.76246,8.375366,0.087395,5851.814564
118,access-01,34.281563,16.770849,0.102272,235.348218
118,access-02,37.386916,15.71259,0.064912,230.671538
118,access-03,40.733552,15.624941,0.130526,226.204007
118,aggregation-02,42.224203,6.815338,0.072715,5413.640958
118,access-04,41.946278,15.35145,0.061158,218.493914
118,access-05,41.308655,15.291151,0.097441,215.514478
118,access-06,39.784038,15.686428,0.076279,213.261464
118,aggregation-03,37.661652,8.025825,0.058422,5162.911666
118,access-07,34.017094,15.324621,0.056705,211.214844
118,access-08,29.638091,15.518033,0.084422,211.491084
118,access-09,29.311913,17.251204,0.046393,212.631055
118,aggregation-04,27.086266,9.319768,0.068841,5230.773873
118,access-10,26.370254,17.562391,0.058435,217.318419
118,access-11,26.319958,17.928972,0.078195,220.705845
118,access-12,25.2188,18.26117,0.044214,224.642524
118,aggregation-05,28.361866,10.519341,0.107282,5581.731378
118,access-13,31.546729,17.97512,0.096606,233.612087
118,access-14,35.120949,19.150516,0.109517,238.338861
118,access-15,36.179234,18.966738,0.103741,243.013118
118,aggregation-06,39.887279,11.366591,0.013029,6032.211338
118,access-16,40.321632,18.907928,0.042599,251.573233
118,access-17,44.548378,19.296943,0.102854,255.166956
118,access-18,42.876689,18.728041,0.10819,258.13386
119,core-01,28.038793,4.709425,0.067594,33146.50603
119,core-02,26.69877,4.284439,0.038764,32623.90156
119,core-03,29.022234,3.906584,0.058637,32048.60759
119,aggregation-01,31.372362,7.906013,0.107249,5838.904958
119,access-01,34.083336,15.271233,0.035247,234.816096
119,access-02,39.588221,16.024211,0.083707,230.15508
119,access-03,38.740231,15.756329,0.088638,225.720838
119,aggregation-02,42.918926,7.409135,0.09796,5403.077049
119,access-04,42.736879,16.191727,0.083746,218.125091
119,access-05,42.676678,15.336728,0.073969,215.222811
119,access-06,39.328463,16.323301,0.100189,213.056906
119,aggregation-03,37.225175,7.947158,0.059738,5160.219043
119,access-07,34.641359,15.062002,0.030193,211.202238
119,access-08,31.468173,16.12006,0.133247,211.576769
119,access-09,27.467419,16.029149,0.103203,212.812106
119,aggregation-04,28.478071,8.909961,0.081971,5237.360947
119,access-10,25.907544,17.248686,0.059798,217.668624
119,access-11,24.623927,16.878633,0.033426,221.124063
119,access-12,25.568289,17.683623,0.065001,225.114483
119,aggregation-05,27.265372,10.642021,0.086631,5594.152696
119,access-13,32.796171,18.883405,0.079629,234.141922
119,access-14,36.475022,19.004012,0.097816,238.870858
119,access-15,39.970183,18.880463,0.023983,243.52912
119,aggregation-06,39.303242,10.904128,0.074603,6043.969768
119,access-16,41.005638,18.768214,0.111727,252.005563
119,access-17,42.602935,18.240438,0.083258,255.534464
119,access-18,40.5446,17.412814,0.082158,258.424004
120,core-01,24.790404,4.440113,0.08717,33090.866404
120,core-02,28.328334,4.12745,0.098265,32561.398378
120,core-03,31.699907,4.445261,0.118825,31981.373931
120,aggregation-01,30.611176,7.797465,0.025031,5825.966314
120,access-01,36.178365,15.891607,0.085847,234.284836
120,access-02,39.264327,15.739503,0.07334,229.641506
120,access-03,40.731519,15.346882,0.127063,225.242477
120,aggregation-02,43.498286,6.67721,0.106956,5392.673258
120,access-04,44.289311,14.972939,0.112106,217.764374
120,access-05,41.257886,15.244341,0.069028,214.940509
120,access-06,37.768458,15.295062,0.105398,212.862654
120,aggregation-03,36.013429,8.160307,0.070518,5157.79194
120,access-07,32.48002,16.327823,0.137754,211.200741
120,access-08,30.436487,15.97394,0.095377,211.673401
120,access-09,27.082645,16.182304,0.087248,213.003568
120,aggregation-04,25.865484,9.369159,0.082077,5244.180061
120,access-10,27.151329,17.745332,0.110641,218.027131
120,access-11,25.876492,18.001624,0.066849,221.549084
120,access-12,27.261325,18.346774,0.083927,225.591513
120,aggregation-05,30.358036,10.248732,0.085538,5606.651201
120,access-13,32.400294,18.952037,0.057714,234.672911
120,access-14,36.818862,18.904338,0.065144,239.401955
120,access-15,38.509824,18.900559,0.0,244.042201
120,aggregation-06,41.646905,10.839193,0.079348,6055.61016
120,access-16,39.611544,19.380317,0.045879,252.431293
120,access-17,41.665154,18.351574,0.079703,255.89384
120,access-18,40.291921,18.029552,0.052483,258.704763
121,core-01,26.720401,4.035492,0.07138,33034.354038
121,core-02,27.459038,3.39972,0.068933,32498.252252
121,core-03,30.429143,3.196618,0.081356,31913.749065
121,aggregation-01,32.39888,9.116705,0.086199,5813.004249
121,access-01,34.315841,16.512984,0.120888,233.754667
121,access-02,38.224138,16.139093,0.078817,229.131038
121,access-03,39.488091,14.90699,0.052432,224.769132
121,aggregation-02,41.982431,7.376684,0.065381,5382.434098
121,access-04,41.114045,15.187826,0.069307,217.411918
121,access-05,41.825077,14.516648,0.062255,214.667694
121,access-06,38.472298,15.93287,0.131367,212.678791
121,aggregation-03,37.677821,7.736895,0.063712,5155.631411
121,access-07,33.213959,15.565603,0.128129,211.210356
121,access-08,30.602387,15.916628,0.09603,211.780938
121,access-09,26.53393,16.72684,0.068124,213.205359
121,aggregation-04,25.171596,9.261722,0.073097,5251.228255
121,access-10,25.267456,16.736987,0.055039,218.393786
121,access-11,26.972178,18.056063,0.085017,221.980724
121,access-12,29.838726,17.324995,0.086414,226.073408
121,aggregation-05,31.261127,10.560701,0.129317,5619.221469
121,access-13,31.944956,18.980854,0.037981,235.204824
121,access-14,34.640415,19.166937,0.061924,239.931924
121,access-15,38.741278,18.846471,0.076301,244.552139
121,aggregation-06,39.003445,10.404694,0.106593,6067.127462
121,access-16,42.429172,17.7057,0.074195,252.850239
121,access-17,42.885912,18.59251,0.096967,256.24493
121,access-18,42.031775,18.887204,0.062173,258.976014
122,core-01,24.80381,4.539667,0.056563,32976.993458
122,core-02,29.662567,2.918886,0.128133,32434.490588
122,core-03,31.013056,3.343725,0.114568,31845.762342
122,aggregation-01,35.455847,7.942552,0.14818,5800.024386
122,access-01,36.820431,16.130919,0.119372,233.22582
122,access-02,39.277396,15.616675,0.097644,228.6239
122,access-03,41.150925,15.349246,0.081141,224.301009
122,aggregation-02,43.747312,5.767669,0.06276,5372.364015
122,access-04,42.738459,15.415206,0.062986,217.067878
122,access-05,40.559153,14.598379,0.055893,214.404485
122,access-06,37.927177,15.381772,0.070139,212.505396
122,aggregation-03,36.660818,7.33123,0.08572,5153.738394
122,access-07,33.150036,15.561092,0.045491,211.231076
122,access-08,30.637328,16.107596,0.090001,211.899334
122,access-09,27.716545,17.041865,0.08664,213.417389
122,aggregation-04,25.741164,9.10983,0.099059,5258.50247
122,access-10,25.623994,17.578629,0.058506,218.768429
122,access-11,27.312413,18.309892,0.09074,222.418796
122,access-12,28.121882,18.110625,0.110578,226.559958
122,aggregation-05,31.781916,10.181719,0.109991,5631.858045
122,access-13,32.966862,19.235699,0.067604,235.737428
122,access-14,37.424047,19.247846,0.047038,240.460533
122,access-15,39.424108,18.639501,0.03976,245.058713
122,aggregation-06,40.244953,11.204686,0.073038,6078.516675
122,access-16,42.594656,18.412618,0.092729,253.262219
122,access-17,43.454528,18.227544,0.064178,256.58758
122,access-18,41.566741,18.490464,0.085891,259.237641
123,core-01,25.538344,3.427092,0.102408,32918.80956
123,core-02,28.642919,4.041305,0.115394,32370.141058
123,core-03,28.729355,2.976942,0.099442,31777.443268
123,aggregation-01,32.167983,8.077214,0.083425,5787.032361
123,access-01,37.308924,16.388605,0.072058,232.698524
123,access-02,39.222524,15.610535,0.119868,228.120309
123,access-03,40.963502,15.259003,0.090083,223.83831
123,aggregation-02,41.798003,7.094968,0.099852,5362.467379
123,access-04,42.913244,15.131687,0.089786,216.732401
123,access-05,39.08038,15.445289,0.094686,214.150996
123,access-06,38.325865,15.371819,0.086763,212.342546
123,aggregation-03,35.358803,7.118186,0.116249,5152.113709
123,access-07,32.863479,15.014613,0.048229,211.262893
123,access-08,29.992715,15.763969,0.067085,212.028537
123,access-09,27.075212,17.476839,0.097131,213.639568
123,aggregation-04,26.745461,8.884582,0.070319,5265.99955
123,access-10,27.773797,17.666005,0.10397,219.150899
123,access-11,26.165219,17.179635,0.129364,222.86311
123,access-12,30.263218,17.546615,0.120704,227.050952
123,aggregation-05,30.908983,9.270994,0.080735,5644.555445
123,access-13,34.544539,18.684747,0.129257,236.270494
123,access-14,37.481046,18.252822,0.09603,240.987553
123,access-15,39.689299,19.043724,0.074186,245.561702
123,aggregation-06,42.590809,11.153855,0.068162,6089.772856
123,access-16,41.80887,18.461568,0.072561,253.667054
123,access-17,42.279281,18.188268,0.082054,256.921643
123,access-18,39.885767,18.088836,0.074259,259.48953
124,core-01,25.916688,3.089729,0.06972,32859.827596
124,core-02,29.497252,3.643313,0.060426,32305.231591
124,core-03,30.789942,3.403422,0.085052,31708.821496
124,aggregation-01,33.293165,7.198453,0.041383,5774.033812
124,access-01,36.557576,15.301278,0.039497,232.173008
124,access-02,41.659163,15.404063,0.088378,227.620486
124,access-03,40.811995,15.024015,0.108408,223.381238
124,aggregation-02,40.805484,7.778156,0.100727,5352.748484
124,access-04,41.853195,15.26266,0.111857,216.405633
124,access-05,40.305722,14.402078,0.112847,213.907337
124,access-06,40.538736,15.817716,0.100998,212.190311
124,aggregation-03,34.165889,8.031639,0.067833,5150.758063
124,access-07,38.842382,32.938238,0.906542,196.514389
124,access-08,31.428767,16.61031,0.07111,212.168491
124,access-09,27.127224,16.360835,0.042495,213.871799
124,aggregation-04,27.590469,9.03956,0.066564,5273.71624
124,access-10,26.62122,17.239381,0.052381,219.541028
124,access-11,26.034313,17.127107,0.047284,223.313472
124,access-12,27.031813,17.549126,0.111372,227.546178
124,aggregation-05,31.489628,10.705038,0.079093,5657.308157
124,access-13,36.26269,18.803186,0.10233,236.803789
124,access-14,37.415424,18.65918,0.060076,241.512756
124,access-15,40.633749,19.287728,0.086057,246.060888
124,aggregation-06,41.379114,11.876101,0.109219,6100.89112
124,access-16,42.330713,18.746266,0.107187,254.064569
124,access-17,42.779192,17.952603,0.13025,257.246972
124,access-18,37.644695,17.625601,0.087152,259.731571
125,core-01,27.037303,3.641175,0.067347,32800.073166
125,core-02,25.542908,3.59896,0.108879,32239.790359
125,core-03,30.650327,3.233088,0.121841,31639.926808
125,aggregation-01,35.047326,8.487183,0.06501,5761.03438
125,access-01,37.924187,15.419644,0.047225,231.649501
125,access-02,38.199997,14.800179,0.078947,227.124647
125,access-03,40.436151,15.835307,0.071542,222.929989
125,aggregation-02,40.092688,7.648845,0.082753,5343.21155
125,access-04,40.888843,14.940692,0.073115,216.087717
125,access-05,40.487135,14.265882,0.068429,213.673614
125,access-06,38.854617,14.818652,0.056223,212.048756
125,aggregation-03,36.145356,7.299569,0.079785,5149.672043
125,access-07,47.141361,50.545665,1.675796,181.769394
125,access-08,30.077175,16.493707,0.056889,212.319135
125,access-09,27.208424,16.124747,0.077098,214.113981
125,aggregation-04,27.204194,8.84181,0.07097,5281.649191
125,access-10,27.144299,17.378282,0.036937,219.938648
125,access-11,28.07465,18.836698,0.057993,223.769688
125,access-12,26.76156,18.02307,0.081334,228.04542
125,aggregation-05,30.439731,10.386777,0.089145,5670.110646
125,access-13,34.300972,18.142988,0.070772,237.337083
125,access-14,36.68658,18.504999,0.113089,242.035914
125,access-15,37.808925,18.577771,0.054592,246.556055
125,aggregation-06,42.910658,10.404729,0.058737,6111.866641
125,access-16,42.854573,19.068605,0.060276,254.45459
125,access-17,42.017619,18.254783,0.07284,257.563427
125,access-18,40.542828,18.931417,0.081126,259.96366
126,core-01,25.577654,4.418973,0.102113,32739.572203
126,core-02,29.487738,3.702051,0.059719,32173.845764
126,core-03,31.116549,3.128427,0.134343,31570.789105
126,aggregation-01,35.927496,8.57626,0.079682,5748.039708
126,access-01,36.752207,15.684574,0.098309,231.128229
126,access-02,39.846567,15.417386,0.080908,226.633007
126,access-03,40.315937,15.132893,0.062106,222.484759
126,aggregation-02,41.321943,7.011436,0.09779,5333.860716
126,access-04,42.136329,15.578055,0.045466,215.778791
126,access-05,39.889516,15.432992,0.126503,213.449928
126,access-06,36.218643,15.08565,0.078114,211.917944
126,aggregation-03,34.585249,8.101531,0.104395,5148.856121
126,access-07,54.579239,68.771626,2.510074,167.025566
126,access-08,29.390389,16.940859,0.076558,212.480404
126,access-09,26.367504,16.373041,0.095187,214.366009
126,aggregation-04,25.760386,9.365469,0.071876,5289.79496
126,access-10,26.165226,16.748397,0.07546,220.343586
126,access-11,26.20307,17.711697,0.079742,224.231559
126,access-12,29.494873,17.756349,0.087542,228.548462
126,aggregation-05,33.494074,10.320468,0.062179,5682.957357
126,access-13,33.227201,18.465057,0.117574,237.870144
126,access-14,38.897815,18.767209,0.075721,242.556799
126,access-15,37.7509,19.547769,0.061149,247.046988
126,aggregation-06,41.741066,10.744623,0.057225,6122.694656
126,access-16,41.294483,18.584173,0.093434,254.83695
126,access-17,41.551203,18.126533,0.085227,257.870871
126,access-18,41.124545,18.55628,0.091288,260.185695
127,core-01,26.676557,4.278105,0.066547,32678.350966
127,core-02,27.920046,3.947695,0.073902,32107.426427
127,core-03,32.69304,3.27316,0.05198,31501.438393
127,aggregation-01,36.057293,8.441226,0.108794,5735.055434
127,access-01,38.993574,15.739418,0.080957,230.609418
127,access-02,40.473118,14.517463,0.058893,226.14578
127,access-03,43.321496,14.815279,0.092464,222.045743
127,aggregation-02,41.103357,8.173221,0.053815,5324.700039
127,access-04,42.15918,15.275026,0.065159,215.478988
127,access-05,41.509086,15.108559,0.047269,213.236375
127,access-06,37.351315,15.405439,0.12397,211.797931
127,aggregation-03,33.417644,7.790151,0.128343,5148.310651
127,access-07,59.393923,87.126231,3.264776,152.280567
127,access-08,28.38523,15.692681,0.091651,212.652229
127,access-09,25.565802,17.120575,0.059977,214.627773
127,aggregation-04,27.98065,9.441246,0.064471,5298.150012
127,access-10,25.247894,18.103378,0.106925,220.755666
127,access-11,29.225318,17.872013,0.06037,224.698885
127,access-12,29.940144,17.850532,0.071445,229.055084
127,aggregation-05,33.033597,9.681655,0.084674,5695.842713
127,access-13,33.95824,18.158355,0.092478,238.402741
127,access-14,39.81591,18.876146,0.064719,243.075185
127,access-15,41.065637,18.361255,0.109494,247.533473
127,aggregation-06,42.031087,10.197427,0.060624,6133.370465
127,access-16,43.323425,17.898724,0.098634,255.211481
127,access-17,41.211007,18.830007,0.061445,258.169169
127,access-18,39.793011,18.41483,0.103157,260.397581
128,core-01,27.064389,3.882539,0.066795,32616.436025
128,core-02,28.760398,3.452784,0.072871,32040.561174
128,core-03,31.76837,3.417099,0.10375,31431.904772
128,aggregation-01,34.36018,8.309497,0.085336,5722.087195
128,access-01,38.922878,14.830848,0.096663,230.093294
128,access-02,38.385043,15.111322,0.093019,225.663176
128,access-03,42.091206,14.270578,0.047112,221.61313
128,aggregation-02,42.080249,7.637326,0.086163,5315.733496
128,access-04,42.084384,15.323523,0.118946,215.188438
128,access-05,40.98201,15.202716,0.079323,213.03305
128,access-06,37.936608,14.783025,0.080374,211.688769
128,aggregation-03,34.179917,7.135117,0.081506,5148.03587
128,access-07,65.288538,103.700469,4.068971,137.532062
128,access-08,28.849837,16.142672,0.061828,212.834534
128,access-09,27.12409,17.116964,0.080723,214.899161
128,aggregation-04,24.69718,9.535324,0.091089,5306.71072
128,access-10,27.328508,17.476458,0.103287,221.17471
128,access-11,27.871948,17.624994,0.101614,225.171463
128,access-12,28.563932,18.695747,0.088144,229.565069
128,aggregation-05,33.510177,10.565105,0.084252,5708.761123
128,access-13,36.038222,19.102263,0.033294,238.934641
128,access-14,37.267929,18.797553,0.056897,243.590848
128,access-15,41.800217,19.895824,0.06955,248.0153
128,aggregation-06,41.124092,10.32905,0.094121,6143.889435
128,access-16,41.125311,17.895545,0.047566,255.578021
128,access-17,41.401283,18.238288,0.032878,258.458193
128,access-18,40.05173,18.292453,0.047943,260.599225
129,core-01,28.246533,4.239069,0.047615,32553.854253
129,core-02,29.060168,3.284672,0.11988,31973.279026
129,core-03,32.383589,3.105557,0.070754,31362.21842
129,aggregation-01,35.692806,7.472304,0.090425,5709.140618
129,access-01,38.555327,15.446981,0.077215,229.580081
129,access-02,40.409249,15.084148,0.087778,225.185406
129,access-03,42.039339,15.309103,0.107401,221.187109
129,aggregation-02,42.74748,7.078727,0.066385,5306.964978
129,access-04,42.258042,14.7012,0.112062,214.907268
129,access-05,38.383072,14.843081,0.027461,212.84004
129,access-06,36.143157,15.961502,0.085866,211.590506
129,aggregation-03,33.89759,7.743008,0.036898,5148.031896
129,access-07,73.775633,120.845583,4.883663,122.777724
129,access-08,27.718862,15.670669,0.063672,213.02724
129,access-09,24.252715,16.802878,0.105033,215.180054
129,aggregation-04,27.523771,9.380059,0.093969,5315.47337
129,access-10,24.603086,17.758474,0.115422,221.600535
129,access-11,27.134447,17.563662,0.08042,225.649088
129,access-12,31.061697,18.023508,0.038304,230.078193
129,aggregation-05,33.371534,10.565511,0.088236,5721.706979
129,access-13,35.841217,18.999884,0.044209,239.465616
129,access-14,37.29866,18.743607,0.132607,244.103564
129,access-15,39.463316,19.639642,0.06285,248.49226
129,aggregation-06,41.734665,10.251753,0.116651,6154.247
129,access-16,41.94606,18.32979,0.055166,255.936412
129,access-17,40.383145,18.525219,0.066818,258.737817
129,access-18,39.57634,18.522623,0.079773,260.79054
130,core-01,28.02943,3.954115,0.067877,32490.63281
130,core-02,31.829764,3.375507,0.071354,31905.609184
130,core-03,33.621108,3.202234,0.057988,31292.409582
130,aggregation-01,36.172524,8.131956,0.083075,5696.221323
130,access-01,39.147742,15.43894,0.082297,229.070002
130,access-02,41.002694,16.474436,0.130313,224.712678
130,access-03,41.514204,14.641745,0.142371,220.767864
130,aggregation-02,41.859776,7.352375,0.085563,5298.39829
130,access-04,40.796304,15.355023,0.081328,214.6356
130,access-05,38.33635,14.878306,0.053561,212.657429
130,access-06,35.960016,15.889663,0.093654,211.503184
130,aggregation-03,33.250907,8.326625,0.1245,5148.298733
130,access-07,71.620045,121.51305,4.850998,122.840852
130,access-08,29.546339,15.713726,0.105757,213.230263
130,access-09,28.367828,16.462286,0.126804,215.47033
130,aggregation-04,25.458402,8.906747,0.060555,5324.434158
130,access-10,25.768809,18.134976,0.107825,222.032957
130,access-11,26.921325,17.775977,0.068196,226.131552
130,access-12,29.758529,18.710219,0.105145,230.594234
130,aggregation-05,31.749354,10.611963,0.126772,5734.674662
130,access-13,36.374543,18.264353,0.082371,239.995433
130,access-14,37.021983,19.333911,0.067177,244.61311
130,access-15,41.380332,18.49631,0.092034,248.964145
130,aggregation-06,43.575075,10.237367,0.160468,6164.438666
130,access-16,42.291145,19.008829,0.083548,256.286497
130,access-17,40.976474,18.22893,0.017895,259.00792
130,access-18,39.155758,18.274751,0.129327,260.971442
131,core-01,28.555806,3.715848,0.108704,32426.799135
131,core-02,30.878497,2.937333,0.050869,31837.581018
131,core-03,34.142354,3.145862,0.091663,31222.508555
131,aggregation-01,38.017784,8.17666,0.087689,5683.334917
131,access-01,39.537868,16.199742,0.034033,228.563277
131,access-02,40.1102,15.406204,0.088756,224.245195
131,access-03,42.221637,14.424289,0.014811,220.355576
131,aggregation-02,41.470529,7.417852,0.093382,5290.037152
131,access-04,40.453238,15.304228,0.061642,214.373551
131,access-05,40.271382,15.534166,0.105334,212.485296
131,access-06,36.815914,15.377041,0.052236,211.426841
131,aggregation-03,32.786125,7.712055,0.047621,5148.836263
131,access-07,72.967931,121.200055,4.928051,122.910276
131,access-08,27.76208,16.814509,0.072418,213.443517
131,access-09,28.215785,17.476659,0.042339,215.769863
131,aggregation-04,25.751829,9.426768,0.05991,5333.589195
131,access-10,27.213388,17.863699,0.074031,222.471788
131,access-11,29.988424,17.785712,0.082697,226.618647
131,access-12,30.141475,18.549549,0.093981,231.112969
131,aggregation-05,33.222236,10.15349,0.09049,5747.658546
131,access-13,35.972877,19.664137,0.1471,240.523864
131,access-14,37.502426,19.61802,0.047723,245.119265
131,access-15,41.028924,19.676877,0.089389,249.43075
131,aggregation-06,43.542107,10.603858,0.093056,6174.460008
131,access-16,43.173444,18.418232,0.061431,256.628124
131,access-17,40.132904,18.366295,0.073359,259.268384
131,access-18,38.954313,17.674157,0.093917,261.141854
132,core-01,28.964891,3.777453,0.099069,32362.380933
132,core-02,29.534061,3.520915,0.071556,31769.224052
132,core-03,34.190026,3.575264,0.099022,31152.545678
132,aggregation-01,35.315521,7.612254,0.0704,5670.486993
132,access-01,41.620342,15.603816,0.092506,228.060127
132,access-02,40.058553,15.967988,0.048831,223.783161
132,access-03,42.509488,14.579757,0.105562,219.950426
132,aggregation-02,43.153579,7.044162,0.079112,5281.885191
132,access-04,40.704516,15.730779,0.066884,214.121236
132,access-05,38.840289,14.592541,0.061628,212.323716
132,access-06,34.648687,15.507304,0.096456,211.36151
132,aggregation-03,32.442278,7.988464,0.073296,5149.644254
132,access-07,73.654824,121.418274,4.892117,122.985964
132,access-08,27.701667,16.708889,0.020228,213.666907
132,access-09,25.670977,17.108487,0.063366,216.078524
132,aggregation-04,25.686745,9.100628,0.036974,5342.934507
132,access-10,25.013531,17.539238,0.072359,222.916838
132,access-11,28.601134,17.386704,0.074848,227.11016
132,access-12,31.437377,18.516092,0.088937,231.634173
132,aggregation-05,32.502896,10.785627,0.081213,5760.652994
132,access-13,35.748301,18.783787,0.09149,241.050678
132,access-14,39.056066,18.905657,0.054655,245.621809
132,access-15,42.102784,17.950855,0.087639,249.891874
132,aggregation-06,42.522892,10.934685,0.095699,6184.306678
132,access-16,43.290403,18.187591,0.05794,256.961146
132,access-17,41.929729,18.152156,0.077626,259.519097
132,access-18,38.714037,18.287424,0.036047,261.301702
133,core-01,27.142402,3.438962,0.070107,32297.406163
133,core-02,31.19506,2.937403,0.107274,31700.567955
133,core-03,34.442633,3.124804,0.08667,31082.551316
133,aggregation-01,35.560843,7.679318,0.088079,5657.683127
133,access-01,37.481611,15.686771,0.08955,227.560771
133,access-02,41.043935,15.272459,0.076278,223.326776
133,access-03,44.294955,14.501657,0.073474,219.552589
133,aggregation-02,38.992873,7.102228,0.051353,5273.945946
133,access-04,39.901061,15.904088,0.030273,213.878764
133,access-05,38.279319,15.136514,0.072567,212.172759
133,access-06,35.821141,15.21923,0.026695,211.30722
133,aggregation-03,32.322223,8.0395,0.108049,5150.722354
133,access-07,70.59676,120.890307,4.867177,123.067883
133,access-08,27.139131,16.386436,0.027183,213.900337
133,access-09,25.042666,16.693708,0.104496,216.396178
133,aggregation-04,28.669845,8.724263,0.099219,5352.466039
133,access-10,27.000516,18.732833,0.106153,223.367913
133,access-11,28.683788,18.10198,0.089964,227.605879
133,access-12,32.016016,18.262846,0.094004,232.157618
133,aggregation-05,33.736425,10.443791,0.036311,5773.652366
133,access-13,37.640909,18.958204,0.057009,241.575647
133,access-14,40.173425,19.72355,0.109994,246.120525
133,access-15,41.398531,19.326052,0.129411,250.347315
133,aggregation-06,42.210527,10.554701,0.077869,6193.974402
133,access-16,41.311763,18.690549,0.078593,257.285418
133,access-17,40.316786,18.177711,0.116571,259.759949
133,access-18,41.769224,18.6282,0.130988,261.450915
134,core-01,27.73663,4.142542,0.051152,32231.903023
134,core-02,33.233168,2.76201,0.080484,31631.642524
134,core-03,33.806698,2.690867,0.074519,31012.555846
134,aggregation-01,37.597227,7.494186,0.045011,5644.928875
134,access-01,39.580726,14.96947,0.121095,227.065424
134,access-02,40.263681,15.349602,0.041445,222.876239
134,access-03,42.06056,15.136962,0.074807,219.162238
134,aggregation-02,39.573951,7.287626,0.106042,5266.222863
134,access-04,38.999527,15.559997,0.09883,213.64624
134,access-05,38.478846,15.456078,0.082854,212.03249
134,access-06,35.458594,15.42422,0.04626,211.263994
134,aggregation-03,32.600612,8.422176,0.042365,5152.070097
134,access-07,71.447359,121.775306,4.852339,123.155998
134,access-08,27.37769,16.685068,0.06207,214.143706
134,access-09,25.211663,16.845289,0.063757,216.722688
134,aggregation-04,25.060754,9.724273,0.064653,5362.179654
134,access-10,26.81498,17.328815,0.093312,223.824818
134,access-11,28.077289,18.819712,0.108988,228.105589
134,access-12,32.532771,17.935218,0.076378,232.683078
134,aggregation-05,34.916261,10.744403,0.075836,5786.651022
134,access-13,37.134464,18.607292,0.117345,242.098544
134,access-14,40.221321,18.688427,0.085381,246.615195
134,access-15,39.042019,18.371832,0.075263,250.796877
134,aggregation-06,41.912777,10.875325,0.099539,6203.458984
134,access-16,42.932551,18.387334,0.090343,257.600799
134,access-17,40.852927,18.129943,0.080724,259.990837
134,access-18,36.621295,18.962722,0.089665,261.58943
135,core-01,29.820359,3.598645,0.063679,32165.899944
135,core-02,32.1334,3.080319,0.098347,31562.477674
135,core-03,34.207056,2.748662,0.099175,30942.589648
135,aggregation-01,39.108322,7.220683,0.074454,5632.229774
135,access-01,41.061123,14.61724,0.102971,226.574302
135,access-02,42.649211,15.334044,0.057188,222.431746
135,access-03,41.985855,15.113989,0.050538,218.779541
135,aggregation-02,43.50939,7.549378,0.03931,5258.719293
135,access-04,39.898533,15.016181,0.080367,213.423764
135,access-05,37.245121,15.391593,0.055778,211.902971
135,access-06,34.73698,15.181729,0.063931,211.231851
135,aggregation-03,34.066661,8.1639,0.106106,5153.686897
135,access-07,70.990348,120.578048,4.847907,123.250271
135,access-08,28.317909,16.16172,0.128848,214.396909
135,access-09,27.539243,18.251619,0.022734,217.057911
135,aggregation-04,25.643132,9.222174,0.048023,5372.071135
135,access-10,27.523176,17.695359,0.071366,224.287354
135,access-11,28.472713,18.088737,0.049611,228.609072
135,access-12,32.287737,18.632155,0.072009,233.210325
135,aggregation-05,35.539429,11.762248,0.102836,5799.643319
135,access-13,37.77884,18.771362,0.10763,242.619141
135,access-14,40.390052,19.009168,0.087283,247.105605
135,access-15,41.664152,18.703699,0.103077,251.240364
135,aggregation-06,43.429926,10.196927,0.0593,6212.756308
135,access-16,40.114148,18.312882,0.091056,257.907152
135,access-17,38.563769,18.862881,0.040886,260.211659
135,access-18,35.198448,18.232209,0.105489,261.717185
136,core-01,30.422716,3.797851,0.094645,32099.42557
136,core-02,32.901671,2.924254,0.114772,31493.103422
136,core-03,34.059199,2.761471,0.056449,30872.683087
136,aggregation-01,35.626049,7.570825,0.056388,5619.591335
136,access-01,41.529664,14.988516,0.130236,226.087619
136,access-02,43.265481,15.02282,0.081548,221.993488
136,access-03,42.069952,15.459636,0.106249,218.404666
136,aggregation-02,43.182611,7.30744,0.081293,5251.438492
136,access-04,39.799219,15.417009,0.080725,213.211435
136,access-05,36.019441,16.292881,0.081705,211.784258
136,access-06,32.792792,15.762527,0.067338,211.210805
136,aggregation-03,30.872908,7.669429,0.088717,5155.572052
136,access-07,72.757262,121.07978,4.89402,123.350661
136,access-08,27.725383,17.18565,0.103898,214.659834
136,access-09,26.720459,17.452066,0.068161,217.401703
136,aggregation-04,24.563971,9.109254,0.067331,5382.136191
136,access-10,26.018864,17.857021,0.079237,224.755321
136,access-11,31.744382,18.438093,0.070074,229.116109
136,access-12,32.625803,18.377602,0.11151,233.73913
136,aggregation-05,36.263212,10.310751,0.075623,5812.623618
136,access-13,37.540101,19.48739,0.047673,243.137213
136,access-14,40.206921,18.122035,0.079461,247.591543
136,access-15,40.79565,18.154244,0.082653,251.677584
136,aggregation-06,42.459366,11.333748,0.064256,6221.862338
136,access-16,42.071705,18.272289,0.039577,258.204344
136,access-17,40.270096,18.682137,0.056467,260.422321
136,access-18,38.423741,17.307449,0.064522,261.834126
137,core-01,32.875507,4.007606,0.080733,32032.508754
137,core-02,31.627104,3.911199,0.090907,31423.549878
137,core-03,35.394471,2.752755,0.078408,30802.866504
137,aggregation-01,38.439586,7.34204,0.072832,5607.019044
137,access-01,40.597546,16.010014,0.088898,225.605585
137,access-02,40.046734,15.8987,0.087211,221.561656
137,access-03,42.122787,14.77806,0.07413,218.037774
137,aggregation-02,43.365492,6.688154,0.062426,5244.383622
137,access-04,40.343384,15.264539,0.096573,213.009343
137,access-05,37.169068,15.459042,0.113186,211.676401
137,access-06,35.079706,15.703272,0.102346,211.200865
137,aggregation-03,30.744992,7.862987,0.057097,5157.724745
137,access-07,71.23927,121.733783,4.842673,123.457124
137,access-08,26.868247,16.725961,0.079661,214.932369
137,access-09,25.097915,17.06226,0.060709,217.753914
137,aggregation-04,27.155518,9.15377,0.115911,5392.370453
137,access-10,28.225777,19.171399,0.059056,225.228515
137,access-11,31.327989,17.68932,0.104112,229.626482
137,access-12,33.59825,18.111387,0.077618,234.269263
137,aggregation-05,35.463744,11.090801,0.064971,5825.586286
137,access-13,38.103912,18.057362,0.104453,243.652534
137,access-14,40.63553,18.621186,0.068451,248.072797
137,access-15,40.42345,19.100168,0.051926,252.108347
137,aggregation-06,41.471625,10.28828,0.059481,6230.773122
137,access-16,40.875669,18.529482,0.098731,258.492247
137,access-17,40.520405,18.934534,0.094912,260.62273
137,access-18,38.331516,17.918696,0.070088,261.940203
138,core-01,27.929393,3.433807,0.107343,31965.178538
138,core-02,32.777155,3.168286,0.110086,31353.84723
138,core-03,35.830271,3.110979,0.090364,30733.170201
138,aggregation-01,36.196628,7.695559,0.061112,5594.518355
138,access-01,40.725463,15.038663,0.081921,225.128409
138,access-02,42.854766,15.445441,0.108592,221.136438
138,access-03,41.709525,15.934117,0.099458,217.679025
138,aggregation-02,40.608318,7.564118,0.08245,5237.557744
138,access-04,40.271731,16.165181,0.120658,212.817576
138,access-05,38.791102,15.334233,0.097909,211.579449
138,access-06,31.841042,16.365499,0.097084,211.202036
138,aggregation-03,30.342012,7.54097,0.056708,5160.14404
138,access-07,70.131219,121.976525,4.880704,123.569614
138,access-08,26.421459,16.751812,0.127605,215.214394
138,access-09,26.529665,17.734843,0.063894,218.114391
138,aggregation-04,26.797703,9.462458,0.055483,5402.769478
138,access-10,28.874105,17.460546,0.095012,225.706732
138,access-11,30.17283,18.732671,0.11441,230.139968
138,access-12,32.570925,18.789643,0.055779,234.800495
138,aggregation-05,35.954187,9.792018,0.071597,5838.525697
138,access-13,40.607052,19.224651,0.10353,244.164881
138,access-14,39.531035,18.965118,0.082199,248.549158
138,access-15,43.396509,18.651722,0.130409,252.532466
138,aggregation-06,42.647634,10.13184,0.100278,6239.484793
138,access-16,41.13276,19.24475,0.054254,258.770734
138,access-17,38.3211,18.447241,0.049994,260.812799
138,access-18,36.517042,16.756619,0.038733,262.035368
139,core-01,29.432858,3.558216,0.089864,31897.464143
139,core-02,35.434378,2.957845,0.041111,31284.025729
139,core-03,37.403055,2.860278,0.097394,30663.624426
139,aggregation-01,38.31315,6.524703,0.121551,5582.094696
139,access-01,40.190438,15.024231,0.086712,224.656299
139,access-02,40.763819,15.351389,0.080421,220.718018
139,access-03,43.208295,15.332224,0.060022,217.328576
139,aggregation-02,41.170122,7.984226,0.088113,5230.96382
139,access-04,39.437295,14.993604,0.075644,212.636218
139,access-05,35.619404,15.478575,0.046461,211.493442
139,access-06,33.228972,16.654119,0.073029,211.214316
139,aggregation-03,30.789018,7.110196,0.057282,5162.828888
139,access-07,70.421505,121.749912,4.870765,123.688083
139,access-08,27.375008,16.809816,0.141115,215.505788
139,access-09,26.977984,16.601295,0.125327,218.482978
139,aggregation-04,24.921756,8.89366,0.059637,5413.328753
139,access-10,27.898311,18.122115,0.096692,226.189763
139,access-11,29.716643,17.926118,0.03947,230.656345
139,access-12,31.904531,18.624601,0.053534,235.332594
139,aggregation-05,34.140361,10.049522,0.027129,5851.436235
139,access-13,40.332298,19.443199,0.074301,244.674032
139,access-14,39.202567,19.171578,0.070096,249.02042
139,access-15,40.944587,18.599702,0.059945,252.949756
139,aggregation-06,40.976335,10.787568,0.073637,6247.993571
139,access-16,38.83949,18.514053,0.082466,259.039687
139,access-17,40.664026,18.64666,0.074032,260.992447
139,access-18,35.254659,18.360405,0.074271,262.11958
140,core-01,30.31437,3.518346,0.056477,31829.394959
140,core-02,31.471229,2.587333,0.098704,31214.115677
140,core-03,35.594813,3.238829,0.123173,30594.259363
140,aggregation-01,37.472457,7.654397,0.115174,5569.753459
140,access-01,40.951597,15.153824,0.113625,224.189459
140,access-02,42.988589,15.331682,0.101301,220.306578
140,access-03,41.324836,15.496364,0.117647,216.986576
140,aggregation-02,38.953387,6.463825,0.073007,5224.604713
140,access-04,40.865973,14.810014,0.128446,212.465348
140,access-05,37.79568,16.072741,0.061829,211.418419
140,access-06,32.924332,15.418314,0.107414,211.2377
140,aggregation-03,30.475322,9.342968,0.056695,5165.778124
140,access-07,70.419243,122.340392,4.845577,123.812478
140,access-08,27.785289,17.446847,0.079179,215.806423
140,access-09,26.684191,16.954216,0.038051,218.859514
140,aggregation-04,26.980151,9.335977,0.074981,5424.043697
140,access-10,29.789611,17.628614,0.054508,226.677399
140,access-11,30.16006,18.255499,0.084913,231.175388
140,access-12,33.503115,18.559287,0.066428,235.865331
140,aggregation-05,34.005431,10.976622,0.102236,5864.312297
140,access-13,39.64023,19.038223,0.121243,245.179765
140,access-14,41.048632,18.697112,0.070126,249.486378
140,access-15,41.834351,19.734919,0.054076,253.360038
140,aggregation-06,40.978028,10.327695,0.025933,6256.295761
140,access-16,39.348158,19.578315,0.079894,259.298987
140,access-17,39.246785,18.664766,0.080992,261.161595
140,access-18,35.41679,17.693819,0.087516,262.192804
141,core-01,32.02379,2.191703,0.089252,31761.000529
141,core-02,33.062789,2.828681,0.120184,31144.147419
141,core-03,37.051089,3.626523,0.095671,30525.105118
141,aggregation-01,40.236662,8.020691,0.073365,5557.499998
141,access-01,41.339505,15.16343,0.120874,223.728092
141,access-02,44.487179,15.501454,0.07657,219.902296
141,access-03,42.781416,15.034542,0.06491,216.653177
141,aggregation-02,41.067841,7.702841,0.059299,5218.483181
141,access-04,38.38927,14.928246,0.075669,212.305039
141,access-05,37.228438,15.5984,0.038395,211.354412
141,access-06,32.675676,15.793841,0.04726,211.272179
141,aggregation-03,28.923234,8.113116,0.018202,5168.990467
141,access-07,68.942835,121.585423,4.847775,123.942746
141,access-08,26.4415,16.36226,0.112608,216.11617
141,access-09,25.719559,17.515917,0.073495,219.243838
141,aggregation-04,24.71709,9.422378,0.067227,5434.909657
141,access-10,29.130159,18.32551,0.045767,227.169429
141,access-11,29.807455,19.098627,0.095904,231.696872
141,access-12,34.608485,18.455531,0.085869,236.398473
141,aggregation-05,35.286556,10.972022,0.085438,5877.148294
141,access-13,37.917004,18.854653,0.079814,245.681861
141,access-14,43.904505,18.566028,0.083573,249.946831
141,access-15,40.876468,18.317652,0.061539,253.763132
141,aggregation-06,40.709596,10.67336,0.096903,6264.387761
141,access-16,38.646881,18.310197,0.028547,259.548522
141,access-17,38.652601,19.043273,0.077205,261.32017
141,access-18,37.427171,17.067638,0.086374,262.255006
142,core-01,31.470333,3.607407,0.105714,31692.310536
142,core-02,32.87786,3.692411,0.057819,31074.151319
142,core-03,37.731093,3.404023,0.058194,30456.191703
142,aggregation-01,38.093785,7.572389,0.13585,5545.339634
142,access-01,39.945401,15.12325,0.069393,223.272399
142,access-02,42.546961,15.269038,0.091794,219.505348
142,access-03,43.867448,14.34162,0.082094,216.328521
142,aggregation-02,39.283154,7.672256,0.034668,5212.601883
142,access-04,38.354093,15.250249,0.104603,212.155361
142,access-05,36.888761,16.07515,0.072737,211.301449
142,access-06,33.07768,15.74961,0.076228,211.317738
142,aggregation-03,29.925784,8.353296,0.054204,5172.464524
142,access-07,69.152616,121.095014,4.845807,124.078831
142,access-08,28.623647,16.680035,0.064521,216.434894
142,access-09,26.640545,17.194356,0.049173,219.63578
142,aggregation-04,25.776791,9.83386,0.077868,5445.921919
142,access-10,28.686467,18.291912,0.128155,227.665638
142,access-11,31.934184,18.437592,0.058302,232.220571
142,access-12,32.793869,19.472594,0.112007,236.931789
142,aggregation-05,36.359274,11.415466,0.083291,5889.938655
142,access-13,41.064197,19.17554,0.065472,246.180103
142,access-14,40.36018,19.488321,0.091613,250.401577
142,access-15,42.526187,18.476799,0.063807,254.158864
142,aggregation-06,41.315037,10.342241,0.117982,6272.266059
142,access-16,39.730326,18.042142,0.090166,259.788184
142,access-17,39.24568,17.574203,0.092037,261.468103
142,access-18,36.451324,17.369529,0.090436,262.306161
143,core-01,30.538434,2.79753,0.084624,31623.354793
143,core-02,34.899098,3.198103,0.029882,31004.157758
143,core-03,37.002186,2.737115,0.124626,30387.549029
143,aggregation-01,39.60182,7.577653,0.111107,5533.277642
143,access-01,42.211756,15.517469,0.039226,222.822577
143,access-02,41.439892,15.752214,0.092259,219.115907
143,access-03,39.260868,15.087379,0.081916,216.01275
143,aggregation-02,42.254624,7.667356,0.049443,5206.96337
143,access-04,38.775964,15.740754,0.132704,212.016379
143,access-05,34.384068,15.757667,0.106219,211.259552
143,access-06,32.701055,15.505009,0.103505,211.374356
143,aggregation-03,28.675586,8.3731,0.029435,5176.198786
143,access-07,69.883246,122.104521,4.854776,124.220673
143,access-08,26.3843,17.032545,0.08637,216.762457
143,access-09,25.994037,16.97013,0.04826,220.035172
143,aggregation-04,27.428201,9.557454,0.073543,5457.075703
143,access-10,31.469881,18.842211,0.105639,228.165812
143,access-11,32.460146,18.071645,0.058131,232.746258
143,access-12,37.260956,17.344002,0.05824,237.465048
143,aggregation-05,36.300124,10.538185,0.084093,5902.67783
143,access-13,39.902525,19.807313,0.093417,246.674273
143,access-14,40.524556,19.06886,0.058258,250.85042
143,access-15,42.776608,18.262953,0.062192,254.547062
143,aggregation-06,40.209891,9.967254,0.053769,6279.927235
143,access-16,40.371638,18.910413,0.073175,260.017869
143,access-17,37.212825,18.125194,0.09599,261.605329
143,access-18,35.82696,17.598224,0.062555,262.346246
144,core-01,30.878254,3.140324,0.065887,31554.163227
144,core-02,35.72784,2.638073,0.002313,30934.197113
144,core-03,37.218955,1.510375,0.064402,30319.206887
144,aggregation-01,39.518754,7.518668,0.072455,5521.319259
144,access-01,41.111815,16.314716,0.074842,222.378822
144,access-02,42.330242,14.955439,0.047832,218.73414
144,access-03,41.445817,15.331188,0.097892,215.706001
144,aggregation-02,38.304352,7.60733,0.081686,5201.57009
144,access-04,35.619987,15.053593,0.090675,211.888154
144,access-05,35.820129,15.563165,0.041398,211.22874
144,access-06,31.153539,16.776399,0.102205,211.442009
144,aggregation-03,27.673297,8.131625,0.115459,5180.191633
144,access-07,69.757409,121.646827,4.916832,124.36821
144,access-08,26.394093,16.416557,0.062414,217.098717
144,access-09,28.335227,16.931006,0.081205,220.441841
144,aggregation-04,27.57229,10.429839,0.048883,5468.366167
144,access-10,28.388942,18.306331,0.056178,228.669733
144,access-11,31.377431,18.931905,0.075395,233.273704
144,access-12,35.741692,19.053782,0.071898,237.998018
144,aggregation-05,38.231429,10.771103,0.05302,5915.360289
144,access-13,40.101282,19.017846,0.117883,247.164158
144,access-14,42.647364,18.663722,0.075457,251.293165
144,access-15,41.58474,18.259216,0.089368,254.927557
144,aggregation-06,41.913092,10.965101,0.067865,6287.367965
144,access-16,37.775397,18.704682,0.095281,260.237477
144,access-17,37.001536,17.831116,0.12473,261.73179
144,access-18,35.584146,17.997496,0.06778,262.375244
145,core-01,32.252223,3.442681,0.087855,31484.765869
145,core-02,36.365337,3.432801,0.100195,30864.299748
145,core-03,37.047725,3.073208,0.093362,30251.194938
145,aggregation-01,40.454936,7.626694,0.113703,5509.469675
145,access-01,40.876671,15.213211,0.10782,221.941325
145,access-02,40.241807,15.249038,0.040917,218.360214
145,access-03,41.783032,14.636903,0.08739,215.408407
145,aggregation-02,39.403292,7.023773,0.043135,5196.424383
145,access-04,38.516274,14.212378,0.12626,211.770741
145,access-05,35.53989,15.515097,0.051751,211.209026
145,access-06,30.689121,15.565318,0.098256,211.520667
145,aggregation-03,28.450156,8.666645,0.097883,5184.441333
145,access-07,68.349737,121.640659,4.858593,124.521379
145,access-08,25.663953,17.27683,0.063959,217.443527
145,access-09,26.296511,17.553498,0.128468,220.855608
145,aggregation-04,27.271657,9.784901,0.101073,5479.788413
145,access-10,29.021667,18.639075,0.075007,229.177182
145,access-11,32.358574,19.574315,0.05892,233.80268
145,access-12,35.095304,19.350409,0.077965,238.530469
145,aggregation-05,37.929221,11.210354,0.059764,5927.980528
145,access-13,41.386701,18.679348,0.121394,247.649545
145,access-14,38.873625,17.770276,0.055255,251.72962
145,access-15,41.627919,18.234159,0.092472,255.300185
145,aggregation-06,42.340799,10.391691,0.07494,6294.585018
145,access-16,39.587802,18.380882,0.083144,260.446913
145,access-17,36.64987,17.544096,0.090342,261.84743
145,access-18,35.707781,16.607203,0.097063,262.393142
146,core-01,32.748251,3.638517,0.067537,31415.192837
146,core-02,33.68265,3.12406,0.080948,30794.496
146,core-03,39.385633,3.194527,0.09765,30183.542701
146,aggregation-01,41.130311,7.224129,0.076985,5497.734032
146,access-01,40.027026,14.880583,0.063353,221.510277
146,access-02,40.63951,15.283899,0.073868,217.994291
146,access-03,41.980645,14.709974,0.085819,215.120097
146,aggregation-02,40.264591,7.645072,0.092108,5191.528483
146,access-04,35.970143,15.416997,0.139777,211.66419
146,access-05,33.948983,16.385929,0.061273,211.200419
146,access-06,31.497074,16.189565,0.076349,211.610298
146,aggregation-03,29.843138,7.94678,0.112144,5188.94604
146,access-07,68.169576,121.716228,4.897759,124.680113
146,access-08,26.88893,16.614535,0.070057,217.796738
146,access-09,26.969609,17.73241,0.07339,221.276296
146,aggregation-04,28.606843,9.311251,0.026563,5491.337481
146,access-10,29.929036,18.058281,0.065447,229.68794
146,access-11,32.432487,18.597459,0.06582,234.332957
146,access-12,33.817492,18.811967,0.060076,239.062168
146,aggregation-05,38.148728,11.202898,0.076389,5940.533069
146,access-13,40.919532,18.414785,0.05727,248.130222
146,access-14,41.312048,18.350887,0.128662,252.159596
146,access-15,42.518039,18.757215,0.077904,255.664784
146,aggregation-06,41.012217,10.736709,0.079169,6301.575264
146,access-16,38.547637,17.713832,0.110336,260.646086
146,access-17,35.865938,17.431655,0.098254,261.952199
146,access-18,32.320465,17.19866,0.075891,262.399931
147,core-01,31.785612,2.953937,0.06733,31345.474328
147,core-02,36.412428,2.895336,0.078103,30724.816165
147,core-03,40.534928,2.290804,0.065145,30116.279537
147,aggregation-01,41.283876,8.04115,0.096412,5486.117423
147,access-01,41.475869,15.280097,0.072097,221.085865
147,access-02,40.900764,15.619562,0.092246,217.63653
147,access-03,41.160024,14.977408,0.107669,214.841197
147,aggregation-02,38.933121,7.498191,0.028486,5186.884515
147,access-04,36.49745,15.100748,0.084378,211.568549
147,access-05,33.535423,15.883397,0.070014,211.202923
147,access-06,31.434767,15.631842,0.0,211.71086
147,aggregation-03,29.621931,8.66851,0.047817,5193.703799
147,access-07,66.025081,121.213878,4.852466,124.844344
147,access-08,26.604992,16.413986,0.083227,218.158196
147,access-09,26.055389,17.344062,0.078495,221.703722
147,aggregation-04,28.466255,10.135986,0.090934,5503.008361
147,access-10,31.341816,17.841399,0.088678,230.201785
147,access-11,33.665088,19.071242,0.081276,234.864305
147,access-12,34.579582,18.967205,0.076808,239.592886
147,aggregation-05,37.550463,11.644849,0.110077,5953.012465
147,access-13,40.490588,19.166,0.07046,248.605983
147,access-14,43.427588,18.239279,0.088045,252.582905
147,access-15,44.369244,18.240253,0.057805,256.021195
147,aggregation-06,40.986589,10.478214,0.066201,6308.335667
147,access-16,40.420766,18.306767,0.079864,260.834909
147,access-17,39.285433,17.206306,0.069053,262.046052
147,access-18,33.717654,17.286995,0.110495,262.395611
148,core-01,33.76443,3.088515,0.059406,31275.6406
148,core-02,36.464579,2.477725,0.071187,30655.290483
148,core-03,37.592531,2.662977,0.049732,30049.434639
148,aggregation-01,41.312931,8.051232,0.11357,5474.624891
148,access-01,41.689931,15.586051,0.101626,220.668273
148,access-02,41.893323,15.19183,0.043682,217.287086
148,access-03,40.123059,15.452273,0.021961,214.571827
148,aggregation-02,39.415763,6.995614,0.086062,5182.494494
148,access-04,37.156209,15.481118,0.052871,211.483859
148,access-05,33.269458,15.305673,0.073753,211.216536
148,access-06,31.118585,15.692933,0.128225,211.822312
148,aggregation-03,28.591074,8.175631,0.076834,5198.712546
148,access-07,68.624217,121.71319,4.90823,125.013999
148,access-08,27.200165,17.154422,0.11365,218.527746
148,access-09,29.571958,18.363131,0.052944,222.137699
148,aggregation-04,28.354359,10.168274,0.055096,5514.795986
148,access-10,29.58664,19.200499,0.069946,230.718494
148,access-11,31.813235,17.978606,0.104465,235.396494
148,access-12,38.18134,19.337466,0.080516,240.122392
148,aggregation-05,39.959832,11.239509,0.093278,5965.413299
148,access-13,41.077054,19.051158,0.112281,249.076619
148,access-14,41.777281,18.647668,0.057168,252.999364
148,access-15,42.946911,18.524566,0.085174,256.369264
148,aggregation-06,40.638599,10.130708,0.051849,6314.863295
148,access-16,39.17109,17.100396,0.025406,261.013301
148,access-17,37.080406,18.39202,0.066052,262.128948
148,access-18,32.309887,16.912412,0.112039,262.380181
149,core-01,31.845759,2.665713,0.071221,31205.721961
149,core-02,35.066841,2.251234,0.033316,30585.94913
149,core-03,37.310734,2.957045,0.07943,29983.037019
149,aggregation-01,41.426643,7.834529,0.082154,5463.261424
149,access-01,41.949788,14.540866,0.06339,220.257683
149,access-02,43.941802,14.665425,0.082279,216.946112
149,access-03,39.935276,15.082348,0.063881,214.312104
149,aggregation-02,40.407851,6.58832,0.055609,5178.360325
149,access-04,36.437245,15.40184,0.098389,211.410156
149,access-05,33.578914,15.23484,0.112433,211.241252
149,access-06,30.498202,16.757165,0.120265,211.944605
149,aggregation-03,30.139941,7.94806,0.077944,5203.970106
149,access-07,68.030047,122.363473,4.892757,125.189006
149,access-08,26.46546,17.415745,0.06229,218.905225
149,access-09,25.847873,17.662896,0.023092,222.57804
149,aggregation-04,27.968773,8.758187,0.100885,5526.695241
149,access-10,31.466097,17.719144,0.090992,231.237842
149,access-11,33.621245,19.199475,0.036216,235.929291
149,access-12,36.044939,18.608602,0.099328,240.650455
149,aggregation-05,37.888457,10.726802,0.074586,5977.73019
149,access-13,39.624896,18.554973,0.072002,249.541927
149,access-14,42.943734,18.722227,0.080252,253.408792
149,access-15,43.257047,16.780998,0.071329,256.70884
149,aggregation-06,40.59201,10.24677,0.100677,6321.155313
149,access-16,37.395184,17.878259,0.088539,261.181184
149,access-17,37.457925,17.637871,0.065114,262.20085
149,access-18,33.410294,17.375977,0.089161,262.353649
150,core-01,32.313155,2.770122,0.045295,31135.748758
150,core-02,36.100273,2.216286,0.130895,30516.822201
150,core-03,38.78481,2.207102,0.097147,29917.115495
150,aggregation-01,41.102922,7.0211,0.013775,5452.031952
150,access-01,43.655078,14.935323,0.086241,219.854272
150,access-02,41.619918,14.858899,0.037622,216.613753
150,access-03,41.665905,15.706243,0.118001,214.062141
150,aggregation-02,37.068752,6.86524,0.076117,5174.483803
150,access-04,34.914406,16.029574,0.078361,211.347473
150,access-05,32.377012,16.57882,0.038551,211.277062
150,access-06,31.344226,16.098258,0.086134,212.077685
150,aggregation-03,28.589907,8.7332,0.142696,5209.474199
150,access-07,67.019839,122.231748,4.878851,125.369289
150,access-08,26.231798,16.558849,0.066509,219.290472
150,access-09,26.053503,17.695474,0.116083,223.024554
150,aggregation-04,28.596347,10.473835,0.065564,5538.700961
150,access-10,32.389773,18.803553,0.095889,231.759604
150,access-11,32.617934,18.01262,0.095041,236.462466
150,access-12,37.411924,18.670294,0.074897,241.176847
150,aggregation-05,39.157165,11.386844,0.07774,5989.957791
150,access-13,41.113928,18.642644,0.096343,250.001706
150,access-14,42.805236,18.197894,0.02562,253.811012
150,access-15,41.91982,19.181775,0.049872,257.039775
150,aggregation-06,40.74683,10.779448,0.105448,6327.208991
150,access-16,39.754709,17.252228,0.068504,261.338485
150,access-17,34.328369,17.386026,0.104329,262.261729
150,access-18,33.750823,16.565095,0.063011,262.316027
151,core-01,34.935002,3.447009,0.07789,31065.751359
151,core-02,36.481507,2.376636,0.069152,30447.939699
151,core-03,40.622345,2.675178,0.072758,29851.698676
151,aggregation-01,40.090672,8.403723,0.090086,5440.941351
151,access-01,42.621262,15.116681,0.082219,219.458216
151,access-02,40.878876,14.929791,0.113801,216.290156
151,access-03,40.912092,14.803889,0.025211,213.822047
151,aggregation-02,38.92105,7.471108,0.101703,5170.866611
151,access-04,36.436664,16.267934,0.103226,211.295836
151,access-05,33.309805,16.269988,0.068822,211.323948
151,access-06,29.457884,16.550412,0.068079,212.221494
151,aggregation-03,28.405065,8.637349,0.0479,5215.222434
151,access-07,68.859155,122.450847,4.895443,125.554768
151,access-08,25.070783,17.462569,0.09794,219.683317
151,access-09,28.022963,18.325997,0.066129,223.477046
151,aggregation-04,27.676936,9.83505,0.125632,5550.807936
151,access-10,32.640406,17.032262,0.110557,232.283553
151,access-11,33.870339,18.043047,0.105282,236.995788
151,access-12,37.878468,18.07962,0.088711,241.70134
151,aggregation-05,38.183288,10.835355,0.111225,6002.090796
151,access-13,41.487224,19.28811,0.094627,250.455754
151,access-14,43.055856,18.351849,0.101845,254.205849
151,access-15,42.737945,18.304395,0.115146,257.361925
151,aggregation-06,40.237326,10.499177,0.063327,6333.021702
151,access-16,37.422162,17.301856,0.094575,261.485137
151,access-17,35.169977,17.679823,0.078501,262.311556
151,access-18,32.341712,17.484972,0.039759,262.267331
152,core-01,33.679188,1.735775,0.081733,30995.760144
152,core-02,39.761449,2.589975,0.0819,30379.331518
152,core-03,40.268129,2.841698,0.116437,29786.814955
152,aggregation-01,42.505794,7.494074,0.053833,5429.994433
152,access-01,40.874853,14.821321,0.103834,219.069686
152,access-02,44.025343,15.117226,0.093723,215.975461
152,access-03,40.371473,15.639288,0.059116,213.591925
152,aggregation-02,37.04266,6.823447,0.086264,5167.510317
152,access-04,34.216646,15.201481,0.062698,211.255269
152,access-05,29.535982,16.451552,0.070496,211.381892
152,access-06,29.250448,15.89308,0.054898,212.375972
152,aggregation-03,27.881524,9.501945,0.084197,5221.212318
152,access-07,69.200142,121.74381,4.865259,125.745364
152,access-08,26.976246,17.323273,0.08297,220.083592
152,access-09,25.814042,17.915026,0.098777,223.935321
152,aggregation-04,29.626891,9.82276,0.061455,5563.010911
152,access-10,31.443799,18.590906,0.105902,232.809463
152,access-11,36.015208,17.952857,0.099493,237.529024
152,access-12,37.881107,18.390549,0.139606,242.223706
152,aggregation-05,39.753289,10.551931,0.046485,6014.123939
152,access-13,41.449175,18.546916,0.068101,250.903876
152,access-14,41.3215,18.698589,0.094421,254.593131
152,access-15,42.378469,18.49089,0.120599,257.675152
152,aggregation-06,40.270241,11.103365,0.098124,6338.590922
152,access-16,37.602504,17.523029,0.072489,261.621074
152,access-17,34.087988,16.904694,0.101219,262.350312
152,access-18,32.74233,16.322696,0.052835,262.207581
153,core-01,35.412218,4.150616,0.093505,30925.80549
153,core-02,37.263974,2.187117,0.123016,30311.027436
153,core-03,39.182821,2.287228,0.071121,29722.492492
153,aggregation-01,40.071024,7.362004,0.043712,5419.19595
153,access-01,43.810993,16.127148,0.111902,218.688852
153,access-02,41.121802,14.186865,0.064937,215.669804
153,access-03,40.559429,15.568717,0.083443,213.371876
153,aggregation-02,36.864437,7.880273,0.093124,5164.41638
153,access-04,34.902719,15.197723,0.051183,211.225788
153,access-05,31.049629,16.309093,0.061266,211.450867
153,access-06,30.354824,15.892831,0.081401,212.541049
153,aggregation-03,26.286727,8.108341,0.09239,5227.44125
153,access-07,68.405072,121.838973,4.861092,125.940994
153,access-08,24.563556,17.035723,0.109411,220.491121
153,access-09,26.538686,17.984982,0.078133,224.399178
153,aggregation-04,28.624046,10.745759,0.072916,5575.304589
153,access-10,32.798684,17.639086,0.050067,233.337105
153,access-11,34.232332,18.536923,0.098739,238.061944
153,access-12,39.919017,18.455667,0.057279,242.743717
153,aggregation-05,39.811497,10.584628,0.10015,6026.051997
153,access-13,40.666223,18.882361,0.055298,251.345876
153,access-14,43.44036,18.398568,0.090273,254.972691
153,access-15,41.807907,17.621108,0.061865,257.979318
153,aggregation-06,40.659511,10.44013,0.111485,6343.914235
153,access-16,38.315521,18.893008,0.06265,261.746239
153,access-17,33.755486,18.140293,0.085727,262.377978
153,access-18,31.722095,17.279624,0.070373,262.136804
154,core-01,32.42092,2.731412,0.091557,30855.917758
154,core-02,36.951166,3.185158,0.11415,30243.057097
154,core-03,41.225673,1.854024,0.09169,29658.759203
154,aggregation-01,42.659026,7.493757,0.072555,5408.550588
154,access-01,42.234663,15.672525,0.110639,218.315878
154,access-02,41.807058,15.366066,0.060738,215.373317
154,access-03,40.16696,14.888686,0.089241,213.161996
154,aggregation-02,36.89554,7.564002,0.046437,5161.586141
154,access-04,34.558234,14.709922,0.050379,211.207407
154,access-05,30.639682,16.272407,0.100425,211.530844
154,access-06,30.258354,16.291537,0.080964,212.716655
154,aggregation-03,26.055347,8.680574,0.084047,5233.906527
154,access-07,68.389716,121.706749,4.923206,126.141573
154,access-08,26.472066,18.075719,0.091115,220.905729
154,access-09,26.937768,18.42849,0.109275,224.868419
154,aggregation-04,29.267911,10.317262,0.104178,5587.683636
154,access-10,32.66806,18.588482,0.0865,233.866249
154,access-11,35.915172,18.851879,0.078783,238.594317
154,access-12,37.375695,18.498608,0.071494,243.261149
154,aggregation-05,39.657541,10.542316,0.058756,6037.869794
154,access-13,42.518772,19.57017,0.112266,251.781563
154,access-14,43.126205,18.785389,0.145811,255.344364
154,access-15,41.138351,18.393267,0.025084,258.274293
154,aggregation-06,38.417328,10.18805,0.10178,6348.989331
154,access-16,37.629366,17.479287,0.05734,261.860577
154,access-17,32.785909,17.263104,0.129596,262.394543
154,access-18,32.36041,17.224635,0.106119,262.055031
155,core-01,34.097637,2.735852,0.09175,30786.127281
155,core-02,35.833336,3.09648,0.056888,30175.450001
155,core-03,40.663612,1.413638,0.048684,29595.64275
155,aggregation-01,42.165826,7.103756,0.097016,5398.062967
155,access-01,43.202281,15.009188,0.053157,217.950926
155,access-02,41.39047,14.3791,0.123559,215.08613
155,access-03,40.489151,15.939488,0.076974,212.962374
155,aggregation-02,34.6505,7.131657,0.069893,5159.020829
155,access-04,33.325356,15.615226,0.076452,211.200133
155,access-05,30.347095,16.637979,0.089449,211.621789
155,access-06,27.948801,15.986707,0.138387,212.902714
155,aggregation-03,25.336426,9.277145,0.101422,5240.605343
155,access-07,68.246291,121.597429,4.917034,126.347015
155,access-08,25.010197,17.38242,0.0582,221.327235
155,access-09,28.27557,18.393259,0.07224,225.342837
155,aggregation-04,29.504708,9.950709,0.079285,5600.142678
155,access-10,32.494088,19.188905,0.115211,234.396667
155,access-11,34.15637,18.420027,0.04547,239.125911
155,access-12,38.470516,18.758102,0.076465,243.775777
155,aggregation-05,40.183394,11.564327,0.043948,6049.572199
155,access-13,42.891484,18.214971,0.063378,252.210748
155,access-14,42.315695,18.625454,0.06429,255.707989
155,access-15,40.841779,18.382199,0.103609,258.559947
155,aggregation-06,39.339435,9.817262,0.065445,6353.814006
155,access-16,37.431573,17.756041,0.080129,261.964039
155,access-17,34.558441,16.77324,0.115712,262.4
155,access-18,30.026009,17.209265,0.081649,261.962296
156,core-01,36.35398,3.191292,0.124358,30716.464348
156,core-02,37.360321,2.687921,0.048,30108.235491
156,core-03,39.920728,2.07193,0.078433,29533.170526
156,aggregation-01,41.533755,7.927983,0.102336,5387.73764
156,access-01,41.09269,14.922465,0.067415,217.594155
156,access-02,40.981651,14.611288,0.046023,214.808367
156,access-03,39.695398,14.844137,0.081675,212.773098
156,aggregation-02,36.674426,7.8076,0.104896,5156.721557
156,access-04,34.861398,15.400968,0.039699,211.20397
156,access-05,30.777257,16.212479,0.082169,211.723661
156,access-06,29.077605,15.740249,0.14105,213.099144
156,aggregation-03,26.471111,8.861651,0.072033,5247.534791
156,access-07,67.888314,122.789347,4.819367,126.557229
156,access-08,27.488813,18.010244,0.103877,221.755457
156,access-09,27.608376,17.874071,0.132373,225.822228
156,aggregation-04,28.322365,9.952767,0.095072,5612.676309
156,access-10,32.337665,18.081427,0.064128,234.928128
156,access-11,35.232675,18.902306,0.026842,239.656495
156,access-12,39.678297,18.749068,0.06416,244.287377
156,aggregation-05,39.875905,10.755269,0.051031,6061.154135
156,access-13,41.660983,18.524341,0.076611,252.633245
156,access-14,42.108556,19.165183,0.08313,256.063407
156,access-15,39.172444,17.68303,0.102478,258.836157
156,aggregation-06,41.42073,10.683971,0.075957,6358.386167
156,access-16,38.45827,17.105249,0.099633,262.056579
156,access-17,34.006567,17.77683,0.082687,262.394346
156,access-18,30.481964,17.129507,0.110685,261.858641
157,core-01,36.493724,2.42672,0.064388,30646.959194
157,core-02,38.765516,2.518961,0.093438,30041.442739
157,core-03,40.501223,2.709282,0.079335,29471.369645
157,aggregation-01,41.781988,7.666673,0.069925,5377.579087
157,access-01,40.898099,15.341865,0.075861,217.245719
157,access-02,40.909823,15.488496,0.030246,214.540148
157,access-03,37.555704,15.505468,0.072131,212.59425
157,aggregation-02,35.960808,7.46354,0.085214,5154.689324
157,access-04,34.037464,16.01253,0.113021,211.218916
157,access-05,29.950548,16.356624,0.104585,211.836416
157,access-06,28.933414,15.990716,0.093448,213.305861
157,aggregation-03,25.610963,8.328725,0.101749,5254.691863
157,access-07,67.094613,122.070983,4.891393,126.772124
157,access-08,26.663014,17.753626,0.091509,222.190208
157,access-09,27.914504,18.059296,0.05714,226.306384
157,aggregation-04,29.680296,9.869087,0.086789,5625.279087
157,access-10,31.655061,19.098667,0.084186,235.460402
157,access-11,37.293584,18.576789,0.057705,240.18584
157,access-12,39.416099,19.409437,0.067183,244.795728
157,aggregation-05,41.608219,10.001062,0.057387,6072.610575
157,access-13,40.956627,18.319361,0.090051,253.04887
157,access-14,39.849667,19.079661,0.114682,256.410465
157,access-15,41.37044,19.117832,0.109268,259.102803
157,aggregation-06,37.695493,10.138169,0.117509,6362.703829
157,access-16,36.894448,16.581901,0.090486,262.138157
157,access-17,33.925262,18.165874,0.077498,262.377583
157,access-18,30.482295,17.408789,0.090063,261.74411
158,core-01,39.401699,3.025491,0.093571,30577.641985
158,core-02,38.847923,1.514422,0.090345,29975.100733
158,core-03,39.215738,2.456683,0.06028,29410.266929
158,aggregation-01,41.61686,6.787496,0.129589,5367.591717
158,access-01,41.105957,15.481014,0.067231,216.905771
158,access-02,40.330125,15.642872,0.097782,214.281591
158,access-03,36.452046,15.461344,0.08862,212.425908
158,aggregation-02,37.116675,6.9006,0.065503,5152.925011
158,access-04,32.203963,15.493114,0.042594,211.244964
158,access-05,28.670558,16.07145,0.06046,211.960006
158,access-06,26.600605,16.961913,0.079374,213.522774
158,aggregation-03,25.800662,8.976571,0.10666,5262.073453
158,access-07,66.91197,121.408098,4.873516,126.991608
158,access-08,26.523226,17.633498,0.097248,222.6313
158,access-09,30.091337,18.397276,0.113608,226.795094
158,aggregation-04,31.367082,10.810965,0.057581,5637.945545
158,access-10,32.791795,19.392625,0.090536,235.993256
158,access-11,35.943625,18.809634,0.072617,240.713715
158,access-12,38.652499,18.440098,0.070337,245.300608
158,aggregation-05,42.959896,10.369031,0.045266,6083.936546
158,access-13,40.071409,19.039171,0.054454,253.457442
158,access-14,39.782479,18.136241,0.084961,256.749011
158,access-15,40.953729,18.221301,0.058862,259.35977
158,aggregation-06,39.88698,9.902309,0.055653,6366.765119
158,access-16,36.596657,16.674558,0.098718,262.208738
158,access-17,31.974319,16.13208,0.083603,262.34972
158,access-18,31.62004,15.562738,0.040477,261.618753
159,core-01,35.352917,2.866543,0.084467,30508.542805
159,core-02,39.736569,3.134117,0.093499,29909.238266
159,core-03,39.665284,2.626672,0.061139,29349.888897
159,aggregation-01,44.041894,7.284971,0.065876,5357.779866
159,access-01,41.350221,15.228836,0.08004,216.574456
159,access-02,40.210439,15.752761,0.045439,214.032807
159,access-03,38.068279,15.241511,0.058722,212.268144
159,aggregation-02,34.522767,8.248411,0.059157,5151.429384
159,access-04,32.267116,15.770978,0.120669,211.282104
159,access-05,30.129042,16.532467,0.118289,212.094377
159,access-06,26.987365,17.494493,0.079211,213.749791
159,aggregation-03,26.088445,8.638025,0.064876,5269.676358
159,access-07,70.155085,122.577439,4.863391,127.215585
159,access-08,24.974643,17.497993,0.04193,223.078541
159,access-09,25.962943,18.431171,0.134694,227.288146
159,aggregation-04,30.795258,10.902147,0.096516,5650.670184
159,access-10,33.549002,18.58323,0.045139,236.526461
159,access-11,34.591355,19.102713,0.121566,241.239891
159,access-12,38.740643,18.962391,0.116508,245.801799
159,aggregation-05,41.35601,11.057788,0.117206,6095.127133
159,access-13,41.457415,19.09443,0.077689,253.858785
159,access-14,41.365676,18.893299,0.084554,257.078899
159,access-15,40.642436,18.341735,0.083182,259.606945
159,aggregation-06,35.178115,10.012681,0.102612,6370.568273
159,access-16,33.200136,17.030617,0.098771,262.268292
159,access-17,31.917773,17.432125,0.044559,262.310768
159,access-18,29.411752,16.279291,0.047792,261.482625
160,core-01,37.048361,3.04863,0.087789,30439.691645
160,core-02,39.574497,2.538657,0.068852,29843.883924
160,core-03,42.167401,1.843485,0.077958,29290.261754
160,aggregation-01,42.731999,7.679725,0.062424,5348.147791
160,access-01,41.822267,15.37097,0.094152,216.25192
160,access-02,39.784298,15.439074,0.048682,213.793904
160,access-03,38.976675,16.175391,0.110885,212.121028
160,aggregation-02,36.860199,7.953531,0.056554,5150.203092
160,access-04,31.354969,15.903586,0.094522,211.330318
160,access-05,30.063214,16.077864,0.032637,212.23947
160,access-06,25.633543,15.840174,0.084792,213.986811
160,aggregation-03,25.417981,9.460965,0.081468,5277.497277
160,access-07,67.314965,122.354434,4.869507,127.443958
160,access-08,28.832514,17.510942,0.064995,223.531738
160,access-09,29.221634,17.743233,0.068648,227.785326
160,aggregation-04,33.361836,10.333723,0.092178,5663.447481
160,access-10,34.410173,18.366928,0.092405,237.059785
160,access-11,35.012926,19.151201,0.121403,241.764141
160,access-12,40.501977,19.03269,0.068831,246.299083
160,aggregation-05,39.393782,10.7424,0.105252,6106.177479
160,access-13,41.636713,18.967534,0.08578,254.252725
160,access-14,42.977899,17.844003,0.070076,257.399986
160,access-15,41.015022,18.297374,0.085821,259.844222
160,aggregation-06,37.359908,9.748305,0.063488,6374.111641
160,access-16,35.860846,17.850754,0.09941,262.316792
160,access-17,32.937014,17.347727,0.078564,262.260744
160,access-18,29.823585,16.881129,0.050764,261.335784
161,core-01,36.499112,2.000034,0.096146,30371.118386
161,core-02,39.418213,3.032356,0.096609,29779.066072
161,core-03,41.334384,1.879472,0.099511,29231.411379
161,aggregation-01,41.114613,6.397394,0.081554,5338.699673
161,access-01,40.733664,14.935514,0.146324,215.938302
161,access-02,41.270802,15.433009,0.121771,213.564986
161,access-03,36.424559,14.625512,0.108984,211.984622
161,aggregation-02,36.105295,8.036365,0.118831,5149.246668
161,access-04,33.492254,15.564557,0.052626,211.389587
161,access-05,29.756915,16.233233,0.072872,212.395223
161,access-06,27.940277,16.848635,0.057625,214.233732
161,aggregation-03,27.127333,8.44105,0.087796,5285.532816
161,access-07,67.936401,122.143745,4.880886,127.676627
161,access-08,26.948621,18.046662,0.061281,223.990693
161,access-09,27.515871,17.773107,0.105797,228.286419
161,aggregation-04,30.672109,9.269763,0.081537,5676.271891
161,access-10,36.227329,18.363985,0.056932,237.592996
161,access-11,36.963259,18.714375,0.105739,242.286236
161,access-12,39.590934,18.742433,0.092011,246.792244
161,aggregation-05,42.423437,11.039568,0.091056,6117.082787
161,access-13,41.381503,18.867373,0.100587,254.639089
161,access-14,40.805328,18.363152,0.086729,257.712133
161,access-15,41.271543,18.860463,0.064705,260.071497
161,aggregation-06,38.442202,9.54511,0.077549,6377.393686
161,access-16,36.626454,17.06869,0.113979,262.354217
161,access-17,33.003475,17.250461,0.06825,262.199669
161,access-18,29.960153,17.156997,0.042861,261.178294
162,core-01,38.53248,2.897118,0.04836,30302.85279
162,core-02,40.562418,2.679308,0.120258,29714.812841
162,core-03,42.676942,2.804968,0.124652,29173.363314
162,aggregation-01,41.877319,6.598768,0.074739,5329.439613
162,access-01,41.498936,15.148784,0.057165,215.633738
162,access-02,39.581595,15.009407,0.044279,213.346152
162,access-03,36.937067,15.682033,0.06884,211.858987
162,aggregation-02,35.617187,7.617498,0.095708,5148.560526
162,access-04,31.573959,15.33043,0.084912,211.459884
162,access-05,27.51858,16.950243,0.034515,212.561567
162,access-06,27.558773,16.946202,0.072097,214.490448
162,aggregation-03,28.306462,8.874593,0.06886,5293.779487
162,access-07,66.975188,122.321512,4.880427,127.913492
162,access-08,25.507915,18.528364,0.073263,224.455207
162,access-09,28.788244,17.784682,0.089646,228.791207
162,aggregation-04,33.311717,10.44533,0.051948,5689.137849
162,access-10,32.807301,18.933212,0.034107,238.125863
162,access-11,37.938276,19.171807,0.070754,242.80595
162,access-12,38.495172,18.160389,0.072883,247.281069
162,aggregation-05,41.107272,11.364782,0.103202,6127.838326
162,access-13,41.811224,19.44035,0.071141,255.017712
162,access-14,41.102867,18.553254,0.026346,258.015203
162,access-15,38.565579,17.96161,0.060749,260.288673
162,aggregation-06,38.37999,9.209434,0.092161,6380.412983
162,access-16,34.534726,17.862598,0.14122,262.380552
162,access-17,31.428567,17.081487,0.093571,262.127571
162,access-18,28.249575,16.523989,0.091092,261.010224
163,core-01,36.688486,2.771518,0.10721,30234.924486
163,core-02,39.902694,2.677226,0.070257,29651.152117
163,core-03,43.367801,2.470008,0.079639,29116.142753
163,aggregation-01,42.791362,6.006526,0.027939,5320.371629
163,access-01,42.84723,15.681262,0.073655,215.338361
163,access-02,39.714013,15.074445,0.116044,213.137498
163,access-03,38.017972,15.639768,0.072933,211.744176
163,aggregation-02,35.319275,7.452385,0.079754,5148.144964
163,access-04,31.688566,16.146377,0.057243,211.541179
163,access-05,28.685333,15.862045,0.105664,212.738432
163,access-06,26.473265,17.327106,0.077011,214.756846
163,aggregation-03,26.084631,8.918424,0.12175,5302.233713
163,access-07,67.286619,122.71756,4.876684,128.154451
163,access-08,26.972441,17.880297,0.092214,224.925079
163,access-09,28.648937,18.047454,0.052568,229.299471
163,aggregation-04,31.420064,10.429065,0.065034,5702.03977
163,access-10,33.285619,17.986031,0.048704,238.658154
163,access-11,37.586497,18.386575,0.060283,243.323057
163,access-12,41.384344,18.424026,0.092358,247.765345
163,aggregation-05,43.366877,10.562501,0.127674,6138.439426
163,access-13,44.578389,18.443314,0.083252,255.388427
163,access-14,41.870978,18.151337,0.086822,258.309066
163,access-15,40.803831,18.102662,0.048038,260.495654
163,aggregation-06,37.103355,9.402208,0.033675,6383.168221
163,access-16,35.014879,17.543582,0.088858,262.395784
163,access-17,32.402308,17.574517,0.046956,262.04448
163,access-18,28.448634,16.081086,0.033558,260.831646
164,core-01,37.479292,3.140691,0.098747,30167.362955
164,core-02,38.058912,2.282186,0.079928,29588.111531
164,core-03,41.881662,1.933951,0.058886,29059.774529
164,aggregation-01,43.282217,6.432975,0.059477,5311.499657
164,access-01,40.878911,15.936552,0.088937,215.052298
164,access-02,38.723694,15.887344,0.130391,212.939113
164,access-03,38.387061,15.084266,0.091416,211.64024
164,aggregation-02,34.647084,7.696469,0.078992,5148.000163
164,access-04,32.567202,17.275846,0.08972,211.633437
164,access-05,28.61588,16.521481,0.089228,212.925739
164,access-06,25.016534,16.910953,0.072137,215.032811
164,aggregation-03,25.337867,9.569556,0.096144,5310.891822
164,access-07,69.28046,122.622687,4.882558,128.399397
164,access-08,26.530274,17.442751,0.092632,225.400106
164,access-09,29.802737,19.155953,0.100741,229.81099
164,aggregation-04,33.618609,11.18853,0.126978,5714.972054
164,access-10,35.342546,18.468154,0.067758,239.189639
164,access-11,39.609844,19.270949,0.093562,243.837333
164,access-12,42.129409,18.404041,0.093323,248.244861
164,aggregation-05,41.879595,11.267889,0.104429,6148.881488
164,access-13,42.312731,19.298559,0.058996,255.751075
164,access-14,40.315238,18.290076,0.074575,258.593593
164,access-15,38.454333,17.955067,0.094973,260.69235
164,aggregation-06,36.391237,10.119852,0.088691,6385.658204
164,access-16,33.518604,16.595207,0.096578,262.399908
164,access-17,29.491055,17.157983,0.014006,261.950433
164,access-18,29.139617,16.809388,0.082568,260.642638
165,core-01,38.102826,2.442246,0.077113,30100.197519
165,core-02,43.419345,1.732157,0.106805,29525.718442
165,core-03,40.002725,2.284646,0.054429,29004.283107
165,aggregation-01,42.532785,7.30428,0.038453,5302.827548
165,access-01,41.599496,14.546937,0.097272,214.775674
165,access-02,38.431442,14.921984,0.089505,212.751084
165,access-03,36.984177,15.370377,0.100545,211.547223
165,aggregation-02,33.844865,7.876285,0.059203,5148.126185
165,access-04,30.775959,16.305954,0.067904,211.736618
165,access-05,28.672884,15.583327,0.099014,213.123409
165,access-06,28.131613,16.143577,0.046799,215.318223
165,aggregation-03,27.636304,9.492571,0.101506,5319.750058
165,access-07,67.901354,122.254232,4.854941,128.648226
165,access-08,27.319904,18.174519,0.07579,225.880079
165,access-09,30.490315,17.789523,0.072629,230.325543
165,aggregation-04,33.217918,9.94592,0.039984,5727.929089
165,access-10,35.051719,18.674626,0.046537,239.720087
165,access-11,36.254262,19.213841,0.110955,244.348555
165,access-12,41.832963,19.453852,0.083166,248.719411
165,aggregation-05,43.301065,9.898688,0.071373,6159.159978
165,access-13,42.149151,19.544426,0.099807,256.105498
165,access-14,42.444719,18.240623,0.063009,258.868662
165,access-15,37.992145,18.423983,0.083105,260.878677
165,aggregation-06,35.903684,9.556011,0.081383,6387.881853
165,access-16,32.694367,17.789351,0.120584,262.39292
165,access-17,30.654709,16.75034,0.074065,261.845471
165,access-18,27.740929,15.857227,0.082723,260.443282
166,core-01,37.970731,2.400466,0.080432,30033.457329
166,core-02,40.439656,2.540055,0.080956,29463.99993
166,core-03,40.548934,2.035757,0.08986,28949.692572
166,aggregation-01,42.961314,7.521597,0.073566,5294.359066
166,access-01,40.813264,14.744342,0.070702,214.508609
166,access-02,39.483601,15.31421,0.074589,212.573493
166,access-03,34.284401,15.357531,0.035815,211.465167
166,aggregation-02,31.097525,7.483559,0.061561,5148.522976
166,access-04,29.7603,16.097007,0.026722,211.850676
166,access-05,29.987168,16.68685,0.067233,213.331354
166,access-06,27.399449,17.137731,0.042152,215.612958
166,aggregation-03,24.981356,9.447085,0.074893,5328.804576
166,access-07,68.683422,124.053405,4.910999,128.900829
166,access-08,29.431173,17.774602,0.087992,226.364793
166,access-09,30.639097,18.460196,0.019937,230.842905
166,aggregation-04,32.95702,10.415274,0.094439,5740.905252
166,access-10,36.389151,18.960915,0.104588,240.249267
166,access-11,40.049511,18.728088,0.072879,244.856501
166,access-12,40.376506,19.055489,0.070916,249.188787
166,aggregation-05,40.475174,11.240762,0.075706,6169.270436
166,access-13,41.092285,18.549898,0.065854,256.451542
166,access-14,41.704239,18.111227,0.071069,259.134153
166,access-15,38.285538,17.624452,0.122206,261.054554
166,aggregation-06,36.239118,9.55757,0.102744,6389.838201
166,access-16,33.011125,17.475392,0.067742,262.374826
166,access-17,30.704044,17.441804,0.072554,261.729638
166,access-18,29.999661,16.671995,0.05633,260.233664
167,core-01,38.110663,1.526955,0.089331,29967.171351
167,core-02,41.226717,2.650438,0.084346,29402.982782
167,core-03,40.258113,1.948309,0.094668,28896.026616
167,aggregation-01,41.262636,7.115732,0.092535,5286.097885
167,access-01,41.301433,15.354382,0.08101,214.251219
167,access-02,37.22075,15.357919,0.073828,212.406416
167,access-03,36.581079,16.179883,0.088293,211.394106
167,aggregation-02,32.452413,8.129832,0.076793,5149.190364
167,access-04,30.803876,16.486551,0.055416,211.975562
167,access-05,29.623127,16.90924,0.091169,213.549485
167,access-06,25.168222,16.914155,0.065723,215.916889
167,aggregation-03,25.71682,9.349852,0.03312,5338.051446
167,access-07,69.365836,122.304348,4.868437,129.157096
167,access-08,26.975201,18.251836,0.094041,226.854035
167,access-09,29.992769,18.012902,0.073334,231.362853
167,aggregation-04,32.703547,10.046437,0.086067,5753.89491
167,access-10,37.092422,18.468308,0.084895,240.77695
167,access-11,39.922565,18.371991,0.112728,245.36095
167,access-12,42.20627,19.060544,0.099401,249.652786
167,aggregation-05,42.037621,10.676842,0.119668,6179.208474
167,access-13,43.781,18.804659,0.053401,256.789058
167,access-14,39.992447,18.22368,0.081584,259.38995
167,access-15,38.706161,18.09278,0.09803,261.219904
167,aggregation-06,37.116938,8.413178,0.094533,6391.5264
167,access-16,32.95207,18.275966,0.097899,262.345631
167,access-17,32.238897,16.37758,0.041846,261.602986
167,access-18,27.642878,16.9931,0.059988,260.013877
168,core-01,41.390219,2.336668,0.012395,29901.368355
168,core-02,42.73341,2.716579,0.062922,29342.69348
168,core-03,41.267112,1.818593,0.094386,28843.30853
168,aggregation-01,41.608113,7.478197,0.031759,5278.047592
168,access-01,42.313984,16.132748,0.086695,214.003615
168,access-02,37.814696,14.439868,0.059781,212.249927
168,access-03,36.143598,15.808762,0.110257,211.334072
168,aggregation-02,33.492054,6.698916,0.09557,5150.128058
168,access-04,30.466888,16.22538,0.062081,212.111223
168,access-05,28.181007,17.341536,0.060522,213.777707
168,access-06,26.761796,17.255086,0.087013,216.229884
168,aggregation-03,25.503515,9.329932,0.089064,5347.486655
168,access-07,69.171987,123.897347,4.826517,129.416916
168,access-08,29.409967,18.419803,0.071156,227.347594
168,access-09,29.050235,18.318312,0.111755,231.885161
168,aggregation-04,35.009325,10.21463,0.126443,5766.892425
168,access-10,35.385789,18.485204,0.06886,241.302908
168,access-11,40.215319,18.039918,0.068655,245.861684
168,access-12,40.546386,18.663141,0.080316,250.111207
168,aggregation-05,42.758095,10.230022,0.060358,6188.969778
168,access-13,42.877319,18.252622,0.059847,257.117897
168,access-14,41.213797,18.673447,0.103754,259.635943
168,access-15,38.230703,17.72147,0.066825,261.374655
168,aggregation-06,36.207509,9.386727,0.103062,6392.945717
168,access-16,32.417587,17.061236,0.079658,262.305349
168,access-17,28.718755,16.870234,0.074057,261.465568
168,access-18,29.058848,15.690703,0.091443,259.784014
169,core-01,38.447415,3.051043,0.136125,29836.076899
169,core-02,42.401201,2.241339,0.070016,29283.158189
169,core-03,42.030348,2.862094,0.094391,28791.561196
169,aggregation-01,41.386761,6.779333,0.058026,5270.211681
169,access-01,40.550489,15.365674,0.078786,213.765904
169,access-02,36.176697,14.707851,0.117614,212.104092
169,access-03,35.422297,15.417671,0.094468,211.28509
169,aggregation-02,32.370784,7.928903,0.085167,5151.335653
169,access-04,29.997568,16.682461,0.064405,212.257599
169,access-05,27.751794,16.013846,0.080287,214.015921
169,access-06,25.311022,17.963131,0.061203,216.551806
169,aggregation-03,25.121289,9.638051,0.066964,5357.106108
169,access-07,68.750638,122.302834,4.901246,129.680177
169,access-08,29.557971,17.79453,0.063773,227.845255
169,access-09,31.418141,18.041288,0.088517,232.409601
169,aggregation-04,36.106849,10.200783,0.088671,5779.892158
169,access-10,38.8138,18.108247,0.069583,241.826911
169,access-11,39.220852,18.715174,0.107687,246.358484
169,access-12,40.402971,18.358365,0.070182,250.563851
169,aggregation-05,42.564914,10.284656,0.045786,6198.550113
169,access-13,43.822412,18.603249,0.089741,257.437919
169,access-14,40.774661,17.686091,0.046563,259.872025
169,access-15,36.403084,17.565001,0.073116,261.518741
169,aggregation-06,35.899791,9.974091,0.038559,6394.095537
169,access-16,32.377674,17.423923,0.083893,262.253998
169,access-17,30.154827,17.03225,0.090525,261.317446
169,access-18,26.834796,16.540307,0.05719,259.544175
170,core-01,40.894451,2.404082,0.112283,29771.32532
170,core-02,41.405737,2.020641,0.079184,29224.40275
170,core-03,43.710944,2.123229,0.07273,28740.807072
170,aggregation-01,40.071968,7.817452,0.043501,5262.593551
170,access-01,41.120847,15.300549,0.070848,213.538191
170,access-02,37.969583,15.835169,0.067965,211.968976
170,access-03,35.863667,16.338534,0.086477,211.247182
170,aggregation-02,32.336191,7.779478,0.11581,5152.812623
170,access-04,29.127752,16.212705,0.063592,212.414626
170,access-05,28.169838,16.688904,0.075709,214.264023
170,access-06,26.591006,16.658046,0.050663,216.882516
170,aggregation-03,26.597854,9.891942,0.050907,5366.90563
170,access-07,68.932658,122.504725,4.855299,129.946764
170,access-08,27.599246,19.070718,0.059982,228.346803
170,access-09,31.570791,17.89987,0.083527,232.935948
170,aggregation-04,33.437172,11.016452,0.056325,5792.888465
170,access-10,38.880167,18.763077,0.070835,242.348732
170,access-11,40.757082,19.073947,0.067393,246.851137
170,access-12,41.793559,18.339965,0.034535,251.010521
170,aggregation-05,41.774582,10.14194,0.046129,6207.94532
170,access-13,41.511872,18.985703,0.093335,257.748983
170,access-14,40.020384,18.422684,0.043853,260.098094
170,access-15,37.298621,17.658113,0.098687,261.652099
170,aggregation-06,34.037187,9.12526,0.074478,6394.975359
170,access-16,32.1467,17.428253,0.093137,262.191599
170,access-17,27.979436,17.173013,0.094893,261.158683
170,access-18,27.063089,15.825293,0.045434,259.294466
171,core-01,39.0538,3.040318,0.077816,29707.141722
171,core-02,40.551842,2.107548,0.081168,29166.452662
171,core-03,39.877512,2.703338,0.116257,28691.068186
171,aggregation-01,40.85932,7.540726,0.135019,5255.19651
171,access-01,40.988577,14.847958,0.132638,213.320574
171,access-02,36.260536,16.081058,0.051855,211.844637
171,access-03,32.726215,15.601285,0.085039,211.220364
171,aggregation-02,30.738974,8.116105,0.082296,5154.558328
171,access-04,29.761596,16.022634,0.088779,212.582237
171,access-05,26.378689,16.650955,0.050432,214.521906
171,access-06,27.316222,17.08829,0.109748,217.221871
171,aggregation-03,26.331365,9.920942,0.132012,5376.880967
171,access-07,69.091597,123.40883,4.885117,130.216561
171,access-08,27.202043,18.63612,0.037548,228.85202
171,access-09,31.1113,18.406175,0.10115,233.463971
171,aggregation-04,36.443307,9.906178,0.108215,5805.875707
171,access-10,37.667538,19.15835,0.085423,242.868145
171,access-11,40.42653,19.036885,0.066782,247.339426
171,access-12,42.340359,19.46173,0.08387,251.451024
171,aggregation-05,39.244069,10.406439,0.066228,6217.151321
171,access-13,39.914498,18.121412,0.102165,258.050955
171,access-14,40.657762,18.788574,0.052788,260.31405
171,access-15,36.827057,18.083071,0.062233,261.77467
171,aggregation-06,34.911291,9.0636,0.117502,6395.584802
171,access-16,34.436472,17.166785,0.057214,262.11818
171,access-17,28.991161,16.191496,0.066105,260.989348
171,access-18,27.17664,17.014934,0.119199,259.034993
172,core-01,43.158836,2.146581,0.084871,29643.553962
172,core-02,41.834375,2.304229,0.069054,29109.333077
172,core-03,40.802281,1.762431,0.074077,28642.366125
172,aggregation-01,39.410438,7.043422,0.086806,5248.023768
172,access-01,38.298047,15.316847,0.109634,213.113147
172,access-02,36.734876,16.272476,0.091912,211.731129
172,access-03,34.499472,15.879969,0.090669,211.204648
172,aggregation-02,31.198181,8.131267,0.061345,5156.572011
172,access-04,30.987943,16.580164,0.089981,212.760359
172,access-05,25.914355,15.956196,0.07763,214.789459
172,access-06,25.773905,18.172796,0.075963,217.569723
172,aggregation-03,29.158321,9.369333,0.053655,5387.027792
172,access-07,68.584553,122.78799,4.846218,130.489452
172,access-08,28.95853,18.627377,0.024134,229.360686
172,access-09,30.877824,18.555507,0.104437,233.993442
172,aggregation-04,34.914374,9.355474,0.090287,5818.848245
172,access-10,37.444076,18.756616,0.090035,243.384924
172,access-11,40.145409,19.349135,0.084963,247.823142
172,access-12,41.101692,19.931086,0.063874,251.885168
172,aggregation-05,41.014814,10.818059,0.044745,6226.164121
172,access-13,42.720859,18.559863,0.127883,258.343704
172,access-14,38.636079,18.483583,0.074348,260.519802
172,access-15,37.499117,17.845932,0.059886,261.886402
172,aggregation-06,34.685238,9.675275,0.077751,6395.923602
172,access-16,31.856903,16.495728,0.052443,262.033773
172,access-17,29.128803,16.983371,0.103009,260.809514
172,access-18,26.867982,16.321973,0.054808,258.76587
173,core-01,37.938648,2.501666,0.116146,29580.589636
173,core-02,39.454606,2.495306,0.0858,29053.068785
173,core-03,41.190398,0.8548,0.051838,28594.722026
173,aggregation-01,42.146106,7.316274,0.061518,5241.078438
173,access-01,39.437278,15.823348,0.058218,212.916001
173,access-02,38.034584,15.701096,0.099048,211.628501
173,access-03,34.846844,15.914694,0.0849,211.20004
173,aggregation-02,30.709718,8.22427,0.10097,5158.852796
173,access-04,29.388053,15.937204,0.111889,212.948914
173,access-05,28.106251,16.901474,0.069261,215.066564
173,access-06,27.28139,17.583343,0.082418,217.925921
173,aggregation-03,27.47256,10.137734,0.116641,5397.341698
173,access-07,71.371039,122.705933,4.877825,130.765318
173,access-08,27.81855,18.789542,0.075823,229.872581
173,access-09,32.213453,18.965378,0.004004,234.524131
173,aggregation-04,37.489408,10.71562,0.071995,5831.800452
173,access-10,37.895613,18.429704,0.124635,243.898846
173,access-11,39.541058,18.97135,0.084153,248.302073
173,access-12,41.560278,19.298081,0.068083,252.312764
173,aggregation-05,42.900024,10.57414,0.109192,6234.979808
173,access-13,41.161247,17.850803,0.117014,258.627103
173,access-14,38.878962,17.778399,0.073282,260.715259
173,access-15,35.660307,18.317052,0.075515,261.987246
173,aggregation-06,35.212546,9.56617,0.087854,6395.991612
173,access-16,30.773092,17.620631,0.098495,261.938413
173,access-17,29.172072,16.12557,0.108924,260.61926
173,access-18,25.832277,16.432584,0.083934,258.487214
174,core-01,41.910514,2.0445,0.107286,29518.276072
174,core-02,42.285156,1.172452,0.056794,28997.684206
174,core-03,41.821717,1.881562,0.08981,28548.156568
174,aggregation-01,39.864297,7.126123,0.098203,5234.363534
174,access-01,38.801243,15.094794,0.106543,212.729221
174,access-02,36.054952,15.236238,0.079805,211.536797
174,access-03,33.980113,15.126496,0.069372,211.206544
174,aggregation-02,29.27369,8.093086,0.060498,5161.399695
174,access-04,28.188157,15.736167,0.092278,213.147821
174,access-05,27.710502,16.662506,0.081569,215.353101
174,access-06,24.916249,16.727365,0.117242,218.29031
174,aggregation-03,23.196242,9.907621,0.114963,5407.818211
174,access-07,70.425695,123.397027,4.844028,131.044039
174,access-08,32.510826,18.869366,0.101855,230.387482
174,access-09,32.290155,18.485537,0.098457,235.055808
174,aggregation-04,35.604379,10.117361,0.08389,5844.726704
174,access-10,37.023778,18.596796,0.078885,244.409686
174,access-11,41.111987,19.753531,0.121938,248.776013
174,access-12,40.122193,19.098685,0.102327,252.733628
174,aggregation-05,41.388133,11.471099,0.07636,6243.594557
174,access-13,40.333775,17.725387,0.074613,258.901029
174,access-14,40.480353,18.193972,0.118059,260.900336
174,access-15,36.886731,17.703136,0.050115,262.077159
174,aggregation-06,33.831044,9.352496,0.090402,6395.788802
174,access-16,30.822184,16.93165,0.027925,261.832144
174,access-17,29.711207,16.559003,0.118476,260.418668
174,access-18,26.761355,15.634698,0.096741,258.199146
175,core-01,43.324777,2.838549,0.128184,29456.640316
175,core-02,42.502003,3.190076,0.043221,28943.203376
175,core-03,42.571132,2.378581,0.066606,28502.689961
175,aggregation-01,40.751204,7.69139,0.065097,5227.881971
175,access-01,39.489791,16.292529,0.038664,212.552887
175,access-02,35.016321,15.290245,0.122675,211.456058
175,access-03,33.424387,15.893089,0.082979,211.224155
175,aggregation-02,29.684787,8.041945,0.080476,5164.211602
175,access-04,29.339941,16.138103,0.093636,213.356994
175,access-05,27.893706,16.562893,0.095305,215.648947
175,access-06,25.775867,16.874485,0.059351,218.662733
175,aggregation-03,24.974943,9.313233,0.08073,5418.452784
175,access-07,70.914548,123.33424,4.854166,131.325495
175,access-08,30.592626,18.020448,0.092781,230.905167
175,access-09,32.598627,19.308806,0.075627,235.588242
175,aggregation-04,35.432633,10.286786,0.022819,5857.621392
175,access-10,38.468379,19.590492,0.098047,244.917224
175,access-11,41.14975,19.772469,0.076037,249.244755
175,access-12,43.460351,18.026755,0.070376,253.147577
175,aggregation-05,41.145416,10.950247,0.088622,6252.004628
175,access-13,41.255913,18.001029,0.099629,259.165362
175,access-14,38.484082,17.314865,0.04492,261.074953
175,access-15,36.372328,17.540536,0.052113,262.156101
175,aggregation-06,32.523354,9.997332,0.074965,6395.31526
175,access-16,30.890856,16.724615,0.048993,261.71501
175,access-17,26.064142,16.428401,0.055364,260.207825
175,access-18,26.860967,15.891672,0.113082,257.90179
176,core-01,39.427532,2.990847,0.081319,29395.709117
176,core-02,39.064239,2.174861,0.084989,28889.649943
176,core-03,42.091243,2.618472,0.110433,28458.341938
176,aggregation-01,38.567499,6.181762,0.102695,5221.636562
176,access-01,37.768674,14.771885,0.050307,212.387077
176,access-02,35.607039,15.818413,0.070909,211.386319
176,access-03,34.133364,16.968649,0.076363,211.252867
176,aggregation-02,28.205787,8.738593,0.088091,5167.287296
176,access-04,26.924363,16.491911,0.085589,213.576341
176,access-05,26.107458,16.752541,0.077416,215.953973
176,access-06,26.102042,17.780549,0.099169,219.043028
176,aggregation-03,25.332814,9.854324,0.098178,5429.2408
176,access-07,70.844721,123.712585,4.896708,131.609562
176,access-08,31.61517,18.259574,0.077281,231.42541
176,access-09,35.15713,18.379673,0.071099,236.121202
176,aggregation-04,35.750438,10.448423,0.0629,5870.478919
176,access-10,38.768896,18.715438,0.089481,245.421239
176,access-11,41.06441,18.690755,0.073109,249.708095
176,access-12,42.859396,18.659468,0.066162,253.554431
176,aggregation-05,42.042276,10.144738,0.06489,6260.206371
176,access-13,41.908913,17.378933,0.098146,259.419989
176,access-14,36.679973,17.647603,0.083958,261.239035
176,access-15,33.734495,17.606188,0.096541,262.224038
176,aggregation-06,33.949932,9.146736,0.086647,6394.571191
176,access-16,29.306311,15.89229,0.100178,261.587063
176,access-17,30.253504,16.286475,0.078572,259.986823
176,access-18,24.890563,16.158901,0.083514,257.595275
177,core-01,41.63552,2.566964,0.087975,29335.50892
177,core-02,42.467871,2.236651,0.09129,28837.047148
177,core-03,41.844124,2.313563,0.074684,28415.131746
177,aggregation-01,38.259219,6.515279,0.061855,5215.630017
177,access-01,37.810025,15.909209,0.072669,212.231863
177,access-02,37.039022,16.249842,0.077715,211.32761
177,access-03,34.302177,16.347021,0.071236,211.292666
177,aggregation-02,28.225975,8.156215,0.079448,5170.625443
177,access-04,29.309042,16.218614,0.095212,213.805767
177,access-05,28.314498,16.89858,0.055839,216.268046
177,access-06,24.273223,16.825374,0.089947,219.431029
177,aggregation-03,27.509563,9.759012,0.082078,5440.177577
177,access-07,71.210229,123.170644,4.845216,131.896118
177,access-08,30.754295,18.964777,0.132043,231.947985
177,access-09,33.715992,18.625766,0.067292,236.654457
177,aggregation-04,36.566717,11.313869,0.097192,5883.293705
177,access-10,37.896604,19.218659,0.094415,245.921512
177,access-11,40.625957,17.649147,0.067715,250.165833
177,access-12,44.153792,18.394985,0.07193,253.954013
177,aggregation-05,41.563483,11.226874,0.052594,6268.196226
177,access-13,41.941422,18.12283,0.03787,259.664798
177,access-14,39.471874,17.665791,0.066736,261.39251
177,access-15,35.604632,17.824006,0.072594,262.280941
177,aggregation-06,32.2734,9.998059,0.041423,6393.55692
177,access-16,29.98771,16.778367,0.063016,261.448358
177,access-17,27.674637,16.405678,0.09194,259.755758
177,access-18,27.456959,16.329595,0.076692,257.279735
178,core-01,40.517238,1.888322,0.062435,29276.065854
178,core-02,43.47949,2.616655,0.06493,28785.417821
178,core-03,42.377897,1.763407,0.054689,28373.078139
178,aggregation-01,39.598215,6.816288,0.078362,5209.864944
178,access-01,37.383929,15.797111,0.031085,212.087311
178,access-02,36.853126,15.680073,0.064562,211.279956
178,access-03,32.064761,16.049732,0.075397,211.343536
178,aggregation-02,29.32145,8.447407,0.049891,5174.224593
178,access-04,27.755297,16.908765,0.083078,214.045173
178,access-05,26.385828,17.175001,0.091296,216.59103
178,access-06,25.741805,17.748981,0.064846,219.826569
178,aggregation-03,27.920589,10.241524,0.067249,5451.25837
178,access-07,69.405976,123.122152,4.83637,132.185039
178,access-08,33.161935,18.261741,0.062048,232.472667
178,access-09,35.374097,18.322473,0.068122,237.187775
178,aggregation-04,37.756831,10.969298,0.102411,5896.060188
178,access-10,38.479095,17.774386,0.045123,246.417826
178,access-11,41.51867,19.120171,0.071516,250.617771
178,access-12,41.71786,18.165422,0.04508,254.346149
178,aggregation-05,42.442575,10.641983,0.064214,6275.970727
178,access-13,39.912021,17.187261,0.078024,259.899684
178,access-14,37.824227,17.65618,0.074318,261.535312
178,access-15,34.212791,17.804056,0.075099,262.326785
178,aggregation-06,31.597433,9.366208,0.099568,6392.272884
178,access-16,27.681484,16.739977,0.026903,261.298955
178,access-17,27.481659,16.193356,0.066437,259.514729
178,access-18,25.776901,16.184066,0.070713,256.955306
179,core-01,40.74628,3.107386,0.104182,29217.405717
179,core-02,42.244782,2.317913,0.105354,28734.784371
179,core-03,40.180218,1.800402,0.119081,28332.199368
179,aggregation-01,38.644958,7.075137,0.044141,5204.343844
179,access-01,38.664165,16.898468,0.070066,211.953485
179,access-02,34.349388,15.904384,0.085,211.243378
179,access-03,31.218515,16.138446,0.06397,211.405454
179,aggregation-02,30.327679,7.575403,0.036137,5178.083185
179,access-04,26.482267,16.683509,0.088951,214.294455
179,access-05,25.033111,17.001832,0.130629,216.922785
179,access-06,26.241453,16.639462,0.087995,220.229476
179,aggregation-03,25.086021,9.896337,0.070375,5462.478368
179,access-07,72.068205,123.337612,4.852837,132.476199
179,access-08,32.17479,19.269179,0.094589,232.999226
179,access-09,35.352009,18.542462,0.071966,237.720924
179,aggregation-04,37.268428,11.36731,0.085822,5908.772828
179,access-10,39.740202,18.420387,0.051432,246.909966
179,access-11,39.727726,18.497523,0.056927,251.063711
179,access-12,41.932117,18.158869,0.058936,254.730671
179,aggregation-05,41.027077,10.355999,0.090146,6283.526498
179,access-13,40.276796,18.581905,0.077104,260.124544
179,access-14,38.38744,17.49195,0.09076,261.667378
179,access-15,34.174842,16.888162,0.064691,262.36155
179,aggregation-06,32.228075,9.560841,0.020453,6390.719643
179,access-16,29.400095,17.14496,0.066841,261.138919
179,access-17,27.078889,16.520161,0.1027,259.263842
179,access-18,26.527647,16.180447,0.054033,256.62213
180,core-01,41.743152,2.236021,0.078209,29159.553969
180,core-02,42.481663,2.281836,0.071456,28685.168773
180,core-03,43.098392,1.687566,0.066818,28292.513177
180,aggregation-01,39.931224,7.153642,0.068499,5199.069113
180,access-01,38.285189,15.504982,0.104477,211.830443
180,access-02,35.10054,15.73093,0.128228,211.217891
180,access-03,32.194625,15.968483,0.088479,211.478393
180,aggregation-02,28.71956,8.66915,0.108709,5182.199545
180,access-04,26.000613,17.152361,0.04498,214.553504
180,access-05,25.529339,17.081758,0.099831,217.263168
180,access-06,25.931824,17.627194,0.002814,220.639574
180,aggregation-03,26.866291,10.105368,0.105566,5473.832703
180,access-07,73.313444,123.335399,4.900695,132.769471
180,access-08,31.960344,17.908139,0.080886,233.527436
180,access-09,36.217228,19.053604,0.069965,238.253674
180,aggregation-04,38.204468,11.311031,0.073631,5921.426106
180,access-10,40.733489,19.035279,0.060486,247.397718
180,access-11,41.904328,18.725733,0.07864,251.50346
180,access-12,41.090304,18.513421,0.059438,255.107411
180,aggregation-05,40.644448,10.374047,0.102593,6290.86026
180,access-13,40.892478,17.980865,0.114161,260.339281
180,access-14,35.402576,17.061,0.112746,261.788651
180,access-15,33.871468,17.663019,0.072893,262.385221
180,aggregation-06,30.934104,8.809969,0.089045,6388.897871
180,access-16,29.147284,17.967679,0.082898,260.96832
180,access-17,25.409817,16.247829,0.090185,259.003206
180,access-18,25.282984,16.276332,0.076296,256.280351
181,core-01,41.457398,2.534448,0.08196,29102.535717
181,core-02,41.321177,2.394087,0.088787,28636.59256
181,core-03,40.997393,2.601788,0.051612,28254.036788
181,aggregation-01,40.478045,6.681983,0.074612,5194.043042
181,access-01,38.198742,15.292489,0.046679,211.718238
181,access-02,34.00266,15.424248,0.080574,211.203508
181,access-03,32.022566,16.788789,0.076962,211.562323
181,aggregation-02,27.41841,7.859158,0.089453,5186.571885
181,access-04,26.0386,17.235354,0.046862,214.822209
181,access-05,25.857637,16.233794,0.140961,217.612029
181,access-06,26.107711,16.876237,0.065794,221.056686
181,aggregation-03,28.975897,10.99566,0.111537,5485.316445
181,access-07,72.840355,124.179271,4.865906,133.064729
181,access-08,32.112832,18.138453,0.087703,234.057065
181,access-09,35.300368,18.08658,0.13016,238.785793
181,aggregation-04,38.655692,10.321633,0.124691,5934.014532
181,access-10,39.780133,18.292879,0.059778,247.880871
181,access-11,39.012692,18.865581,0.067608,251.936829
181,access-12,40.326134,18.712324,0.107418,255.476205
181,aggregation-05,43.371338,10.50654,0.052361,6297.968831
181,access-13,41.014693,18.408554,0.06064,260.543802
181,access-14,36.945779,17.225258,0.092713,261.899079
181,access-15,33.133808,17.312826,0.086962,262.397787
181,aggregation-06,31.397842,9.487737,0.085362,6386.808357
181,access-16,27.296559,16.549782,0.111852,260.787232
181,access-17,27.042314,16.565735,0.107604,258.732933
181,access-18,25.357372,16.38812,0.052034,255.930117
182,core-01,40.677201,2.472244,0.072542,29046.375709
182,core-02,41.255906,2.027865,0.041835,28589.076816
182,core-03,41.573603,2.628864,0.079754,28216.786901
182,aggregation-01,38.657925,6.801812,0.033743,5189.267811
182,access-01,36.683768,15.464247,0.09515,211.616919
182,access-02,34.738338,16.461324,0.080367,211.200234
182,access-03,29.396752,16.083567,0.118395,211.657206
182,aggregation-02,30.216467,8.089258,0.066603,5191.198308
182,access-04,26.926576,16.35149,0.095336,215.100453
182,access-05,26.312985,17.188874,0.061801,217.969218
182,access-06,24.72409,17.240359,0.073975,221.480631
182,aggregation-03,29.845301,9.903038,0.061617,5496.924612
182,access-07,71.636637,124.163945,4.847691,133.361844
182,access-08,33.736076,18.214211,0.129244,234.587885
182,access-09,37.040231,19.383315,0.134806,239.31705
182,aggregation-04,38.518239,10.822406,0.096046,5946.532642
182,access-10,42.38435,18.168669,0.095946,248.359214
182,access-11,41.290315,18.880397,0.132424,252.363627
182,access-12,41.637283,19.168499,0.108109,255.836893
182,aggregation-05,41.145421,9.682455,0.108734,6304.849125
182,access-13,38.784277,17.986201,0.09331,260.738018
182,access-14,36.972987,18.099761,0.061529,261.998614
182,access-15,34.890881,17.829981,0.113239,262.399244
182,aggregation-06,31.28691,8.064107,0.085418,6384.452009
182,access-16,30.202903,16.075809,0.059629,260.595733
182,access-17,27.634294,15.410956,0.045707,258.453141
182,access-18,25.920568,15.443247,0.086296,255.571581
183,core-01,44.9558,2.121228,0.053594,28991.098318
183,core-02,42.454417,2.364884,0.077928,28542.642163
183,core-03,40.971618,1.733495,0.04892,28180.779684
183,aggregation-01,38.462794,7.873521,0.059715,5184.745492
183,access-01,36.846163,14.823501,0.106212,211.526529
183,access-02,35.404314,16.963208,0.033194,211.208071
183,access-03,32.079191,16.205782,0.078052,211.763001
183,aggregation-02,28.536162,8.020621,0.071678,5196.076805
183,access-04,27.354966,17.484727,0.032468,215.388114
183,access-05,25.445818,17.745271,0.084491,218.33458
183,access-06,25.157237,18.034662,0.091369,221.911225
183,aggregation-03,26.561425,10.397321,0.116045,5508.652165
183,access-07,70.04352,123.61519,4.878967,133.660688
183,access-08,33.575752,17.999354,0.0874,235.119665
183,access-09,36.123582,17.752277,0.062006,239.847214
183,aggregation-04,39.051779,9.931239,0.087609,5958.975002
183,access-10,40.420332,18.937569,0.059479,248.83254
183,access-11,43.955215,18.679074,0.076954,252.783671
183,access-12,45.177483,18.771455,0.053093,256.189319
183,aggregation-05,41.5583,10.031152,0.054549,6311.498156
183,access-13,38.003374,18.070162,0.088666,260.921844
183,access-14,36.535682,18.316704,0.106639,262.087212
183,access-15,30.612494,17.413863,0.126438,262.389591
183,aggregation-06,30.686019,9.85197,0.06906,6381.829849
183,access-16,28.612571,16.36388,0.052031,260.393906
183,access-17,27.162299,16.660164,0.077129,258.163951
183,access-18,26.060375,15.304934,0.094507,255.204897
184,core-01,42.209774,1.484604,0.022032,28936.727536
184,core-02,40.577248,1.694892,0.088199,28497.308753
184,core-03,39.617594,1.877211,0.067998,28146.030763
184,aggregation-01,38.746701,7.171347,0.078051,5180.478049
184,access-01,37.333681,15.614911,0.067194,211.447108
184,access-02,34.354868,16.320323,0.142134,211.227015
184,access-03,29.659563,16.80675,0.113151,211.879663
184,aggregation-02,28.285448,9.716043,0.114027,5201.205261
184,access-04,24.731302,16.538385,0.115449,215.685068
184,access-05,23.165811,16.974276,0.069798,218.707956
184,access-06,26.068772,18.04742,0.0206,222.34828
184,aggregation-03,26.472167,9.281952,0.063064,5520.494014
184,access-07,31.311789,18.005563,0.0795,230.967465
184,access-08,32.033478,18.532344,0.065612,235.652174
184,access-09,36.673943,18.80356,0.085612,240.376056
184,aggregation-04,37.176847,10.510739,0.079464,5971.336213
184,access-10,41.321166,18.455418,0.048051,249.300645
184,access-11,43.061177,18.899674,0.062415,253.196778
184,access-12,40.019186,18.688491,0.044487,256.53333
184,aggregation-05,40.259405,10.79475,0.038601,6317.913038
184,access-13,38.897601,17.891104,0.048526,261.095201
184,access-14,37.013201,17.760341,0.084804,262.164835
184,access-15,33.17549,17.298151,0.085028,262.368831
184,aggregation-06,30.459306,8.520801,0.028943,6378.943016
184,access-16,28.47802,16.48617,0.106165,260.181839
184,access-17,26.657033,15.395342,0.08694,257.865489
184,access-18,25.574902,15.269796,0.068808,254.830226
185,core-01,43.214894,2.142397,0.099855,28883.28696
185,core-02,40.802178,1.495738,0.109016,28453.096263
185,core-03,39.995527,3.056734,0.051408,28112.55522
185,aggregation-01,40.719325,7.110913,0.06201,5176.467334
185,access-01,36.029575,14.9201,0.089286,211.378691
185,access-02,34.274469,15.955811,0.078948,211.257057
185,access-03,30.857475,15.778177,0.105247,212.00714
185,aggregation-02,30.037316,8.896643,0.068606,5206.581448
185,access-04,26.957496,16.943734,0.092644,215.991187
185,access-05,25.108971,16.265184,0.067981,219.089185
185,access-06,26.898822,17.435811,0.098838,222.791608
185,aggregation-03,28.641569,10.251639,0.083426,5532.44502
185,access-07,29.847559,18.237084,0.035375,231.488
185,access-08,33.394781,18.425978,0.069229,236.185182
185,access-09,36.690715,18.424311,0.095045,240.903346
185,aggregation-04,40.126248,11.688962,0.113232,5983.61091
185,access-10,38.978578,18.504507,0.045667,249.763323
185,access-11,43.510795,18.810863,0.075992,253.602768
185,access-12,41.72761,18.904335,0.039216,256.868776
185,aggregation-05,39.349729,10.100125,0.094001,6324.090987
185,access-13,39.544785,18.224778,0.013989,261.258014
185,access-14,35.973952,18.270832,0.026415,262.23145
185,access-15,32.891405,17.85729,0.072113,262.336974
185,aggregation-06,29.765304,7.923489,0.104005,6375.792762
185,access-16,26.147205,17.032793,0.071918,259.959625
185,access-17,27.060936,15.872703,0.067562,257.557884
185,access-18,26.529577,16.361308,0.059651,254.447729
186,core-01,40.908969,1.660179,0.099804,28830.799784
186,core-02,40.316031,1.372495,0.091497,28410.023881
186,core-03,40.841432,2.52058,0.106553,28080.367584
186,aggregation-01,38.50992,6.639821,0.070585,5172.715087
186,access-01,36.080593,15.341418,0.116282,211.321307
186,access-02,32.341353,15.459119,0.040802,211.298186
186,access-03,27.730678,16.311107,0.07024,212.145378
186,aggregation-02,28.422702,8.467824,0.078361,5212.203034
186,access-04,25.782465,16.377682,0.039547,216.306336
186,access-05,27.788139,17.05033,0.09033,219.4781
186,access-06,26.611033,17.764409,0.088914,223.241016
186,aggregation-03,26.677468,10.112444,0.115065,5544.499995
186,access-07,29.692702,18.673015,0.070048,232.01084
186,access-08,34.229447,17.86853,0.053096,236.718456
186,access-09,37.963765,19.931255,0.090442,241.428855
186,aggregation-04,38.42554,10.937908,0.097117,5995.793765
186,access-10,41.25412,18.986253,0.103312,250.220376
186,access-11,42.978354,18.094587,0.077645,254.001465
186,access-12,42.65721,18.576241,0.086569,257.195512
186,aggregation-05,39.581037,10.607032,0.083192,6330.029323
186,access-13,37.276103,19.035873,0.093312,261.410211
186,access-14,36.299695,17.907947,0.082606,262.287027
186,access-15,33.066214,18.066868,0.113927,262.294034
186,aggregation-06,30.383094,8.384956,0.052643,6372.380455
186,access-16,29.013549,15.849741,0.082016,259.727358
186,access-17,24.940195,15.465834,0.06929,257.24127
186,access-18,26.415035,16.694533,0.081069,254.057573
187,core-01,42.073941,1.716124,0.105723,28779.288788
187,core-02,41.464327,1.368224,0.050985,28368.1103
187,core-03,39.649754,1.204341,0.1008,28049.481825
187,aggregation-01,37.792528,6.860704,0.096179,5169.222937
187,access-01,34.029495,16.11063,0.089184,211.274981
187,access-02,31.718092,16.368141,0.111118,211.350383
187,access-03,30.424885,16.183576,0.067184,212.294316
187,aggregation-02,25.340311,9.115437,0.061388,5218.067578
187,access-04,26.314014,16.937037,0.100721,216.630381
187,access-05,24.134587,17.372925,0.078113,219.874533
187,access-06,26.002992,17.061368,0.028652,223.696308
187,aggregation-03,30.313922,10.034766,0.119227,5556.653708
187,access-07,30.378999,18.938862,0.070767,232.535759
187,access-08,32.452877,18.828951,0.072224,237.251766
187,access-09,36.913315,18.507679,0.08026,241.952355
187,aggregation-04,37.94875,10.86117,0.095744,6007.87949
187,access-10,40.668996,18.572753,0.098115,250.671604
187,access-11,41.786484,18.746826,0.116201,254.392697
187,access-12,40.398816,19.248628,0.025349,257.513396
187,aggregation-05,40.383458,9.988203,0.046314,6335.725466
187,access-13,37.113682,17.307992,0.051581,261.551728
187,access-14,35.65057,18.093371,0.095561,262.331542
187,access-15,31.448673,17.466681,0.065705,262.240029
187,aggregation-06,28.145045,8.029379,0.058298,6368.707575
187,access-16,27.71131,15.832408,0.04765,259.485141
187,access-17,26.379208,15.972733,0.020801,256.915784
187,access-18,25.939024,16.538071,0.080021,253.659926
188,core-01,44.248671,1.982376,0.126007,28728.776328
188,core-02,41.066302,2.794344,0.066197,28327.373713
188,core-03,39.711702,1.310266,0.09478,28019.911348
188,aggregation-01,38.999028,7.355225,0.080688,5165.9924
188,access-01,34.734387,15.970182,0.099734,211.239733
188,access-02,32.063474,15.648136,0.075748,211.413625
188,access-03,28.179741,16.572527,0.065804,212.45389
188,aggregation-02,27.748387,9.293218,0.095602,5224.172536
188,access-04,27.124874,17.655468,0.039168,216.963179
188,access-05,26.356608,17.946163,0.085228,220.278311
188,access-06,28.160433,17.599515,0.087991,224.157288
188,aggregation-03,28.535996,10.342359,0.070372,5568.900884
188,access-07,31.928444,18.305739,0.089073,233.062529
188,access-08,34.852266,18.89262,0.053545,237.78488
188,access-09,37.074054,19.105297,0.06351,242.473619
188,aggregation-04,40.799194,11.657859,0.047541,6019.862841
188,access-10,41.273585,18.529163,0.079483,251.116811
188,access-11,42.627052,18.048164,0.102131,254.776294
188,access-12,40.803154,18.404176,0.091355,257.822291
188,aggregation-05,41.386703,10.290843,0.095588,6341.176946
188,access-13,40.137649,18.543685,0.083736,261.682501
188,access-14,37.009025,17.690662,0.081116,262.364976
188,access-15,32.66175,17.43847,0.090389,262.174982
188,aggregation-06,29.442276,8.955114,0.060318,6364.775717
188,access-16,26.772138,16.768881,0.051953,259.233078
188,access-17,26.699461,16.070562,0.078683,256.581568
188,access-18,24.649674,15.859078,0.104355,253.254963
189,core-01,41.023223,1.451997,0.10294,28679.284328
189,core-02,43.801358,2.402379,0.06337,28287.831798
189,core-03,39.202294,2.469203,0.075434,27991.668985
189,aggregation-01,36.620182,8.275678,0.077119,5163.024877
189,access-01,34.382628,15.834489,0.098262,211.215579
189,access-02,31.04836,16.164607,0.13034,211.487885
189,access-03,29.885598,16.043481,0.051302,212.624031
189,aggregation-02,25.379973,9.005232,0.104274,5230.515257
189,access-04,25.89418,16.497366,0.120033,217.304586
189,access-05,25.553232,18.311342,0.125221,220.689261
189,access-06,25.687531,17.632535,0.079307,224.623755
189,aggregation-03,31.367055,10.257964,0.116766,5581.236208
189,access-07,29.581436,18.639344,0.082016,233.590921
189,access-08,35.658594,19.252883,0.069218,238.317566
189,access-09,36.849637,19.25761,0.107493,242.992421
189,aggregation-04,39.999352,10.222012,0.010065,6031.738617
189,access-10,42.119686,18.081338,0.089266,251.555805
189,access-11,43.106527,18.851441,0.084003,255.152089
189,access-12,41.717706,18.064317,0.093083,258.122061
189,aggregation-05,41.615668,9.694834,0.072426,6346.381397
189,access-13,35.41901,17.92896,0.114854,261.802476
189,access-14,35.202673,17.219476,0.076448,262.387315
189,access-15,33.763861,16.882383,0.124613,262.098923
189,aggregation-06,29.140919,9.31021,0.062813,6360.586587
189,access-16,26.099606,15.810721,0.083746,258.97128
189,access-17,25.946097,16.154992,0.091796,256.238767
189,access-18,25.092722,16.129238,0.076505,252.842857
190,core-01,41.963923,2.254494,0.091948,28630.834268
190,core-02,41.750142,2.694453,0.071936,28249.501719
190,core-03,40.661533,2.582627,0.062083,27964.766996
190,aggregation-01,37.041735,8.125855,0.075709,5160.321657
190,access-01,34.052464,15.242647,0.076237,211.202529
190,access-02,30.649685,16.497303,0.096384,211.573131
190,access-03,29.260406,16.317944,0.076937,212.804664
190,aggregation-02,25.579312,9.011387,0.051447,5237.09299
190,access-04,24.123466,16.979419,0.068195,217.654455
190,access-05,25.86855,18.109098,0.094389,221.107202
190,access-06,28.300186,18.060806,0.111783,225.095506
190,aggregation-03,27.352995,10.025558,0.058223,5593.654325
190,access-07,32.767044,18.36882,0.08006,234.120705
190,access-08,35.254428,18.248728,0.117249,238.849593
190,access-09,38.365522,17.801064,0.097264,243.508534
190,aggregation-04,40.525271,11.487655,0.09617,6043.501663
190,access-10,40.537428,18.271661,0.076151,251.988395
190,access-11,43.152412,17.982652,0.114278,255.519918
190,access-12,39.484956,18.509903,0.094021,258.412578
190,aggregation-05,41.045209,9.974045,0.069817,6351.336559
190,access-13,38.159091,16.975648,0.083821,261.911599
190,access-14,33.968596,16.975736,0.100258,262.398549
190,access-15,31.778213,17.058938,0.053317,262.011884
190,aggregation-06,29.247372,8.625967,0.058824,6356.142004
190,access-16,27.536076,16.286292,0.080495,258.699858
190,access-17,26.517479,16.133962,0.068,255.887528
190,access-18,25.69968,15.258373,0.077034,252.423789
191,core-01,42.507526,2.687698,0.076971,28583.447175
191,core-02,41.648235,2.863475,0.060786,28212.400109
191,core-03,39.081099,1.865791,0.071614,27939.217056
191,aggregation-01,37.38961,6.876138,0.048624,5157.883913
191,access-01,34.508092,15.713229,0.060633,211.200588
191,access-02,32.04192,16.402879,0.095043,211.669326
191,access-03,29.550058,16.16985,0.070715,212.995711
191,aggregation-02,26.913225,9.290982,0.107516,5243.902878
191,access-04,25.968679,18.212216,0.068251,218.012633
191,access-05,25.504687,17.232647,0.090695,221.531955
191,access-06,29.085148,18.51171,0.088585,225.572337
191,aggregation-03,31.990105,9.920069,0.061925,5606.149846
191,access-07,33.567032,18.616573,0.02029,234.651652
191,access-08,38.424192,19.172275,0.109093,239.380732
191,access-09,38.548284,18.072051,0.056749,244.021737
191,aggregation-04,41.685735,10.750502,0.08006,6055.146874
191,access-10,39.985861,19.145692,0.084001,252.414393
191,access-11,43.789186,18.504507,0.045542,255.879623
191,access-12,41.768973,17.852923,0.05569,258.693714
191,aggregation-05,39.116496,9.892581,0.1068,6356.040282
191,access-13,37.238129,17.763963,0.092264,262.009824
191,access-14,32.74774,17.487189,0.09701,262.398672
191,access-15,31.677456,17.112717,0.06371,261.913902
191,aggregation-06,25.734362,8.489481,0.103503,6351.443896
191,access-16,27.709211,16.628555,0.073693,258.418932
191,access-17,24.277717,16.412131,0.111123,255.528006
191,access-18,24.331775,15.1462,0.073255,251.99794
192,core-01,41.275757,1.815922,0.113955,28537.143616
192,core-02,42.951662,2.145852,0.098326,28176.543073
192,core-03,37.936489,2.344555,0.119441,27915.030253
192,aggregation-01,40.004311,7.890402,0.091401,5155.712702
192,access-01,32.730968,16.120874,0.106486,211.209758
192,access-02,31.472696,15.564017,0.118322,211.776428
192,access-03,27.740929,16.575933,0.087991,213.19709
192,aggregation-02,26.536507,8.358494,0.078106,5250.941967
192,access-04,27.56623,16.738096,0.073264,218.378965
192,access-05,25.793641,17.871155,0.068036,221.963334
192,access-06,26.115875,17.925047,0.059334,226.054041
192,aggregation-03,31.158685,9.32793,0.034269,5618.717349
192,access-07,32.263074,18.921197,0.080314,235.183532
192,access-08,35.427379,18.780466,0.101654,239.910749
192,access-09,38.738519,18.605177,0.104646,244.531805
192,aggregation-04,43.234847,10.949164,0.108877,6066.669196
192,access-10,42.416586,18.845849,0.053416,252.833614
192,access-11,42.056239,18.423327,0.07864,256.231047
192,access-12,40.254567,18.029754,0.072253,258.965348
192,aggregation-05,39.351637,9.528631,0.10977,6360.490524
192,access-13,36.969091,18.339202,0.097182,262.097107
192,access-14,31.465468,16.725633,0.056088,262.387686
192,access-15,30.117964,16.835925,0.107278,261.805021
192,aggregation-06,27.401355,8.968271,0.115749,6346.494302
192,access-16,25.06242,16.072867,0.112692,258.128622
192,access-17,25.519003,16.411779,0.122233,255.160355
192,access-18,25.824987,16.137623,0.076348,251.565495
193,core-01,42.378011,2.324641,0.091366,28491.943687
193,core-02,41.833365,2.476658,0.099829,28141.946172
193,core-03,37.804383,1.909356,0.072301,27892.217085
193,aggregation-01,36.264528,8.14722,0.116931,5153.808967
193,access-01,33.258738,16.376677,0.103322,211.230034
193,access-02,32.33691,16.138215,0.096635,211.89439
193,access-03,27.27601,16.010369,0.103398,213.408713
193,aggregation-02,28.791325,10.456185,0.072477,5258.207201
193,access-04,23.215391,17.043416,0.071263,218.753292
193,access-05,26.764953,17.77929,0.023019,222.401152
193,access-06,27.317602,18.361083,0.077388,226.540409
193,aggregation-03,30.294813,9.964321,0.050301,5631.351378
193,access-07,32.06954,19.325565,0.102165,235.716114
193,access-08,35.668542,19.500825,0.103958,240.439417
193,access-09,39.752312,19.054017,0.094746,245.038517
193,aggregation-04,41.277805,10.538356,0.054116,6078.063628
193,access-10,41.057543,18.820068,0.032383,253.245876
193,access-11,40.372287,19.102384,0.096044,256.574038
193,access-12,38.88807,18.112063,0.114604,259.227362
193,aggregation-05,41.055579,9.624209,0.044838,6364.685354
193,access-13,35.147751,17.270008,0.042613,262.173411
193,access-14,32.349064,17.053505,0.077083,262.365594
193,access-15,28.454802,17.41724,0.084275,261.685287
193,aggregation-06,29.235436,8.246811,0.085987,6341.295371
193,access-16,27.982269,16.216709,0.092631,257.829056
193,access-17,25.509326,16.169234,0.059891,254.784736
193,access-18,27.217324,15.706663,0.0,251.126642
194,core-01,42.084824,2.530274,0.100345,28447.867006
194,core-02,38.503855,2.192636,0.069912,28108.624422
194,core-03,38.313875,2.484971,0.095114,27870.787454
194,aggregation-01,38.781028,7.211309,0.104466,5152.173535
194,access-01,33.160052,15.299325,0.097232,211.261408
194,access-02,29.539367,16.661462,0.072591,212.023162
194,access-03,28.45727,16.313819,0.090211,213.630487
194,aggregation-02,25.37023,8.975093,0.064334,5265.695428
194,access-04,27.974593,17.463729,0.119943,219.135452
194,access-05,27.348429,18.388413,0.072071,222.84522
194,access-06,29.900389,18.404676,0.043882,227.03123
194,aggregation-03,29.834418,11.136107,0.069576,5644.04645
194,access-07,34.853673,19.216351,0.060532,236.249165
194,access-08,37.298636,19.035962,0.11551,240.966506
194,access-09,39.242743,19.19847,0.064637,245.541654
194,aggregation-04,41.842113,10.677508,0.078917,6089.325224
194,access-10,42.446993,19.080744,0.08087,253.651
194,access-11,41.394355,19.388128,0.023971,256.908447
194,access-12,40.937979,18.354054,0.077877,259.479643
194,aggregation-05,38.072733,10.491338,0.034401,6368.622952
194,access-13,36.689775,16.932347,0.049123,262.238702
194,access-14,33.274363,17.174438,0.117929,262.332406
194,access-15,32.461772,16.922986,0.132638,261.554753
194,aggregation-06,28.033183,8.059958,0.0,6335.849359
194,access-16,27.753378,15.861067,0.138182,257.520363
194,access-17,27.164871,16.375757,0.021295,254.401311
194,access-18,27.476132,16.10794,0.102238,250.68157
195,core-01,41.756428,2.669805,0.119825,28404.932703
195,core-02,41.083484,1.61841,0.036904,28076.592285
195,core-03,38.257776,1.991312,0.062922,27850.750659
195,aggregation-01,36.770844,7.523736,0.037619,5150.807115
195,access-01,32.32774,15.569079,0.104899,211.303866
195,access-02,30.672536,15.914214,0.046069,212.162687
195,access-03,27.993067,16.919888,0.03492,213.862318
195,aggregation-02,27.089506,9.314895,0.074948,5273.403397
195,access-04,26.209104,18.056395,0.121913,219.525278
195,access-05,25.479868,17.690641,0.055032,223.295344
195,access-06,29.288486,17.566848,0.114157,227.52629
195,aggregation-03,31.115257,10.569754,0.047183,5656.797055
195,access-07,33.473249,18.753796,0.105469,236.782456
195,access-08,35.763999,17.825202,0.091565,241.491786
195,access-09,40.217911,18.525458,0.094354,246.040996
195,aggregation-04,40.754265,11.603684,0.110343,6100.449098
195,access-10,43.732507,18.837074,0.110667,254.048811
195,access-11,41.729235,17.963918,0.04487,257.234128
195,access-12,40.959277,17.755932,0.046837,259.72208
195,aggregation-05,36.966053,9.423904,0.121913,6372.301608
195,access-13,34.361446,17.182731,0.092253,262.292953
195,access-14,33.882373,16.63105,0.142127,262.288137
195,access-15,29.523026,16.289751,0.077356,261.413474
195,aggregation-06,26.295213,7.979705,0.053798,6330.158629
195,access-16,27.092025,16.089593,0.09461,257.202677
195,access-17,25.236802,15.64049,0.056593,254.010247
195,access-18,27.516487,15.479405,0.169397,250.230474
196,core-01,41.800842,2.145879,0.091406,28363.159411
196,core-02,40.127081,2.086516,0.07174,28045.863663
196,core-03,37.182516,3.318451,0.032127,27832.115398
196,aggregation-01,35.016795,7.26199,0.042318,5149.710301
196,access-01,33.191522,15.944572,0.084297,211.357389
196,access-02,29.896848,16.298014,0.110778,212.312905
196,access-03,29.738648,17.121421,0.118889,214.104104
196,aggregation-02,24.320239,9.019323,0.061616,5281.327763
196,access-04,27.615143,18.298823,0.06672,219.922602
196,access-05,26.169659,19.243435,0.040666,223.751329
196,access-06,27.988214,18.537831,0.058589,228.025376
196,aggregation-03,30.951638,10.392637,0.09703,5669.59766
196,access-07,33.828383,18.617101,0.078633,237.315755
196,access-08,37.70245,18.53598,0.064364,242.015029
196,access-09,41.191528,18.448363,0.044296,246.536328
196,aggregation-04,41.606049,10.721942,0.107581,6111.43042
196,access-10,41.755136,18.105447,0.061708,254.439136
196,access-11,39.950439,19.474041,0.087545,257.550941
196,access-12,41.188768,18.290015,0.047071,259.954569
196,aggregation-05,37.044613,10.590683,0.039288,6375.719726
196,access-13,34.857475,17.719877,0.098063,262.336139
196,access-14,32.139305,17.676649,0.051229,262.232806
196,access-15,30.581319,17.054763,0.063124,261.261514
196,aggregation-06,28.250093,8.607929,0.106773,6324.225652
196,access-16,26.793987,15.659609,0.12422,256.876137
196,access-17,26.411117,15.941102,0.070646,253.611714
196,access-18,27.252529,14.995323,0.097154,249.773549
197,core-01,41.714806,1.352285,0.073203,28322.565261
197,core-02,40.615654,2.226962,0.104467,28016.451893
197,core-03,35.527452,1.929926,0.088805,27814.889758
197,aggregation-01,35.963294,7.857562,0.103239,5148.883567
197,access-01,31.908941,15.891979,0.09291,211.421955
197,access-02,30.687352,15.944066,0.038449,212.473751
197,access-03,27.914784,16.370999,0.038401,214.35574
197,aggregation-02,26.193164,9.808494,0.058361,5289.465087
197,access-04,25.713469,17.357254,0.13086,220.32725
197,access-05,27.89647,17.647025,0.091749,224.212978
197,access-06,28.248261,18.14426,0.093024,228.52827
197,aggregation-03,31.65794,10.548714,0.067695,5682.442709
197,access-07,36.854298,18.29314,0.10724,237.848829
197,access-08,37.060116,19.413929,0.091767,242.53601
197,access-09,41.525171,18.658164,0.062123,247.027435
197,aggregation-04,41.584927,10.093024,0.11009,6122.264426
197,access-10,41.04878,18.140434,0.078342,254.821805
197,access-11,40.191682,19.166255,0.049121,257.858747
197,access-12,38.43966,18.078977,0.119026,260.177008
197,aggregation-05,37.024267,9.92454,0.110811,6378.875823
197,access-13,35.751625,17.355349,0.040762,262.368243
197,access-14,32.572889,17.712453,0.107681,262.166436
197,access-15,29.13105,17.422934,0.071995,261.098936
197,aggregation-06,27.121692,8.401456,0.117141,6318.053002
197,access-16,25.905005,16.352572,0.06387,256.540882
197,access-17,25.380875,15.693933,0.051928,253.205884
197,access-18,27.163712,15.263308,0.114813,249.310993
198,core-01,40.650352,2.663088,0.092977,28283.167871
198,core-02,40.622078,2.480006,0.065079,27988.369739
198,core-03,36.298431,2.623002,0.105677,27799.081215
198,aggregation-01,34.552739,7.038016,0.101746,5148.327274
198,access-01,33.220608,15.493774,0.028631,211.497535
198,access-02,29.803488,16.162361,0.032313,212.645154
198,access-03,27.143714,16.102892,0.07975,214.617117
198,aggregation-02,27.09914,8.905563,0.072799,5297.811837
198,access-04,24.000781,17.571479,0.109858,220.739048
198,access-05,28.334793,18.014342,0.091576,224.68009
198,access-06,29.87938,18.163876,0.108973,229.034753
198,aggregation-03,31.678054,10.088964,0.081299,5695.326627
198,access-07,35.363855,19.018568,0.03011,238.381449
198,access-08,36.762784,19.121027,0.061001,243.0545
198,access-09,38.480034,18.063234,0.102495,247.514102
198,aggregation-04,41.029429,10.780798,0.094101,6132.946413
198,access-10,41.532811,18.974098,0.074641,255.196652
198,access-11,41.901899,18.597343,0.038286,258.157414
198,access-12,38.989135,17.767428,0.087993,260.389301
198,aggregation-05,36.687319,10.010893,0.079314,6381.768528
198,access-13,36.012466,17.581893,0.10662,262.38925
198,access-14,31.398025,16.633367,0.078942,262.089057
198,access-15,29.773617,16.449036,0.057974,260.925813
198,aggregation-06,28.232537,8.54187,0.079981,6311.643359
198,access-16,27.261163,16.2192,0.090633,256.197061
198,access-17,27.383595,15.83225,0.101404,252.792933
198,access-18,28.177261,15.075596,0.039126,248.843007
199,core-01,41.147739,1.753914,0.07629,28244.98434
199,core-02,38.748924,2.082683,0.105777,27961.629391
199,core-03,38.194502,2.535261,0.085531,27784.696631
199,aggregation-01,33.431345,7.98605,0.072256,5148.041662
199,access-01,31.465851,16.185765,0.072343,211.584097
199,access-02,28.807546,16.193659,0.081727,212.827041
199,access-03,24.91292,17.077347,0.03517,214.888122
199,aggregation-02,26.386933,8.88142,0.097546,5306.36439
199,access-04,25.174331,17.630686,0.050962,221.157817
199,access-05,26.569551,17.782278,0.0339,225.152461
199,access-06,28.56619,18.321492,0.082626,229.544607
199,aggregation-03,32.491055,10.451359,0.004498,5708.243822
199,access-07,34.459299,17.822952,0.074246,238.913382
199,access-08,38.264553,18.478364,0.072439,243.570277
199,access-09,40.551354,18.615736,0.070557,247.996119
199,aggregation-04,41.621584,10.862979,0.065137,6143.471745
199,access-10,42.483848,18.201549,0.123753,255.563515
199,access-11,42.443753,18.872941,0.079589,258.446812
199,access-12,40.065875,17.759656,0.067502,260.591357
199,aggregation-05,39.676316,10.191827,0.09267,6384.396586
199,access-13,34.681723,17.478354,0.069292,262.39915
199,access-14,30.243364,16.339048,0.067888,262.000703
199,access-15,28.552414,16.126297,0.025724,260.742219
199,aggregation-06,27.030192,8.158116,0.072308,6304.999503
199,access-16,27.344847,15.583674,0.100092,255.84482
199,access-17,26.167409,15.50869,0.108171,252.373042
199,access-18,25.52547,14.779978,0.050844,248.369794
200,core-01,40.383999,2.66252,0.07621,28208.03124
200,core-02,37.886475,2.066402,0.075184,27936.242453
200,core-03,36.750122,2.292236,0.099389,27771.742248
200,aggregation-01,33.087522,8.451889,0.107975,5148.026855
200,access-01,31.495151,16.012558,0.082006,211.681603
200,access-02,27.302012,16.423008,0.070511,213.019333
200,access-03,29.2807,17.457333,0.020637,215.168637
200,aggregation-02,25.250479,9.734106,0.066512,5315.119034
200,access-04,27.114983,18.247393,0.079282,221.583374
200,access-05,28.118556,17.978921,0.063664,225.629888
200,access-06,29.477014,18.449057,0.062564,230.05761
200,aggregation-03,30.88404,10.633455,0.078694,5721.188688
200,access-07,34.537027,18.698878,0.08816,239.444397
200,access-08,38.535329,19.568948,0.091385,244.083115
200,access-09,43.391712,19.063511,0.104424,248.473278
200,aggregation-04,41.477926,10.822224,0.099004,6153.835853
200,access-10,41.467147,18.782685,0.039298,255.922234
200,access-11,40.035178,18.789229,0.110021,258.726814
200,access-12,38.502308,18.394677,0.053991,260.783087
200,aggregation-05,36.506667,9.201887,0.103559,6386.758856
200,access-13,32.208327,17.641881,0.07417,262.39794
200,access-14,30.559978,16.969674,0.057052,261.901411
200,access-15,27.552074,17.31544,0.0627,260.548233
200,aggregation-06,26.583186,8.797678,0.083507,6298.12432
200,access-16,24.597837,15.782258,0.075763,255.484314
200,access-17,24.999272,15.923295,0.075749,251.946391
200,access-18,27.590223,15.198201,0.001137,247.89156
201,core-01,40.838204,2.162037,0.064357,28172.324609
201,core-02,38.053568,2.290379,0.033106,27912.219944
201,core-03,36.025401,2.856145,0.054658,27760.223689
201,aggregation-01,33.436728,7.501982,0.095456,5148.282861
201,access-01,31.116329,15.390231,0.088267,211.790011
201,access-02,28.708462,16.485193,0.134129,213.221945
201,access-03,27.120567,17.119571,0.08544,215.45854
201,aggregation-02,26.22426,9.503817,0.106263,5324.071971
201,access-04,26.336595,17.081584,0.066628,222.015536
201,access-05,28.51374,18.915143,0.109067,226.112163
201,access-06,30.126151,18.664132,0.121309,230.57354
201,aggregation-03,31.856582,9.835415,0.087295,5734.155607
201,access-07,36.827685,19.487237,0.12992,239.974265
201,access-08,36.991118,18.539298,0.079905,244.592792
201,access-09,40.208961,18.814672,0.094852,248.945369
201,aggregation-04,40.738121,10.807957,0.073863,6164.03424
201,access-10,43.123283,19.139641,0.029306,256.272655
201,access-11,41.401096,18.574988,0.071771,258.9973
201,access-12,37.177539,17.601391,0.068907,260.964407
201,aggregation-05,37.021396,10.697338,0.034074,6388.854314
201,access-13,34.569545,17.175171,0.046878,262.385621
201,access-14,31.745183,16.512119,0.04732,261.791225
201,access-15,28.319927,17.118295,0.074254,260.343941
201,aggregation-06,25.829448,8.563148,0.074115,6291.020792
201,access-16,25.963316,15.852086,0.062049,255.115698
201,access-17,25.233837,15.724976,0.113104,251.513167
201,access-18,31.369851,15.717937,0.114191,247.408513
202,core-01,41.167813,3.414018,0.093429,28137.879944
202,core-02,38.088929,2.79355,0.055537,27889.57229
202,core-03,34.886777,2.421464,0.062504,27750.145953
202,aggregation-01,32.406339,7.692423,0.085984,5148.809567
202,access-01,30.420564,15.304038,0.082658,211.909273
202,access-02,28.485698,16.425428,0.039615,213.434791
202,access-03,27.361051,16.38785,0.110593,215.757706
202,aggregation-02,26.189579,9.777115,0.06731,5333.219313
202,access-04,26.195504,17.62132,0.115082,222.454114
202,access-05,26.706632,18.189944,0.077135,226.599077
202,access-06,29.599101,19.035414,0.052324,231.092171
202,aggregation-03,34.01658,10.454481,0.099511,5747.13895
202,access-07,36.631519,18.165041,0.091926,240.502756
202,access-08,37.692427,19.145098,0.033534,245.099086
202,access-09,40.150227,18.145592,0.079224,249.41219
202,aggregation-04,40.16864,10.156293,0.038552,6174.06248
202,access-10,41.421545,18.193053,0.083527,256.614623
202,access-11,39.838544,17.82942,0.050905,259.258152
202,access-12,39.374619,17.74957,0.057189,261.13524
202,aggregation-05,35.888389,10.46536,0.063281,6390.68205
202,access-13,34.644958,16.301594,0.062009,262.362197
202,access-14,27.984278,16.605652,0.093752,261.670192
202,access-15,28.891878,16.806536,0.049689,260.12943
202,aggregation-06,27.105965,9.333112,0.081321,6283.692003
202,access-16,27.211985,15.965143,0.096847,254.739134
202,access-17,27.595691,15.541509,0.079399,251.073558
202,access-18,27.053776,15.69833,0.088637,246.92086
203,core-01,41.411136,2.673198,0.106893,28104.712195
203,core-02,38.256868,3.154147,0.084334,27868.30932
203,core-03,36.660669,1.557333,0.145617,27741.513414
203,aggregation-01,30.988892,8.119059,0.089776,5149.606745
203,access-01,30.50975,16.474627,0.094001,212.039338
203,access-02,26.671048,17.277053,0.144813,213.657778
203,access-03,27.130984,17.820237,0.060308,216.066004
203,aggregation-02,26.684435,10.093028,0.093098,5342.557092
203,access-04,26.579769,17.809907,0.083344,222.898919
203,access-05,28.411178,17.487659,0.067661,227.090418
203,access-06,30.973281,18.718266,0.10669,231.61328
203,aggregation-03,35.062674,10.442973,0.120963,5760.133084
203,access-07,37.827029,18.076214,0.064088,241.029639
203,access-08,40.166498,18.663161,0.043912,245.601779
203,access-09,39.222537,19.085687,0.076673,249.873537
203,aggregation-04,43.540621,10.312288,0.076781,6183.916219
203,access-10,43.030208,18.281864,0.067498,256.947992
203,access-11,38.548379,17.622379,0.079792,259.509257
203,access-12,37.284433,18.126653,0.076525,261.295512
203,aggregation-05,35.077572,8.901016,0.061607,6392.24127
203,access-13,32.366347,16.932142,0.060342,262.327678
203,access-14,29.749813,15.674163,0.08158,261.538365
203,access-15,27.422801,15.924988,0.055852,259.904794
203,aggregation-06,26.240282,8.341273,0.119655,6276.141134
203,access-16,27.089781,15.431649,0.059906,254.354783
203,access-17,28.753362,15.496838,0.074479,250.627753
203,access-18,27.961639,15.347137,0.06127,246.428816
204,core-01,40.578533,2.120185,0.107496,28072.835756
204,core-02,37.803752,2.175679,0.075227,27848.440262
204,core-03,34.295955,3.077057,0.109899,27734.329819
204,aggregation-01,32.077193,7.926488,0.060489,5150.67405
204,access-01,29.6319,16.028321,0.096421,212.18015
204,access-02,28.770132,16.78645,0.078258,213.890809
204,access-03,26.687796,17.487789,0.064054,216.383301
204,aggregation-02,25.352991,8.806387,0.092755,5352.081254
204,access-04,28.539188,17.820787,0.072305,223.349757
204,access-05,29.3441,18.539459,0.054239,227.585972
204,access-06,30.663974,17.776163,0.06303,232.13664
204,aggregation-03,35.20322,9.816665,0.085156,5773.132368
204,access-07,38.247056,19.214288,0.060674,241.554687
204,access-08,40.660825,19.239874,0.096386,246.100652
204,access-09,42.597045,18.713723,0.052998,250.329209
204,aggregation-04,42.420792,10.82587,0.058282,6193.591182
204,access-10,40.904268,18.621609,0.023972,257.272617
204,access-11,40.120191,18.45145,0.060962,259.750506
204,access-12,38.193773,18.205383,0.036065,261.445152
204,aggregation-05,35.064235,10.005166,0.091099,6393.531297
204,access-13,31.698476,16.899107,0.094115,262.282081
204,access-14,27.440872,17.10536,0.112886,261.395802
204,access-15,27.768938,15.815766,0.081385,259.67013
204,aggregation-06,27.171567,8.087178,0.080655,6268.371461
204,access-16,24.262419,15.850707,0.071714,253.962814
204,access-17,25.992941,15.5215,0.053272,250.175947
204,access-18,31.231836,15.798903,0.10042,245.932592
205,core-01,38.675878,1.929648,0.092654,28042.264464
205,core-02,37.1339,2.451245,0.077257,27829.97374
205,core-03,33.361103,2.471216,0.085547,27728.598284
205,aggregation-01,31.636356,7.795015,0.088049,5152.011017
205,access-01,29.13161,15.877497,0.043194,212.331647
205,access-02,26.164971,16.559012,0.092891,214.133782
205,access-03,26.318002,18.19676,0.085113,216.709459
205,aggregation-02,27.012732,9.45647,0.123645,5361.787666
205,access-04,27.916083,17.980034,0.069368,223.806432
205,access-05,29.270177,18.362924,0.036898,228.085526
205,access-06,33.012368,18.906472,0.090204,232.662024
205,aggregation-03,35.16755,10.758312,0.091456,5786.13116
205,access-07,40.442919,18.699634,0.090024,242.077671
205,access-08,39.322505,19.133035,0.075659,246.595488
205,access-09,42.18206,19.228111,0.049327,250.77901
205,aggregation-04,41.550088,10.340983,0.082607,6203.083169
205,access-10,40.519283,18.951849,0.060616,257.588356
205,access-11,39.54875,18.102823,0.033174,259.981794
205,access-12,38.626788,17.970051,0.065885,261.584095
205,aggregation-05,35.864927,8.749068,0.102276,6394.551573
205,access-13,32.056469,16.887253,0.099447,262.225423
205,access-14,29.211347,16.795144,0.042873,261.242564
205,access-15,27.095661,16.424301,0.085081,259.42554
205,aggregation-06,25.934081,8.469912,0.083819,6260.386357
205,access-16,26.199131,15.326861,0.061872,253.563396
205,access-17,27.519208,15.585149,0.111818,249.718335
205,access-18,28.213201,14.526754,0.052424,245.432405
206,core-01,40.429743,2.309772,0.053507,28013.011585
206,core-02,35.834117,3.198231,0.072249,27812.917769
206,core-03,33.43085,2.779484,0.075048,27724.321299
206,aggregation-01,30.555904,8.280813,0.073284,5153.617068
206,access-01,30.146027,15.61822,0.098767,212.493763
206,access-02,26.766258,17.309236,0.052035,214.386593
206,access-03,24.468456,17.794536,0.114096,217.044337
206,aggregation-02,26.556834,8.936786,0.086495,5371.672115
206,access-04,27.103023,18.037243,0.08663,224.268747
206,access-05,29.246444,18.528299,0.04414,228.588863
206,access-06,32.674162,18.690952,0.077597,233.189204
206,aggregation-03,33.235199,10.380838,0.028412,5799.12382
206,access-07,35.889216,18.192045,0.077634,242.598364
206,access-08,39.310953,18.443709,0.064892,247.086073
206,access-09,40.068881,18.913544,0.087944,251.222744
206,aggregation-04,42.610032,10.2841,0.118127,6212.388061
206,access-10,42.095385,18.212053,0.053068,257.895073
206,access-11,38.25746,18.097499,0.091576,260.203021
206,access-12,36.235509,18.007243,0.11811,261.712282
206,aggregation-05,32.940551,9.507275,0.091532,6395.301654
206,access-13,32.080598,17.275958,0.06883,262.157731
206,access-14,29.910553,16.766786,0.064946,261.078717
206,access-15,28.203648,16.289219,0.08224,259.17113
206,aggregation-06,25.044258,7.533481,0.086295,6252.189287
206,access-16,26.53768,16.527315,0.04891,253.156702
206,access-17,28.066195,15.582771,0.047133,249.255117
206,access-18,29.271048,15.272179,0.093075,244.928471
207,core-01,39.108939,2.598587,0.062359,27985.089816
207,core-02,37.458867,2.12025,0.06054,27797.279752
207,core-03,32.934881,2.374355,0.095024,27721.500718
207,aggregation-01,31.334925,7.783305,0.081451,5155.491503
207,access-01,28.832796,16.448707,0.108284,212.666429
207,access-02,27.228865,17.004033,0.047602,214.649132
207,access-03,25.477744,16.937365,0.059785,217.387789
207,aggregation-02,27.836376,9.195175,0.023421,5381.730311
207,access-04,26.412777,17.596904,0.106214,224.736501
207,access-05,29.798794,18.871187,0.112803,229.095762
207,access-06,32.383324,18.39352,0.100397,233.717951
207,aggregation-03,31.876632,11.204413,0.079648,5812.104707
207,access-07,37.429443,18.104275,0.047037,243.116541
207,access-08,38.100741,17.576084,0.128881,247.572194
207,access-09,42.525695,18.247911,0.102365,251.660218
207,aggregation-04,41.847755,10.809136,0.087277,6221.501819
207,access-10,41.941352,18.482765,0.037173,258.192634
207,access-11,40.100029,18.047571,0.06677,260.41409
207,access-12,37.305834,18.469682,0.080056,261.829657
207,aggregation-05,35.454985,8.711625,0.080461,6395.781214
207,access-13,30.391646,17.612493,0.027688,262.079034
207,access-14,29.491063,17.356779,0.078741,260.904333
207,access-15,28.521151,15.311524,0.083788,258.907012
207,aggregation-06,25.665403,8.155262,0.090028,6243.783809
207,access-16,25.278443,15.437834,0.068625,252.742909
207,access-17,26.922133,16.050671,0.080831,248.786494
207,access-18,29.27058,15.210769,0.082453,244.421009
208,core-01,40.213961,3.10806,0.05265,27958.511276
208,core-02,37.868227,2.750723,0.072138,27783.066474
208,core-03,35.234674,2.077871,0.065105,27720.137767
208,aggregation-01,30.029095,7.757219,0.032708,5157.633511
208,access-01,29.368562,17.082744,0.081514,212.849568
208,access-02,28.23514,16.943298,0.046575,214.921284
208,access-03,27.50938,16.865746,0.062119,217.739666
208,aggregation-02,25.240686,9.331692,0.067073,5391.957889
208,access-04,27.202507,18.180806,0.083262,225.20949
208,access-05,29.999392,17.884084,0.082077,229.606006
208,access-06,31.842723,18.807314,0.080835,234.248035
208,aggregation-03,35.514077,10.180671,0.042511,5825.068188
208,access-07,36.367763,18.954659,0.039634,243.631977
208,access-08,39.632765,19.384181,0.078904,248.053639
208,access-09,41.571729,18.720887,0.060459,252.091243
208,aggregation-04,42.249652,11.614147,0.070894,6230.420488
208,access-10,39.760204,18.184416,0.040777,258.48091
208,access-11,39.089248,18.007727,0.068886,260.614911
208,access-12,36.111095,18.632908,0.070262,261.936169
208,aggregation-05,34.717386,8.962259,0.051568,6395.990046
208,access-13,29.86642,17.788426,0.061804,261.989365
208,access-14,29.411272,16.116899,0.071697,260.719487
208,access-15,26.784143,15.710225,0.106568,258.633298
208,aggregation-06,25.848949,7.200974,0.083665,6235.173572
208,access-16,26.702744,16.080616,0.097036,252.322197
208,access-17,28.892917,15.611206,0.107608,248.312667
208,access-18,28.879599,14.76273,0.057487,243.910239
209,core-01,38.746493,2.222869,0.087924,27933.287499
209,core-02,36.32577,1.764589,0.084833,27770.284105
209,core-03,32.915346,2.714774,0.096542,27720.233037
209,aggregation-01,30.176515,7.581726,0.12287,5160.042162
209,access-01,29.275872,16.884991,0.123643,213.043103
209,access-02,28.005667,16.625828,0.076443,215.202932
209,access-03,25.886328,17.467486,0.087179,218.099815
209,aggregation-02,25.975494,9.730875,0.086951,5402.35041
209,access-04,27.079559,18.306092,0.115162,225.687509
209,access-05,32.320435,18.977438,0.09175,230.119372
209,access-06,31.298895,18.385329,0.075526,234.779227
209,aggregation-03,36.175167,10.321913,0.111788,5838.008637
209,access-07,37.678992,17.9479,0.092699,244.144447
209,access-08,39.744251,19.403884,0.055476,248.5302
209,access-09,40.929194,18.567735,0.087783,252.515631
209,aggregation-04,41.669217,11.163472,0.11201,6239.140197
209,access-10,39.327154,18.384975,0.063825,258.759777
209,access-11,37.55619,18.196438,0.056042,260.805396
209,access-12,35.055756,17.524874,0.084238,262.031771
209,aggregation-05,31.966593,10.042342,0.068653,6395.928059
209,access-13,29.772137,16.485101,0.073689,261.888763
209,access-14,26.877244,16.853446,0.093022,260.524261
209,access-15,25.479931,15.926587,0.13187,258.350108
209,aggregation-06,27.064326,7.436733,0.063265,6226.362311
209,access-16,26.382016,15.722597,0.07882,251.894748
209,access-17,27.673167,15.229192,0.088806,247.833845
209,access-18,29.13193,14.966401,0.082142,243.396384
210,core-01,39.216389,1.802789,0.087619,27909.429434
210,core-02,35.880164,3.000124,0.035798,27758.938193
210,core-03,34.176051,2.222293,0.064741,27721.786486
210,aggregation-01,32.535786,8.150782,0.076157,5162.71641
210,access-01,28.361423,16.900722,0.118032,213.246948
210,access-02,26.443766,16.917914,0.06196,215.493953
210,access-03,26.348272,17.974121,0.074977,218.468081
210,aggregation-02,25.248972,10.453016,0.108549,5412.903363
210,access-04,27.724725,18.437736,0.061152,226.170352
210,access-05,31.023713,18.544287,0.09268,230.635637
210,access-06,32.831707,17.957731,0.106679,235.311296
210,aggregation-03,37.073752,11.484893,0.078437,5850.920438
210,access-07,38.306525,18.195999,0.145119,244.65373
210,access-08,41.76431,18.561835,0.094739,249.00167
210,access-09,42.147073,18.81319,0.085383,252.933198
210,aggregation-04,39.642212,10.795999,0.08765,6247.657162
210,access-10,39.416245,17.834011,0.110874,259.029113
210,access-11,39.273184,16.899612,0.087613,260.985462
210,access-12,36.381781,18.025623,0.084189,262.116422
210,aggregation-05,31.940725,8.540804,0.070202,6395.595279
210,access-13,30.797205,17.012476,0.102355,261.777272
210,access-14,29.523031,16.967058,0.125315,260.318737
210,access-15,26.050854,15.719938,0.058863,258.057566
210,aggregation-06,24.819255,7.420705,0.089767,6217.353852
210,access-16,24.896292,15.962431,0.113797,251.460748
210,access-17,27.505523,14.710716,0.04631,247.350233
210,access-18,30.433383,15.043465,0.132637,242.879666
211,core-01,37.228596,2.814201,0.075664,27886.947434
211,core-02,36.987075,2.820645,0.078041,27749.033663
211,core-03,31.416772,2.569773,0.077376,27724.79744
211,aggregation-01,31.811841,8.656574,0.087882,5165.655094
211,access-01,30.228676,17.058647,0.063606,213.461016
211,access-02,27.504967,16.37413,0.086006,215.794222
211,access-03,25.218321,17.786268,0.083864,218.844302
211,aggregation-02,25.591412,9.892104,0.095343,5423.612168
211,access-04,26.473942,18.505775,0.117914,226.657808
211,access-05,30.555493,18.139968,0.038703,231.154578
211,access-06,33.194548,19.024929,0.106855,235.844012
211,aggregation-03,37.151385,10.630185,0.052531,5863.797986
211,access-07,41.231518,18.533173,0.057292,245.159604
211,access-08,40.788445,18.601327,0.016228,249.467845
211,access-09,40.208212,18.735388,0.101987,253.343763
211,aggregation-04,41.97437,10.723365,0.01543,6255.967685
211,access-10,40.589127,18.353732,0.085945,259.288802
211,access-11,38.16744,18.201201,0.091976,261.155032
211,access-12,35.878837,17.392311,0.060448,262.190086
211,aggregation-05,34.12906,9.425308,0.059725,6394.991851
211,access-13,29.828838,17.71565,0.097615,261.654942
211,access-14,28.069256,16.636693,0.069931,260.103006
211,access-15,26.545928,16.524994,0.082004,257.755797
211,aggregation-06,25.651162,8.131357,0.084138,6208.152104
211,access-16,26.906324,15.831058,0.089047,251.020384
211,access-17,29.894247,15.091998,0.10443,246.862043
211,access-18,32.505333,15.157562,0.065096,242.360309
212,core-01,36.249997,2.247168,0.039924,27865.851258
212,core-02,34.305979,2.459638,0.056908,27740.574811
212,core-03,31.82608,2.54539,0.118187,27729.264593
212,aggregation-01,28.725399,8.132866,0.078028,5168.856939
212,access-01,28.576251,17.299399,0.05623,213.685213
212,access-02,27.389201,16.744215,0.049863,216.103607
212,access-03,25.214726,17.0599,0.065681,219.228317
212,aggregation-02,25.863859,10.182642,0.092713,5434.472178
212,access-04,29.500225,18.968411,0.07732,227.149666
212,access-05,29.936098,17.608142,0.042637,231.675969
212,access-06,32.966727,18.362963,0.083229,236.377142
212,aggregation-03,36.755666,11.317334,0.083997,5876.635693
212,access-07,40.10692,18.165957,0.101963,245.66185
212,access-08,39.435285,18.044895,0.044442,249.928521
212,access-09,40.958989,19.051607,0.111857,253.747148
212,aggregation-04,41.605986,11.020928,0.067181,6264.068161
212,access-10,40.579916,17.83109,0.087835,259.538729
212,access-11,38.517888,17.756499,0.066064,261.314031
212,access-12,36.200545,17.002611,0.114192,262.25273
212,aggregation-05,33.916463,9.07277,0.109225,6394.118038
212,access-13,30.426648,16.614207,0.078769,261.521823
212,access-14,27.74436,15.53538,0.099959,259.877161
212,access-15,28.691808,15.747493,0.059919,257.444934
212,aggregation-06,25.794088,7.891186,0.059016,6198.761061
212,access-16,25.260491,15.876112,0.119327,250.573849
212,access-17,28.335244,15.350543,0.085316,246.369485
212,access-18,29.957839,15.143649,0.064304,241.838539
213,core-01,37.672088,2.105725,0.093981,27846.150062
213,core-02,35.434076,2.338106,0.072841,27733.565311
213,core-03,32.037893,3.257692,0.068535,27735.186005
213,aggregation-01,31.621966,9.475044,0.048184,5172.320555
213,access-01,27.954328,16.606396,0.035043,213.919443
213,access-02,27.274138,16.094128,0.084282,216.421975
213,access-03,28.234155,17.384605,0.068706,219.619958
213,aggregation-02,27.361783,8.605101,0.065918,5445.478679
213,access-04,28.319238,18.000499,0.098017,227.645712
213,access-05,29.607332,18.948379,0.043721,232.199584
213,access-06,36.114242,18.230265,0.106877,236.910456
213,aggregation-03,38.197128,10.262548,0.103416,5889.427987
213,access-07,38.839343,19.073762,0.058193,246.16025
213,access-08,41.269755,18.46818,0.070441,250.383499
213,access-09,41.245346,19.744258,0.092805,254.143178
213,aggregation-04,41.208296,10.502117,0.133218,6271.955073
213,access-10,40.54134,19.047197,0.108111,259.778788
213,access-11,39.179714,18.339264,0.1172,261.462391
213,access-12,34.790963,17.482795,0.0787,262.304328
213,aggregation-05,30.64321,9.25656,0.090123,6392.974218
213,access-13,30.271435,17.23932,0.090315,261.377976
213,access-14,26.935778,15.944889,0.09448,259.641301
213,access-15,25.899503,16.486974,0.08583,257.12511
213,aggregation-06,25.146101,7.733463,0.048072,6189.184798
213,access-16,26.011738,15.417818,0.106988,250.121336
213,access-17,28.964809,14.818162,0.062976,245.872774
213,access-18,32.030595,15.063388,0.096462,241.314582
214,core-01,38.103447,2.376482,0.076254,27827.852395
214,core-02,34.799003,2.827011,0.114689,27728.008203
214,core-03,32.282817,2.768669,0.042173,27742.559107
214,aggregation-01,30.228261,8.13598,0.060504,5176.04444
214,access-01,28.513543,16.779178,0.080846,214.163602
214,access-02,24.053442,16.690503,0.073216,216.749187
214,access-03,27.156193,16.81573,0.103682,220.019056
214,aggregation-02,25.226723,9.013188,0.044002,5456.626895
214,access-04,30.480031,17.973248,0.060201,228.145731
214,access-05,32.052325,18.229155,0.072843,232.725195
214,access-06,34.027128,19.080669,0.064408,237.443722
214,aggregation-03,37.656472,11.23627,0.077163,5902.169315
214,access-07,40.085462,18.789231,0.087756,246.654587
214,access-08,39.146496,18.16543,0.071632,250.832582
214,access-09,42.868079,18.41172,0.085231,254.531681
214,aggregation-04,40.681702,9.505466,0.066764,6279.624999
214,access-10,42.104618,17.875635,0.066803,260.008874
214,access-11,38.295233,17.005158,0.079757,261.600047
214,access-12,34.729464,17.550115,0.087667,262.344856
214,aggregation-05,32.774544,8.945416,0.102945,6391.560887
214,access-13,29.657913,16.602213,0.047474,261.223461
214,access-14,27.746115,16.541521,0.069576,259.395527
214,access-15,25.794457,15.841357,0.070724,256.796465
214,aggregation-06,23.799795,7.544198,0.105309,6179.427472
214,access-16,29.139131,15.523171,0.105005,249.663041
214,access-17,29.348651,14.463048,0.096242,245.372126
214,access-18,31.632555,14.456229,0.074984,240.788666
215,core-01,39.138816,2.270137,0.052009,27810.9662
215,core-02,34.609343,2.593912,0.090413,27723.905901
215,core-03,31.640056,3.061204,0.051594,27751.380699
215,aggregation-01,27.606756,7.5926,0.090554,5180.026976
215,access-01,28.507252,16.53243,0.042977,214.417586
215,access-02,26.027647,16.939468,0.076978,217.085101
215,access-03,26.625177,17.98156,0.073257,220.425436
215,aggregation-02,28.395995,10.124904,0.057783,5467.911986
215,access-04,29.51149,18.926904,0.070436,228.649507
215,access-05,31.5509,19.365898,0.101015,233.252575
215,access-06,34.515501,19.428147,0.052756,237.976708
215,aggregation-03,38.133786,10.536423,0.08116,5914.854149
215,access-07,40.195005,18.934201,0.086388,247.144648
215,access-08,41.361808,18.513015,0.082902,251.275575
215,access-09,40.161134,18.339384,0.074667,254.912487
215,aggregation-04,42.04861,10.336623,0.039634,6287.074609
215,access-10,40.284414,17.638598,0.062113,260.228887
215,access-11,35.945411,17.991956,0.115339,261.726939
215,access-12,34.928107,17.278822,0.034587,262.374297
215,aggregation-05,31.663637,9.406027,0.039806,6389.878659
215,access-13,29.26065,17.726197,0.054953,261.058346
215,access-14,28.286378,16.397192,0.055553,259.139947
215,access-15,24.546884,15.70744,0.120235,256.459141
215,aggregation-06,28.619093,7.508656,0.059625,6169.493317
215,access-16,26.147303,14.918892,0.112554,249.199164
215,access-17,28.175135,14.727945,0.054278,244.867757
215,access-18,31.123284,15.680905,0.110942,240.261018
216,core-01,37.623526,2.669646,0.123016,27795.498805
216,core-02,35.585719,2.63991,0.07664,27721.260184
216,core-03,30.917176,3.195383,0.112392,27761.646952
216,aggregation-01,28.804873,8.487465,0.104437,5184.266436
216,access-01,27.718634,16.577651,0.041218,214.681285
216,access-02,25.086763,17.002695,0.044404,217.429572
216,access-03,25.757318,18.066945,0.130928,220.838924
216,aggregation-02,27.178758,9.688037,0.085889,5479.329055
216,access-04,30.478794,17.328384,0.064403,229.156819
216,access-05,34.177236,17.402211,0.106553,233.781495
216,access-06,37.288347,19.0521,0.088183,238.509184
216,aggregation-03,39.097114,10.396184,0.103592,5927.476982
216,access-07,41.640721,18.683452,0.0,247.630218
216,access-08,40.855053,18.460057,0.076947,251.712285
216,access-09,42.211771,18.113649,0.11613,255.285433
216,aggregation-04,39.765597,10.940734,0.086572,6294.30067
216,access-10,40.819952,18.529897,0.078192,260.438732
216,access-11,36.551609,17.814796,0.073888,261.843013
216,access-12,33.796735,17.094289,0.09614,262.392639
216,aggregation-05,32.31812,8.656496,0.049214,6387.928265
216,access-13,29.363059,16.294977,0.101269,260.882702
216,access-14,27.580955,16.200274,0.052191,258.87467
216,access-15,26.724287,15.100845,0.085942,256.113285
216,aggregation-06,25.746338,7.804951,0.018984,6159.386646
216,access-16,27.376232,16.164029,0.093526,248.729905
216,access-17,30.321924,15.014323,0.073036,244.359887
216,access-18,31.401386,15.11864,0.077671,239.731868
217,core-01,36.720507,2.271574,0.061839,27781.456923
217,core-02,35.272539,2.443438,0.052173,27720.0722
217,core-03,33.166361,3.532524,0.068114,27773.35341
217,aggregation-01,26.424844,7.717561,0.115879,5188.760979
217,access-01,26.512018,16.522051,0.09576,214.954583
217,access-02,26.2706,18.195755,0.079079,217.78245
217,access-03,26.119689,17.904884,0.112909,221.259338
217,aggregation-02,28.473123,9.88628,0.04612,5490.873146
217,access-04,30.635934,18.249151,0.039862,229.667449
217,access-05,30.884731,18.309701,0.034583,234.311724
217,access-06,37.68177,19.271932,0.122817,239.040918
217,aggregation-03,38.062161,10.411117,0.056078,5940.032336
217,access-07,39.573651,19.438781,0.120441,248.111088
217,access-08,42.469177,19.308576,0.060681,252.142523
217,access-09,43.608535,18.374156,0.0735,255.650356
217,aggregation-04,42.811409,9.790652,0.097733,6301.300047
217,access-10,39.322118,18.022627,0.074473,260.638317
217,access-11,36.850757,17.659811,0.078491,261.948218
217,access-12,33.978317,17.851359,0.106444,262.399873
217,aggregation-05,31.693168,9.505567,0.109368,6385.71055
217,access-13,29.730204,17.082234,0.053068,260.696607
217,access-14,27.397102,16.113212,0.095692,258.599813
217,access-15,26.88772,15.10861,0.07484,255.759047
217,aggregation-06,25.362222,7.872955,0.073477,6149.111844
217,access-16,26.746313,14.948458,0.10163,248.255468
217,access-17,30.179419,14.511468,0.087394,243.848735
217,access-18,33.062847,14.674183,0.089861,239.201446
218,core-01,37.725007,3.402983,0.091402,27768.846648
218,core-02,33.105942,2.383225,0.083104,27720.342466
218,core-03,32.694817,3.094117,0.088878,27786.494992
218,aggregation-01,27.749482,8.084296,0.109221,5193.508655
218,access-01,23.745813,17.025681,0.140596,215.237362
218,access-02,26.556526,17.881746,0.057569,218.143582
218,access-03,25.520499,18.175459,0.067057,221.686498
218,aggregation-02,26.977575,10.306393,0.062156,5502.53925
218,access-04,29.793231,18.204511,0.078365,230.181175
218,access-05,33.16784,18.954729,0.13291,234.843034
218,access-06,34.18468,18.785797,0.090038,239.571679
218,aggregation-03,38.366418,11.330208,0.093336,5952.514762
218,access-07,41.015084,19.284282,0.116812,248.587049
218,access-08,41.814912,18.1506,0.090615,252.566102
218,access-09,41.773926,18.7935,0.090516,256.007098
218,aggregation-04,41.246594,10.315877,0.101452,6308.069701
218,access-10,38.411578,17.401533,0.148631,260.827556
218,access-11,37.793577,17.079794,0.086123,262.042508
218,access-12,32.646562,17.381736,0.085262,262.395997
218,aggregation-05,30.339454,9.15675,0.055852,6383.226478
218,access-13,27.743907,15.982981,0.068229,260.50014
218,access-14,26.815614,16.317712,0.091961,258.315495
218,access-15,24.911926,16.371086,0.059782,255.39658
218,aggregation-06,26.127691,7.919612,0.059984,6138.673371
218,access-16,27.115825,15.743847,0.09643,247.77606
218,access-17,29.393031,14.71396,0.089667,243.334525
218,access-18,33.749236,15.405137,0.134419,238.669982
219,core-01,37.505995,2.642297,0.063066,27757.673454
219,core-02,35.20535,3.203501,0.115339,27722.070864
219,core-03,30.93338,3.257922,0.10135,27801.065996
219,aggregation-01,26.610561,7.61954,0.114361,5198.507404
219,access-01,26.523322,16.767245,0.034472,215.5295
219,access-02,26.555541,16.995416,0.046923,218.51281
219,access-03,25.606804,18.600771,0.053531,222.120217
219,aggregation-02,28.034466,11.138316,0.088969,5514.322304
219,access-04,29.712614,18.075083,0.053756,230.697773
219,access-05,32.844787,17.743021,0.120912,235.375193
219,access-06,35.183018,18.240161,0.143752,240.101237
219,aggregation-03,38.777549,11.679959,0.048221,5964.918842
219,access-07,40.600916,18.419152,0.077936,249.057895
219,access-08,42.032107,18.939229,0.048686,252.982839
219,access-09,42.462405,18.14462,0.085182,256.355503
219,aggregation-04,40.414466,10.732443,0.086107,6314.606695
219,access-10,39.734932,18.483151,0.070612,261.006367
219,access-11,37.976286,17.720339,0.130287,262.125843
219,access-12,34.183864,17.508821,0.071707,262.381011
219,aggregation-05,31.534935,9.329666,0.122212,6380.477126
219,access-13,30.262848,16.22313,0.097256,260.293386
219,access-14,26.178591,16.492295,0.084429,258.021838
219,access-15,27.545387,15.720982,0.058395,255.026042
219,aggregation-06,27.043808,8.601146,0.065055,6128.075757
219,access-16,25.938913,15.219363,0.085877,247.291888
219,access-17,29.88231,15.330774,0.065757,242.817478
219,access-18,32.11952,15.255559,0.098199,238.137706
220,core-01,36.332556,2.813588,0.136319,27747.94219
220,core-02,31.949919,3.088598,0.084702,27725.256643
220,core-03,29.162971,2.900559,0.096726,27817.060096
220,aggregation-01,27.027099,9.021499,0.104411,5203.755055
220,access-01,28.475216,16.973424,0.112006,215.830869
220,access-02,24.874769,17.963517,0.043437,218.889976
220,access-03,26.958028,17.146313,0.10274,222.560307
220,aggregation-02,28.36465,10.435609,0.034632,5526.217192
220,access-04,31.007875,17.976822,0.045442,231.21702
220,access-05,32.515681,18.339713,0.054919,235.90797
220,access-06,36.424661,18.482762,0.120512,240.629363
220,aggregation-03,38.597312,10.778491,0.073155,5977.239193
220,access-07,41.005335,18.30316,0.052986,249.52342
220,access-08,43.138092,18.802388,0.036614,253.392552
220,access-09,39.072192,18.351368,0.061219,256.695422
220,aggregation-04,41.577187,10.122397,0.080344,6320.90819
220,access-10,36.091005,17.135791,0.06542,261.174671
220,access-11,36.628492,17.524183,0.060416,262.198186
220,access-12,34.16232,17.224611,0.080159,262.354924
220,aggregation-05,29.469255,8.553801,0.064531,6377.463687
220,access-13,28.232644,16.853578,0.071158,260.076437
220,access-14,27.541579,16.508161,0.098128,257.718971
220,access-15,23.721989,16.732826,0.032566,254.647594
220,aggregation-06,26.821186,7.745076,0.076613,6117.323602
220,access-16,30.190454,14.326867,0.04677,246.803162
220,access-17,32.325377,15.154776,0.071903,242.297819
220,access-18,31.219409,15.332174,0.05499,237.60485
221,core-01,36.312434,2.453256,0.096852,27739.65708
221,core-02,30.721484,2.213315,0.080885,27729.898422
221,core-03,30.393395,2.624143,0.068263,27834.470352
221,aggregation-01,26.268708,8.311616,0.089783,5209.249331
221,access-01,27.896767,17.188239,0.10332,216.14134
221,access-02,24.841644,17.016764,0.072197,219.274915
221,access-03,24.82291,17.650464,0.05105,223.006577
221,aggregation-02,29.506373,9.682234,0.040407,5538.218753
221,access-04,30.714106,17.741057,0.066874,231.73869
221,access-05,32.509671,19.544229,0.106504,236.441135
221,access-06,38.346738,18.995383,0.095547,241.155827
221,aggregation-03,38.613707,11.473405,0.081008,5989.470468
221,access-07,40.05667,18.978542,0.01763,249.983423
221,access-08,41.995121,19.003926,0.12511,253.795064
221,access-09,42.928045,18.718783,0.101617,257.026705
221,aggregation-04,40.356208,10.128759,0.074194,6326.971453
221,access-10,36.608502,17.673031,0.069201,261.332397
221,access-11,38.500855,17.953472,0.063984,262.259506
221,access-12,30.782974,17.399831,0.064839,262.317745
221,aggregation-05,28.886879,8.462764,0.08085,6374.18747
221,access-13,25.483867,16.153486,0.069079,259.849385
221,access-14,27.044959,16.069623,0.074551,257.407025
221,access-15,26.522585,15.467694,0.089576,254.261399
221,aggregation-06,25.805185,6.958218,0.093381,6106.421573
221,access-16,29.412069,14.810368,0.124688,246.310095
221,access-17,30.025143,15.025508,0.068134,241.775775
221,access-18,34.517771,15.300767,0.076173,237.071644
222,core-01,33.959206,2.305777,0.062936,27732.821718
222,core-02,32.118597,2.721671,0.097258,27735.994185
222,core-03,28.961269,3.086372,0.081923,27853.289207
222,aggregation-01,26.075431,9.078751,0.058804,5214.987848
222,access-01,23.722207,16.807151,0.050165,216.460776
222,access-02,27.128895,17.53596,0.093722,219.66746
222,access-03,26.978546,17.737773,0.080013,223.458834
222,aggregation-02,30.189072,10.679001,0.044946,5550.321779
222,access-04,32.08248,18.474259,0.152196,232.262556
222,access-05,34.242151,18.596384,0.080999,236.974455
222,access-06,35.612106,18.723684,0.05926,241.6804
222,aggregation-03,39.906491,10.022166,0.099822,6001.607359
222,access-07,42.327674,18.697354,0.082187,250.437704
222,access-08,42.050238,19.554693,0.057983,254.190199
222,access-09,41.407994,18.244157,0.052708,257.34921
222,aggregation-04,42.783749,11.288285,0.081559,6332.793852
222,access-10,37.024755,17.882527,0.053763,261.479476
222,access-11,34.880723,17.957965,0.095724,262.309776
222,access-12,34.03222,16.587281,0.040778,262.269491
222,aggregation-05,29.106197,8.654034,0.121553,6370.649896
222,access-13,28.613423,16.096048,0.057616,259.61233
222,access-14,26.87563,16.627365,0.106368,257.086136
222,access-15,26.086303,15.113591,0.060479,253.867627
222,aggregation-06,26.148878,7.297721,0.109111,6095.3744
222,access-16,28.428367,15.447378,0.088253,245.8129
222,access-17,30.153227,14.896157,0.066275,241.251571
222,access-18,32.444835,15.203414,0.110761,236.53832
223,core-01,34.038019,3.304719,0.04604,27727.439072
223,core-02,31.502358,3.239041,0.067789,27743.541288
223,core-03,29.424133,3.68935,0.111834,27873.508493
223,aggregation-01,25.975443,8.709616,0.138201,5220.968115
223,access-01,24.116125,16.809244,0.075018,216.78904
223,access-02,24.481168,17.380518,0.064266,220.06744
223,access-03,26.363524,16.884096,0.090544,223.916881
223,aggregation-02,27.998337,10.507383,0.034889,5562.521015
223,access-04,31.432542,18.358036,0.086194,232.788392
223,access-05,32.658242,18.627767,0.100297,237.507699
223,access-06,37.075667,19.159043,0.041937,242.202855
223,aggregation-03,40.653769,10.376471,0.091085,6013.644596
223,access-07,41.435212,18.184753,0.0412,250.886067
223,access-08,39.848926,18.270373,0.093164,254.577787
223,access-09,40.422799,18.646594,0.086554,257.662796
223,aggregation-04,41.495424,11.189613,0.073961,6338.372859
223,access-10,36.232059,18.354737,0.105374,261.615843
223,access-11,34.715837,16.990128,0.089924,262.348974
223,access-12,32.825432,16.652101,0.063384,262.210183
223,aggregation-05,30.899129,9.869962,0.08017,6366.852501
223,access-13,25.715508,16.236798,0.034388,259.365373
223,access-14,28.000217,15.248799,0.069415,256.756441
223,access-15,27.449572,15.681396,0.06874,253.466446
223,aggregation-06,28.912142,7.50161,0.072381,6084.18688
223,access-16,26.830089,15.512421,0.08303,245.311794
223,access-17,30.743664,14.917189,0.10061,240.725435
223,access-18,37.012894,14.971824,0.079766,236.00511
224,core-01,34.738846,2.369865,0.089869,27723.511479
224,core-02,32.650613,3.063695,0.056996,27752.536453
224,core-03,29.218686,3.358755,0.094172,27895.119436
224,aggregation-01,26.715513,8.317431,0.09141,5227.187536
224,access-01,24.178958,18.062855,0.112359,217.125989
224,access-02,26.054711,18.145872,0.062918,220.474683
224,access-03,26.411442,18.301854,0.047295,224.380519
224,aggregation-02,31.619616,9.653074,0.083344,5574.811167
224,access-04,31.142593,18.135082,0.104186,233.315969
224,access-05,35.282177,18.348851,0.060984,238.040637
224,access-06,36.756891,18.643205,0.069988,242.722965
224,aggregation-03,40.195855,11.06411,0.05002,6025.576958
224,access-07,41.315801,19.169902,0.082535,251.328316
224,access-08,41.030384,18.768109,0.083729,254.957659
224,access-09,41.521861,19.382904,0.052188,257.967327
224,aggregation-04,40.423266,10.488867,0.082915,6343.706054
224,access-10,39.456487,17.825145,0.063767,261.74144
224,access-11,34.666803,16.779651,0.073682,262.377084
224,access-12,31.314898,16.496369,0.080127,262.139846
224,aggregation-05,29.464411,8.564052,0.08382,6362.796933
224,access-13,27.429749,16.392549,0.089092,259.108623
224,access-14,26.498664,15.823061,0.100932,256.418086
224,access-15,27.197386,16.015438,0.0834,253.058032
224,aggregation-06,26.946129,6.699131,0.13441,6072.863866
224,access-16,30.365283,14.071664,0.085983,244.806993
224,access-17,30.665872,14.229764,0.071058,240.197595
224,access-18,35.043212,15.730746,0.033516,235.472245
225,core-01,33.917941,2.972571,0.105163,27721.040641
225,core-02,32.2574,3.299691,0.081576,27762.975778
225,core-03,28.361711,3.355113,0.075008,27918.112655
225,aggregation-01,24.843059,8.878523,0.109916,5233.643413
225,access-01,23.989068,17.712226,0.114701,217.471476
225,access-02,24.396006,16.706511,0.064897,220.889011
225,access-03,26.683948,18.647952,0.101525,224.849548
225,aggregation-02,28.105124,10.0919,0.084105,5587.186902
225,access-04,32.455555,18.292535,0.058762,233.845057
225,access-05,35.058402,19.110685,0.099696,238.573036
225,access-06,37.296012,18.75234,0.060699,243.240504
225,aggregation-03,38.701751,10.611645,0.101766,6037.399263
225,access-07,42.146059,18.413682,0.03642,251.764259
225,access-08,43.223333,18.121308,0.102039,255.329651
225,access-09,40.418848,18.063475,0.048153,258.262672
225,aggregation-04,39.320152,9.686789,0.049247,6348.791121
225,access-10,37.380618,17.754573,0.099815,261.856212
225,access-11,33.211849,17.219057,0.110633,262.394094
225,access-12,31.528421,16.947063,0.087512,262.058512
225,aggregation-05,28.304847,8.807717,0.054728,6358.484952
225,access-13,27.718021,15.68177,0.107688,258.842191
225,access-14,26.459653,15.745784,0.074825,256.071216
225,access-15,26.185564,15.458512,0.084947,252.642562
225,aggregation-06,28.697542,7.319561,0.104366,6061.410274
225,access-16,30.568449,14.782182,0.065556,244.298717
225,access-17,30.648939,15.385334,0.103519,239.668281
225,access-18,34.073457,15.83281,0.082757,234.939956
226,core-01,34.852198,1.990338,0.10942,27720.027633
226,core-02,30.497037,3.537923,0.053348,27774.854732
226,core-03,29.039757,3.655996,0.07535,27942.478171
226,aggregation-01,29.352652,8.568478,0.085982,5240.332943
226,access-01,25.806479,16.948727,0.049599,217.825353
226,access-02,26.49825,17.166022,0.079708,221.310245
226,access-03,27.575325,18.412633,0.076855,225.323764
226,aggregation-02,28.723083,10.692547,0.083565,5599.642848
226,access-04,32.857308,17.846202,0.084924,234.375429
226,access-05,38.151331,18.849486,0.075957,239.104665
226,access-06,36.448212,19.111878,0.052736,243.755249
226,aggregation-03,41.789282,9.975375,0.064035,6049.106383
226,access-07,39.531774,17.686388,0.071129,252.193708
226,access-08,41.15038,18.24892,0.070201,255.6936
226,access-09,39.48809,17.687878,0.078796,258.548701
226,aggregation-04,39.199593,9.642502,0.077379,6353.625854
226,access-10,38.586697,18.457144,0.073707,261.96011
226,access-11,35.104206,16.776649,0.052612,262.399995
226,access-12,28.781957,16.830337,0.083672,261.966216
226,aggregation-05,27.623523,9.371733,0.073041,6353.918429
226,access-13,25.812165,16.264386,0.076865,258.566192
226,access-14,25.633263,16.120688,0.053681,255.715982
226,access-15,26.269873,15.869771,0.082504,252.220217
226,aggregation-06,28.47513,7.728649,0.060383,6049.831074
226,access-16,29.367756,15.490872,0.079012,243.787187
226,access-17,32.612225,15.645184,0.019684,239.137721
226,access-18,34.116391,15.50012,0.101074,234.408475
227,core-01,34.145714,2.660768,0.08654,27720.472893
227,core-02,31.787123,2.715269,0.088178,27788.168158
227,core-03,28.388314,3.623539,0.095449,27968.20541
227,aggregation-01,27.087644,8.446071,0.095786,5247.253222
227,access-01,26.319591,17.455691,0.050952,218.187465
227,access-02,27.055643,17.394756,0.132459,221.738201
227,access-03,27.208385,17.626178,0.133592,225.80296
227,aggregation-02,28.802294,10.16941,0.067136,5612.173599
227,access-04,30.553963,18.590973,0.027284,234.906853
227,access-05,36.023683,19.076324,0.09991,239.635294
227,access-06,39.400432,19.083336,0.11234,244.266974
227,aggregation-03,40.70915,10.015654,0.116834,6060.693234
227,access-07,41.268229,18.383343,0.057774,252.616476
227,access-08,41.264187,19.164485,0.076078,256.04935
227,access-09,40.29005,19.401602,0.04149,258.825292
227,aggregation-04,39.439349,10.292919,0.066516,6358.208154
227,access-10,37.555787,18.214814,0.078176,262.053088
227,access-11,32.526559,16.877703,0.078683,262.394785
227,access-12,31.278861,16.623616,0.075258,261.862997
227,aggregation-05,29.104346,8.613699,0.088916,6349.099347
227,access-13,25.411053,16.096374,0.022136,258.280747
227,access-14,27.079596,15.948358,0.070347,255.352538
227,access-15,25.080298,14.923484,0.095809,251.791178
227,aggregation-06,28.737332,7.178993,0.090983,6038.131292
227,access-16,30.241086,15.51759,0.101764,243.272624
227,access-17,31.959444,15.568305,0.08043,238.606147
227,access-18,36.109363,16.153437,0.078667,233.878031
228,core-01,34.478827,2.738491,0.083715,27722.376229
228,core-02,31.710608,2.263187,0.051622,27802.910279
228,core-03,27.85582,3.409041,0.074832,27995.283205
228,aggregation-01,28.015,9.773837,0.103851,5254.401248
228,access-01,26.046072,17.607555,0.056933,218.557654
228,access-02,24.787861,18.370862,0.105265,222.172695
228,access-03,26.787877,17.665868,0.120778,226.286929
228,aggregation-02,30.567971,9.903316,0.047106,5624.773717
228,access-04,33.942893,18.50366,0.040649,235.439098
228,access-05,36.316213,18.750648,0.035915,240.164693
228,access-06,39.718859,18.622409,0.045049,244.775459
228,aggregation-03,39.577469,10.64122,0.084641,6072.15479
228,access-07,40.268071,19.765703,0.050675,253.032379
228,access-08,42.895249,18.324543,0.055588,256.396745
228,access-09,40.757226,18.219259,0.076616,259.092323
228,aggregation-04,38.060891,9.499712,0.064671,6362.536033
228,access-10,35.313646,17.370684,0.084808,262.135105
228,access-11,33.769307,17.84069,0.089246,262.378467
228,access-12,29.51384,16.781638,0.092387,261.7489
228,aggregation-05,29.456962,8.594279,0.166273,6344.029796
228,access-13,25.887194,15.617283,0.088578,257.985978
228,access-14,26.733231,15.934589,0.093677,254.981043
228,access-15,26.227543,16.29002,0.08439,251.355634
228,aggregation-06,28.927624,7.691495,0.069373,6026.316006
228,access-16,29.85566,14.960175,0.102613,242.755252
228,access-17,31.551892,14.770407,0.079559,238.07379
228,access-18,36.638938,14.927981,0.060121,233.348856
229,core-01,32.387026,3.357243,0.110422,27725.736814
229,core-02,30.248439,2.706122,0.07994,27819.074697
229,core-03,25.754109,3.186731,0.037999,28023.699805
229,aggregation-01,25.619295,8.4878,0.096193,5261.773919
229,access-01,24.645318,17.719273,0.133548,218.935761
229,access-02,25.799064,17.920104,0.077537,222.613537
229,access-03,30.157576,17.527849,0.069616,226.77546
229,aggregation-02,29.784018,11.376301,0.077463,5637.437733
229,access-04,34.517332,18.529405,0.050584,235.971934
229,access-05,36.780075,18.320275,0.062556,240.692631
229,access-06,38.989511,18.907609,0.064038,245.280482
229,aggregation-03,41.296894,10.271582,0.112478,6083.486074
229,access-07,42.664755,17.677685,0.118771,253.441237
229,access-08,39.691245,18.12177,0.080232,256.735634
229,access-09,39.755176,17.78926,0.099471,259.349679
229,aggregation-04,40.218695,9.52467,0.102067,6366.607612
229,access-10,34.08952,16.963007,0.0646,262.206127
229,access-11,31.002791,17.230209,0.039925,262.351048
229,access-12,30.259135,16.908931,0.120379,261.623975
229,aggregation-05,27.469929,7.88555,0.062504,6338.711978
229,access-13,27.473536,16.827637,0.07444,257.682015
229,access-14,24.335545,16.139855,0.10777,254.601656
229,access-15,25.147248,14.847165,0.079984,250.913771
229,aggregation-06,28.874797,7.928484,0.080638,6014.390343
229,access-16,31.441451,15.521111,0.081969,242.235296
229,access-17,34.594462,15.024494,0.117294,237.540879
229,access-18,38.375022,15.754119,0.079083,232.821178
230,core-01,34.606793,3.541184,0.103387,27730.55319
230,core-02,28.413624,3.102839,0.109315,27836.654396
230,core-03,27.788416,3.072849,0.054862,28053.442875
230,aggregation-01,25.501008,9.298729,0.07917,5269.368033
230,access-01,28.57564,16.891506,0.038271,219.321622
230,access-02,26.754891,18.169807,0.096702,223.060536
230,access-03,29.402846,16.954291,0.090171,227.268343
230,aggregation-02,31.638053,9.790233,0.10602,5650.16015
230,access-04,33.520288,18.300631,0.064049,236.505129
230,access-05,37.847046,18.605939,0.105997,241.21888
230,access-06,39.834175,18.43042,0.099777,245.781825
230,aggregation-03,40.441823,11.216029,0.0469,6094.68217
230,access-07,42.402736,18.762781,0.075299,253.842873
230,access-08,42.948385,18.587663,0.095103,257.065872
230,access-09,39.352992,18.124451,0.084809,259.597248
230,aggregation-04,38.127809,9.520754,0.093174,6370.421124
230,access-10,34.876759,17.791406,0.088145,262.266122
230,access-11,31.340539,17.783536,0.08298,262.312539
230,access-12,30.452468,16.897705,0.025945,261.488276
230,aggregation-05,27.886669,9.144066,0.077509,6333.1482
230,access-13,25.866433,16.124471,0.100103,257.368988
230,access-14,25.164855,16.590818,0.102504,254.214543
230,access-15,26.539101,16.039481,0.077843,250.465784
230,aggregation-06,26.289646,7.036791,0.100621,6002.359481
230,access-16,30.92743,15.16704,0.074034,241.71298
230,access-17,34.215707,14.959568,0.04557,237.007647
230,access-18,37.753063,15.088887,0.080284,232.295227
231,core-01,30.431442,2.710249,0.071149,27736.823266
231,core-02,30.025204,2.828998,0.099309,27855.641746
231,core-03,28.824438,4.114179,0.040629,28084.499508
231,aggregation-01,27.347123,8.537115,0.096994,5277.180296
231,access-01,25.631283,17.678708,0.100409,219.715068
231,access-02,25.605641,17.744313,0.075989,223.513498
231,access-03,30.299967,17.544599,0.106576,227.765363
231,aggregation-02,30.879883,11.13211,0.094565,5662.935447
231,access-04,35.20151,18.948629,0.059108,237.038453
231,access-05,36.19634,19.034915,0.084757,241.743211
231,access-06,37.706547,18.196945,0.05362,246.279269
231,aggregation-03,40.321108,10.691951,0.109211,6105.738218
231,access-07,41.969064,17.887728,0.067032,254.237112
231,access-08,43.062955,18.665743,0.072725,257.387314
231,access-09,39.815258,18.516208,0.095743,259.834922
231,aggregation-04,37.298076,10.101654,0.101928,6373.974914
231,access-10,34.372133,17.343649,0.079648,262.315065
231,access-11,29.606092,17.237457,0.067043,262.262957
231,access-12,29.965611,16.287778,0.065558,261.341862
231,aggregation-05,28.049375,9.244955,0.079177,6327.340877
231,access-13,27.271354,15.600332,0.091339,257.047034
231,access-14,26.485744,15.709583,0.07434,253.819873
231,access-15,26.648852,15.34471,0.077732,250.011865
231,aggregation-06,27.818221,6.927013,0.066261,5990.228639
231,access-16,31.918426,15.598175,0.056831,241.188532
231,access-17,34.140676,14.743975,0.082813,236.474325
231,access-18,37.800935,14.94671,0.132378,231.771232
232,core-01,31.298681,1.827891,0.111256,27744.544321
232,core-02,31.318598,3.396889,0.097037,27876.028506
232,core-03,28.983181,3.902194,0.104678,28116.856225
232,aggregation-01,24.287908,9.351084,0.095358,5285.207317
232,access-01,26.643657,17.510478,0.102955,220.115929
232,access-02,27.36609,17.619644,0.065896,223.972226
232,access-03,28.843711,18.058318,0.099336,228.266303
232,aggregation-02,30.631851,9.704835,0.080013,5675.75808
232,access-04,34.031613,18.171455,0.052018,237.571673
232,access-05,35.57781,18.394459,0.046964,242.265396
232,access-06,39.330946,19.033384,0.076333,246.7726
232,aggregation-03,41.330939,11.063261,0.115141,6116.649419
232,access-07,40.455985,17.984974,0.067399,254.623782
232,access-08,42.17931,18.130829,0.134121,257.69982
232,access-09,38.772699,18.503981,0.083843,260.0626
232,aggregation-04,35.691643,9.823945,0.083743,6377.26744
232,access-10,34.714374,16.307694,0.060712,262.352933
232,access-11,32.357869,18.084001,0.105078,262.202324
232,access-12,28.559314,16.20121,0.095175,261.184797
232,aggregation-05,28.36854,8.577131,0.119136,6321.292529
232,access-13,23.148657,16.609471,0.10305,256.716293
232,access-14,25.903531,15.130624,0.064033,253.417815
232,access-15,27.723967,15.642592,0.075102,249.552212
232,aggregation-06,27.483887,6.766956,0.03834,5978.003084
232,access-16,32.393429,14.610052,0.114205,240.662179
232,access-17,34.984254,14.421307,0.03625,235.941144
232,access-18,36.467728,15.613843,0.05308,231.249419
233,core-01,29.410412,2.424713,0.077558,27753.713004
233,core-02,28.143782,3.038297,0.098665,27897.805829
233,core-03,27.047475,4.180598,0.043323,28150.498982
233,aggregation-01,26.354595,9.32618,0.082281,5293.445611
233,access-01,26.17934,17.451842,0.061387,220.524032
233,access-02,28.203472,18.401187,0.051893,224.436522
233,access-03,30.959067,18.496266,0.113029,228.770947
233,aggregation-02,31.135626,10.970261,0.076353,5688.622483
233,access-04,35.04956,18.868363,0.053199,238.104558
233,access-05,37.198987,18.819131,0.080911,242.78521
233,access-06,38.929154,18.65733,0.073168,247.261602
233,aggregation-03,42.362296,10.671614,0.08591,6127.411039
233,access-07,41.639117,18.787576,0.109908,255.002718
233,access-08,42.002045,17.96515,0.100192,258.003256
233,access-09,41.789723,17.433339,0.08837,260.280181
233,aggregation-04,35.920898,9.900944,0.051248,6380.297272
233,access-10,34.542257,17.789159,0.096656,262.379712
233,access-11,31.778139,17.695187,0.074155,262.130666
233,access-12,29.193154,16.116511,0.081878,261.017149
233,aggregation-05,28.773706,7.924445,0.048893,6315.005781
233,access-13,25.847212,16.120349,0.054313,256.376908
233,access-14,26.099034,16.577306,0.073936,253.008545
233,access-15,26.494551,15.37166,0.039452,249.087025
233,aggregation-06,29.867501,7.25643,0.060723,5965.688121
233,access-16,30.24676,16.077628,0.029673,240.134151
233,access-17,34.994824,15.147259,0.094346,235.408335
233,access-18,36.944838,15.695648,0.032229,230.730014
234,core-01,30.893405,2.658923,0.104562,27764.325336
234,core-02,28.678916,3.170278,0.094192,27920.964262
234,core-03,27.712624,4.508288,0.08711,28185.413177
234,aggregation-01,26.513153,10.567534,0.053888,5301.891604
234,access-01,25.458096,17.971325,0.065338,220.939198
234,access-02,27.739004,18.203153,0.112403,224.906184
234,access-03,28.820657,18.248682,0.112935,229.279076
234,aggregation-02,33.992156,11.118389,0.096679,5701.523073
234,access-04,37.199649,18.453663,0.099902,238.636876
234,access-05,39.331011,18.709823,0.105754,243.302426
234,access-06,39.638718,18.905441,0.042671,247.746064
234,aggregation-03,42.008514,10.97001,0.081323,6138.018406
234,access-07,43.018915,18.774423,0.128782,255.373753
234,access-08,40.062436,18.641117,0.087055,258.29749
234,access-09,38.523949,18.224647,0.064865,260.487571
234,aggregation-04,35.791745,9.519789,0.060117,6383.063096
234,access-10,33.400741,18.052779,0.051327,262.395388
234,access-11,31.009634,16.543456,0.092029,262.048015
234,access-12,29.828067,16.320814,0.047974,260.83899
234,aggregation-05,25.754115,8.352452,0.066376,6308.483363
234,access-13,25.718899,16.473364,0.062811,256.029026
234,access-14,25.179951,15.667183,0.070011,252.59224
234,access-15,26.683574,14.948087,0.093685,248.616505
234,aggregation-06,27.447425,6.15886,0.094066,5953.289095
234,access-16,32.330849,14.530858,0.05985,239.604675
234,access-17,34.040534,15.253827,0.080106,234.876131
234,access-18,36.628592,15.157204,0.091817,230.213245
235,core-01,32.365649,3.246023,0.098026,27776.376711
235,core-02,27.297497,3.156867,0.019889,27945.493756
235,core-03,28.48311,3.592986,0.086496,28221.583658
235,aggregation-01,25.356519,9.211544,0.03705,5310.54163
235,access-01,26.688473,17.672245,0.075811,221.361248
235,access-02,29.03744,18.555968,0.108276,225.381008
235,access-03,28.419891,18.832185,0.085073,229.79047
235,aggregation-02,31.773709,10.090167,0.076462,5714.45425
235,access-04,33.554023,18.175499,0.067387,239.168398
235,access-05,39.603058,19.426757,0.085573,243.816819
235,access-06,40.241672,19.168607,0.047237,248.225775
235,aggregation-03,42.59294,10.477284,0.045115,6148.466916
235,access-07,40.204266,18.876598,0.068356,255.736726
235,access-08,41.335609,18.918473,0.076066,258.582393
235,access-09,40.698621,17.712097,0.081346,260.684681
235,aggregation-04,36.230509,9.867421,0.068464,6385.563712
235,access-10,37.420596,17.118782,0.067662,262.399956
235,access-11,30.673563,16.964284,0.117731,261.954405
235,access-12,28.309544,16.379923,0.085872,260.650397
235,aggregation-05,27.72987,7.887295,0.160996,6301.728104
235,access-13,25.634266,16.479899,0.082604,255.672799
235,access-14,25.129115,15.885269,0.054634,252.169082
235,access-15,27.104759,15.210857,0.036961,248.140856
235,aggregation-06,29.280579,7.148929,0.123888,5940.811387
235,access-16,32.371877,14.910866,0.077361,239.073981
235,access-17,37.012472,15.847916,0.092474,234.344762
235,access-18,38.030526,15.960234,0.101123,229.699334
236,core-01,31.699809,3.320052,0.061991,27789.861898
236,core-02,27.794535,3.917956,0.097388,27971.383662
236,core-03,26.756455,2.883904,0.07254,28258.994727
236,aggregation-01,26.171346,8.599842,0.091783,5319.391934
236,access-01,27.42363,18.022944,0.099717,221.789999
236,access-02,26.11328,17.842573,0.0567,225.860788
236,access-03,29.35043,17.713737,0.073434,230.304905
236,aggregation-02,32.273631,10.406033,0.084034,5727.410403
236,access-04,33.734014,18.682096,0.106039,239.698891
236,access-05,37.33212,18.90338,0.070634,244.328168
236,access-06,42.401037,18.21374,0.085145,248.700527
236,aggregation-03,42.013494,11.385213,0.035482,6158.752035
236,access-07,42.178224,18.424751,0.062924,256.091481
236,access-08,39.437809,18.124677,0.06872,258.857842
236,access-09,39.118422,18.553264,0.115339,260.871424
236,aggregation-04,38.672867,8.896815,0.057729,6387.798033
236,access-10,32.387008,16.235978,0.094411,262.393413
236,access-11,31.374666,16.744112,0.12149,261.849878
236,access-12,29.034038,16.394117,0.078367,260.451454
236,aggregation-05,26.789224,8.633512,0.101949,6294.742937
236,access-13,27.35221,16.224573,0.083362,255.308381
236,access-14,27.009785,16.32396,0.065206,251.739253
236,access-15,27.18751,15.624596,0.117471,247.660285
236,aggregation-06,31.864934,7.467889,0.03919,5928.260413
236,access-16,32.913631,15.518663,0.008408,238.542301
236,access-17,35.719155,14.515822,0.078675,233.814459
236,access-18,39.182355,15.702414,0.076208,229.188505
237,core-01,29.863294,3.728752,0.077218,27804.775045
237,core-02,28.242166,3.605333,0.112519,27998.622746
237,core-03,26.651142,4.629088,0.058576,28297.630145
237,aggregation-01,26.59407,8.977765,0.112089,5328.438676
237,access-01,27.299362,17.654656,0.055676,222.225264
237,access-02,27.474415,18.162609,0.086971,226.345316
237,access-03,32.407688,18.543482,0.076261,230.822159
237,aggregation-02,28.887234,10.485223,0.096545,5740.385908
237,access-04,36.194072,19.335457,0.083458,240.228127
237,access-05,38.044619,18.743689,0.085066,244.836249
237,access-06,39.375197,18.161467,0.077122,249.170114
237,aggregation-03,43.224893,10.586437,0.068876,6168.869299
237,access-07,42.352668,19.498672,0.093772,256.437863
237,access-08,39.688476,17.310764,0.073027,259.123718
237,access-09,40.053546,17.972322,0.09443,261.047721
237,aggregation-04,36.18503,10.084167,0.087301,6389.76509
237,access-10,32.795603,16.991828,0.092385,262.375763
237,access-11,30.968146,17.5247,0.083087,261.734479
237,access-12,31.171222,16.782967,0.086141,260.242245
237,aggregation-05,26.916858,8.375016,0.081406,6287.530893
237,access-13,24.961534,15.831852,0.088661,254.93593
237,access-14,27.060685,16.075434,0.113501,251.30294
237,access-15,27.307121,15.289534,0.080298,247.175001
237,aggregation-06,30.438041,7.580606,0.129933,5915.64162
237,access-16,32.692979,16.028559,0.104094,238.009865
237,access-17,36.887902,14.723265,0.106626,233.285451
237,access-18,37.931125,15.398756,0.085408,228.680979
238,core-01,31.441789,3.279533,0.011416,27821.109679
238,core-02,28.926743,3.062159,0.104219,28027.199185
238,core-03,25.248605,3.870713,0.099186,28337.473146
238,aggregation-01,26.155634,9.613564,0.089149,5337.677928
238,access-01,28.993379,17.800723,0.076609,222.666855
238,access-02,27.212877,17.754372,0.07654,226.834381
238,access-03,28.586315,18.63583,0.073894,231.342008
238,aggregation-02,34.99882,10.089847,0.038106,5753.375135
238,access-04,37.673103,19.063666,0.103366,240.755875
238,access-05,40.081953,19.523479,0.071897,245.340842
238,access-06,41.041182,18.922655,0.075799,249.634332
238,aggregation-03,41.58311,10.796782,0.061481,6178.814317
238,access-07,40.099673,18.304421,0.093199,256.775723
238,access-08,39.583285,17.141524,0.039879,259.379906
238,access-09,40.704285,17.71402,0.085145,261.213493
238,aggregation-04,36.132132,9.75448,0.084176,6391.46403
238,access-10,32.000154,17.578694,0.071192,262.347012
238,access-11,31.896037,16.981782,0.089831,261.608259
238,access-12,26.105838,15.495119,0.098842,260.022862
238,aggregation-05,25.684458,8.355924,0.076006,6280.095102
238,access-13,25.316813,16.051037,0.079321,254.555607
238,access-14,25.307544,16.125879,0.050726,250.860333
238,access-15,27.958521,15.72009,0.057173,246.685214
238,aggregation-06,31.811744,6.224053,0.077147,5902.960485
238,access-16,33.278657,16.147239,0.069877,237.476904
238,access-17,35.634339,14.626362,0.107922,232.757968
238,access-18,40.156979,15.682445,0.091643,228.176977
239,core-01,30.852541,2.810629,0.088596,27838.858711
239,core-02,29.01844,3.648823,0.091137,28057.100576
239,core-03,26.556024,4.078865,0.117766,28378.506437
239,aggregation-01,25.798687,9.392532,0.125183,5347.105682
239,access-01,26.78577,17.812393,0.105823,223.11458
239,access-02,26.704709,18.070081,0.104381,227.327771
239,access-03,30.920169,18.397459,0.077401,231.864226
239,aggregation-02,34.405903,11.032086,0.092608,5766.372445
239,access-04,38.249874,19.051962,0.069087,241.281905
239,access-05,38.525875,18.559488,0.078639,245.841728
239,access-06,43.774648,19.215675,0.075862,250.09298
239,aggregation-03,40.559359,11.024999,0.149796,6188.582773
239,access-07,41.577685,19.359435,0.061464,257.104912
239,access-08,38.855279,17.809674,0.043406,259.626293
239,access-09,37.405965,18.49217,0.034487,261.36867
239,aggregation-04,36.175214,10.110347,0.072068,6392.894115
239,access-10,32.885826,17.83889,0.0964,262.307173
239,access-11,28.658382,16.974788,0.074796,261.471271
239,access-12,26.54642,17.469047,0.070765,259.7934
239,aggregation-05,25.362757,8.272393,0.077109,6272.438792
239,access-13,25.981228,16.306055,0.130816,254.167579
239,access-14,27.188988,15.611403,0.098407,250.411623
239,access-15,27.499777,15.617439,0.089178,246.191137
239,aggregation-06,32.492028,7.792867,0.076287,5890.222512
239,access-16,31.503251,15.112012,0.106445,236.943648
239,access-17,38.569142,15.071323,0.061622,232.23224
239,access-18,39.412261,14.966605,0.066834,227.676718
240,core-01,29.214203,2.689636,0.098022,27858.014437
240,core-02,27.267209,3.215835,0.108507,28088.313942
240,core-03,24.761577,3.663155,0.044752,28420.712208
240,aggregation-01,25.23326,9.484546,0.093668,5356.717844
240,access-01,25.857031,17.71675,0.095462,223.568245
240,access-02,27.240451,17.606547,0.07865,227.825273
240,access-03,29.395041,18.700936,0.060621,232.388586
240,aggregation-02,35.131557,9.976177,0.054917,5779.372197
240,access-04,37.960656,19.572207,0.080893,241.805991
240,access-05,39.568346,18.232355,0.062309,246.338691
240,access-06,42.934216,18.676578,0.115874,250.545859
240,aggregation-03,43.584747,10.440478,0.098858,6198.170427
240,access-07,42.155585,18.479878,0.068576,257.425289
240,access-08,39.953757,18.150638,0.087639,259.862773
240,access-09,37.381321,17.605291,0.062028,261.513183
240,aggregation-04,34.084956,9.965614,0.091864,6394.054725
240,access-10,32.419682,16.804291,0.094413,262.256264
240,access-11,29.625339,16.567756,0.087345,261.323576
240,access-12,24.76135,16.013426,0.113345,259.553959
240,aggregation-05,24.620009,8.44666,0.073518,6264.565285
240,access-13,27.747285,16.95742,0.107603,253.772012
240,access-14,25.592727,15.418276,0.085126,249.957006
240,access-15,29.897679,15.386742,0.131849,245.692983
240,aggregation-06,31.470726,6.7088,0.108904,5877.433228
240,access-16,33.951708,14.634859,0.089834,236.410331
240,access-17,36.594747,15.188518,0.093424,231.708494
240,access-18,37.750075,15.513276,0.113763,227.180418
241,core-01,29.280879,3.649935,0.112047,27878.568544
241,core-02,26.122864,3.412229,0.100616,28120.825735
241,core-03,27.030493,4.199224,0.079338,28464.072143
241,aggregation-01,25.932256,9.366341,0.073573,5366.510245
241,access-01,26.011359,17.814034,0.099261,224.027652
241,access-02,29.838366,18.584285,0.061518,228.326669
241,access-03,29.324292,17.965323,0.086291,232.91486
241,aggregation-02,34.104072,10.615454,0.081708,5792.368749
241,access-04,39.443582,18.24512,0.084522,242.327904
241,access-05,39.136677,19.285935,0.10545,246.831513
241,access-06,40.719317,18.863643,0.052673,250.992771
241,aggregation-03,42.396449,10.564297,0.096346,6207.573117
241,access-07,41.569671,17.721261,0.075479,257.736714
241,access-08,39.792135,18.860291,0.093018,260.089244
241,access-09,37.444974,17.206768,0.057227,261.646971
241,aggregation-04,32.754391,9.69752,0.062526,6394.945355
241,access-10,31.74812,17.514858,0.061881,262.194307
241,access-11,29.69968,16.509496,0.099921,261.165237
241,access-12,26.288229,16.580975,0.090525,259.304642
241,aggregation-05,26.138787,8.58216,0.048321,6256.478
241,access-13,25.882747,15.223473,0.092017,253.36908
241,access-14,27.518757,14.692838,0.058091,249.496678
241,access-15,28.954027,15.393578,0.064829,245.19097
241,aggregation-06,32.50953,7.322377,0.084242,5864.598185
241,access-16,34.664277,15.126064,0.094672,235.877182
241,access-17,37.315373,15.476754,0.095048,231.186958
241,access-18,38.512409,15.734365,0.111596,226.688293
242,core-01,30.880491,3.5077,0.114474,27900.512111
242,core-02,26.478176,3.618312,0.088361,28154.621847
242,core-03,25.450401,3.988075,0.128016,28508.567422
242,aggregation-01,27.565649,8.766878,0.080871,5376.478632
242,access-01,28.357991,17.401106,0.055727,224.492602
242,access-02,30.108677,17.955423,0.094898,228.831743
242,access-03,32.062138,18.006242,0.108677,233.442821
242,aggregation-02,33.350843,10.71377,0.12607,5805.356462
242,access-04,38.429689,19.436704,0.087472,242.847417
242,access-05,40.545153,18.77313,0.125513,247.319981
242,access-06,40.755035,18.050261,0.064389,251.433524
242,aggregation-03,41.721943,10.656717,0.067486,6216.786764
242,access-07,43.044183,17.675507,0.055787,258.039053
242,access-08,39.147916,17.394361,0.080553,260.305608
242,access-09,39.161861,17.607978,0.035883,261.769975
242,aggregation-04,37.970678,8.857472,0.130164,6395.565619
242,access-10,31.034044,16.563131,0.083027,262.121328
242,access-11,28.65167,17.532036,0.067553,260.996323
242,access-12,28.349552,16.513856,0.101629,259.045558
242,aggregation-05,24.843436,8.841204,0.071898,6248.180445
242,access-13,26.509,15.650207,0.076447,252.958956
242,access-14,27.095852,14.763544,0.0581,249.03084
242,access-15,29.572428,15.254757,0.071869,244.685316
242,aggregation-06,33.231033,7.253849,0.083306,5851.722954
242,access-16,34.328449,14.59103,0.08561,235.344435
242,access-17,37.713074,15.446428,0.047584,230.667859
242,access-18,39.782338,15.215868,0.102031,226.200557
243,core-01,32.270833,2.913597,0.068603,27923.835614
243,core-02,27.069226,4.297044,0.030348,28189.687607
243,core-03,25.147506,4.007242,0.115849,28554.178733
243,aggregation-01,25.779975,8.192653,0.078616,5386.618681
243,access-01,28.13275,19.034715,0.10081,224.962895
243,access-02,29.153921,19.370055,0.055741,229.340276
243,access-03,33.170584,18.697966,0.037345,233.972238
243,aggregation-02,37.140221,10.678599,0.096372,5818.329697
243,access-04,37.313712,18.968584,0.082187,243.364306
243,access-05,40.73289,18.428314,0.067639,247.803884
243,access-06,40.9369,18.666563,0.106693,251.867926
243,aggregation-03,41.857969,11.195334,0.115298,6225.807368
243,access-07,41.263767,18.658557,0.086515,258.332173
243,access-08,38.522337,17.798042,0.110537,260.511769
243,access-09,35.960487,17.940875,0.086085,261.882141
243,aggregation-04,34.644641,9.839282,0.139199,6395.915249
243,access-10,30.548195,17.029097,0.061614,262.037359
243,access-11,29.26992,16.384115,0.084767,260.816908
243,access-12,25.443154,15.441867,0.075901,258.776819
243,aggregation-05,26.476516,7.460394,0.069898,6239.676221
243,access-13,24.574229,14.886505,0.083451,252.54182
243,access-14,27.675448,15.358142,0.108711,248.559694
243,access-15,29.841276,15.215508,0.123935,244.176239
243,aggregation-06,30.484937,6.661277,0.07595,5838.813121
243,access-16,33.7558,14.253958,0.051877,234.812318
243,access-17,42.539988,14.878933,0.098158,230.15142
243,access-18,38.884608,15.904783,0.099012,225.717421
244,core-01,28.548379,3.437629,0.061552,27948.528931
244,core-02,25.339923,4.242078,0.035553,28226.007799
244,core-03,27.387159,3.874068,0.059161,28600.886282
244,aggregation-01,25.099535,9.835661,0.073565,5396.92599
244,access-01,28.393677,17.973298,0.076881,225.438324
244,access-02,29.690044,18.512223,0.08707,229.852046
244,access-03,32.545528,18.643377,0.040835,234.502883
244,aggregation-02,35.974223,11.420563,0.076529,5831.282824
244,access-04,39.585356,18.567602,0.111153,243.878346
244,access-05,41.375486,19.75399,0.093575,248.283011
244,access-06,41.0293,17.838381,0.088154,252.295789
244,aggregation-03,40.98209,11.224827,0.089339,6234.631014
244,access-07,38.961632,18.467831,0.081288,258.615948
244,access-08,38.284079,18.636268,0.056177,260.707639
244,access-09,36.778072,17.434715,0.067429,261.983422
244,aggregation-04,36.743422,8.628856,0.124909,6395.994092
244,access-10,31.237126,17.126552,0.070181,261.942438
244,access-11,28.829993,16.709994,0.11957,260.627069
244,access-12,25.268772,15.934249,0.101326,258.498542
244,aggregation-05,26.641801,8.207753,0.077349,6230.969021
244,access-13,24.819569,16.010696,0.09037,252.117851
244,access-14,26.211241,15.528449,0.063729,248.083443
244,access-15,30.36797,15.644136,0.037191,243.66396
244,aggregation-06,33.113966,7.25561,0.085839,5825.874291
244,access-16,34.680368,14.229706,0.071521,234.281065
244,access-17,38.949912,15.7358,0.075468,229.637867
244,access-18,40.569191,15.147328,0.103262,225.239096
245,core-01,28.269242,4.065329,0.078062,27974.581343
245,core-02,26.185259,4.429488,0.077415,28263.566657
245,core-03,26.258131,4.130393,0.054709,28648.669796
245,aggregation-01,26.333397,9.626035,0.078608,5407.396086
245,access-01,29.818659,17.350097,0.103683,225.918685
245,access-02,30.172052,18.730009,0.063444,230.366831
245,access-03,32.99974,18.725982,0.051293,235.034525
245,aggregation-02,34.861545,10.441192,0.041928,5844.210222
245,access-04,39.619558,19.082331,0.091641,244.389314
245,access-05,41.269895,18.700365,0.090261,248.757154
245,access-06,43.122632,18.365194,0.098655,252.716925
245,aggregation-03,42.123973,9.810268,0.109599,6243.253872
245,access-07,42.902731,17.850761,0.043138,258.890255
245,access-08,39.561692,18.408448,0.067668,260.893133
245,access-09,34.299584,17.565575,0.066895,262.073773
245,aggregation-04,32.863288,8.944696,0.090502,6395.802113
245,access-10,28.989272,16.778149,0.088285,261.836604
245,access-11,27.476239,16.305541,0.083101,260.426889
245,access-12,27.421355,15.933401,0.061171,258.210848
245,aggregation-05,23.319749,8.605566,0.074834,6222.062623
245,access-13,25.250599,15.270198,0.073521,251.687234
245,access-14,29.511942,15.54914,0.104556,247.602296
245,access-15,30.393029,14.879762,0.085636,243.148703
245,aggregation-06,32.438187,7.399297,0.119698,5812.912079
245,access-16,34.415928,14.63682,0.116968,233.750905
245,access-17,40.334919,15.078824,0.045111,229.127423
245,access-18,44.145432,16.726772,0.07814,224.765787
246,core-01,28.904509,3.217435,0.079837,28001.981545
246,core-02,29.8146,3.409486,0.103899,28302.347881
246,core-03,25.200563,4.312031,0.097406,28697.508536
246,aggregation-01,29.242566,10.10628,0.098776,5418.024424
246,access-01,27.754922,18.048126,0.056557,226.403768
246,access-02,30.258631,18.366519,0.11236,230.884409
246,access-03,32.284055,17.82895,0.028517,235.566933
246,aggregation-02,36.674437,10.905136,0.05677,5857.10628
246,access-04,40.621909,18.219365,0.076419,244.896988
246,access-05,41.441091,18.365799,0.056364,249.226107
246,access-06,43.934929,18.593199,0.072114,253.131154
246,aggregation-03,40.848242,9.62899,0.044478,6251.672201
246,access-07,41.540582,18.242051,0.076538,259.154975
246,access-08,40.067931,17.823865,0.080659,261.06817
246,access-09,35.434522,18.119494,0.0557,262.153154
246,aggregation-04,33.943546,8.395653,0.086244,6395.339397
246,access-10,30.984734,17.390316,0.083058,261.719903
246,access-11,27.171589,16.403218,0.090471,260.216454
246,access-12,26.358733,15.466646,0.088546,257.91386
246,aggregation-05,26.291928,7.517881,0.111023,6212.960892
246,access-13,25.180145,15.330723,0.058558,251.250156
246,access-14,27.108456,15.219761,0.133237,247.11646
246,access-15,29.382188,15.763157,0.017301,242.63069
246,aggregation-06,34.202034,8.465683,0.077107,5799.932111
246,access-16,37.351397,15.106758,0.102252,233.222068
246,access-17,40.047662,14.892673,0.021988,228.620309
246,access-18,41.044809,15.862186,0.058352,224.297702
247,core-01,28.50676,3.490058,0.054903,28030.717645
247,core-02,27.322252,3.689605,0.072441,28342.33464
247,core-03,26.986488,4.439376,0.109507,28747.381307
247,aggregation-01,26.365659,9.916819,0.15489,5428.806391
247,access-01,26.400867,18.539142,0.05994,226.893364
247,access-02,29.832689,18.287167,0.074081,231.404554
247,access-03,32.451884,17.826631,0.097757,236.099877
247,aggregation-02,37.594103,10.477285,0.078388,5869.965401
247,access-04,36.992836,19.31741,0.080246,245.401148
247,access-05,41.764672,18.390643,0.035696,249.689668
247,access-06,41.368143,18.866405,0.101734,253.538295
247,aggregation-03,42.000802,10.662589,0.062808,6259.882346
247,access-07,41.835122,18.42567,0.090555,259.409992
247,access-08,40.649846,18.016647,0.093142,261.232675
247,access-09,36.146947,17.274524,0.095248,262.221532
247,aggregation-04,33.110162,9.488385,0.083228,6394.606145
247,access-10,30.386476,16.550523,0.080219,261.592388
247,access-11,28.351201,15.963445,0.079663,259.995857
247,access-12,25.937506,16.085366,0.071325,257.60771
247,aggregation-05,26.247812,7.764689,0.087327,6203.667778
247,access-13,27.309659,15.879173,0.108807,250.806806
247,access-14,28.676441,15.879818,0.128397,246.626147
247,access-15,31.026162,15.169919,0.116914,242.110146
247,aggregation-06,33.93498,7.749425,0.069221,5786.94002
247,access-16,35.74217,14.904201,0.069182,232.694784
247,access-17,40.586422,15.937169,0.09008,228.116744
247,access-18,40.262244,15.304818,0.127972,223.835043
248,core-01,29.093403,3.178747,0.062074,28060.777169
248,core-02,25.620416,3.927943,0.08822,28383.509579
248,core-03,27.089891,4.756087,0.086033,28798.266462
248,aggregation-01,26.693311,9.630044,0.08207,5439.737309
248,access-01,25.63751,18.527447,0.086414,227.387259
248,access-02,29.016175,18.525445,0.091727,231.92704
248,access-03,34.121351,18.481062,0.063875,236.633124
248,aggregation-02,36.080283,10.377952,0.074892,5882.782004
248,access-04,41.154177,18.704148,0.09292,245.901575
248,access-05,40.690042,18.531599,0.101171,250.147634
248,access-06,41.460083,18.458789,0.114697,253.938171
248,aggregation-03,41.835654,11.022861,0.038026,6267.880744
248,access-07,42.207272,17.249634,0.074328,259.655196
248,access-08,38.575076,17.653476,0.090528,261.386576
248,access-09,35.349045,17.777055,0.081632,262.278877
248,aggregation-04,32.566424,9.131743,0.108148,6393.602673
248,access-10,30.062653,16.970299,0.104935,261.454112
248,access-11,27.51732,16.528508,0.04714,259.765192
248,access-12,25.643741,15.62479,0.042184,257.292528
248,aggregation-05,26.153231,7.643772,0.076989,6194.187316
248,access-13,26.101302,16.049977,0.02933,250.357377
248,access-14,27.031273,15.504463,0.098524,246.131569
248,access-15,30.474591,14.535873,0.05524,241.587298
248,aggregation-06,32.900188,7.113644,0.130136,5773.941444
248,access-16,36.853505,15.636128,0.037773,232.169281
248,access-17,38.349058,15.381256,0.080935,227.616949
248,access-18,41.798977,15.043914,0.056597,223.378011
249,core-01,29.976064,2.797602,0.081775,28092.147073
249,core-02,24.328372,5.045329,0.081134,28425.854827
249,core-03,26.644574,4.508212,0.123694,28850.141917
249,aggregation-01,26.420026,10.367681,0.076411,5450.812433
249,access-01,30.218998,18.340566,0.060913,227.885239
249,access-02,29.903843,18.897601,0.102787,232.451642
249,access-03,34.300786,18.398461,0.08781,237.166444
249,aggregation-02,36.913069,10.699531,0.084994,5895.550526
249,access-04,39.295709,18.775939,0.078723,246.398052
249,access-05,40.438206,18.801998,0.088771,250.599807
249,access-06,40.819299,19.085626,0.110468,254.330609
249,aggregation-03,41.795157,10.415965,0.058381,6275.663924
249,access-07,39.558682,17.946615,0.120691,259.89048
249,access-08,36.791021,17.542689,0.040022,261.529805
249,access-09,35.973559,18.086142,0.093239,262.325164
249,aggregation-04,31.562604,9.436262,0.112042,6392.329419
249,access-10,30.38623,16.485348,0.09564,261.305136
249,access-11,26.384694,16.535093,0.108889,259.52456
249,access-12,26.824497,14.836701,0.060626,256.968453
249,aggregation-05,26.727909,8.174791,0.06654,6184.523619
249,access-13,26.091195,15.484073,0.099336,249.902064
249,access-14,30.411559,15.161165,0.050661,245.632941
249,access-15,33.447125,15.242091,0.060904,241.062372
249,aggregation-06,33.692121,7.180904,0.095015,5760.942026
249,access-16,37.051095,15.610387,0.093725,231.645789
249,access-17,39.592913,15.83595,0.085321,227.121139
249,access-18,39.347728,16.23359,0.089527,222.926804
250,core-01,27.475528,3.47033,0.057466,28124.813741
250,core-02,26.947992,3.718918,0.086015,28469.352006
250,core-03,25.560534,3.509027,0.132901,28902.985158
250,aggregation-01,27.363891,9.681351,0.073559,5462.026956
250,access-01,29.661532,18.372582,0.07834,228.387088
250,access-02,31.664364,18.779266,0.091663,232.978131
250,access-03,36.077386,18.435268,0.128034,237.699604
250,aggregation-02,37.426521,11.031034,0.026656,5908.265425
250,access-04,40.262688,18.173238,0.09513,246.890363
250,access-05,40.897262,19.013191,0.080141,251.045991
250,access-06,42.804061,18.942601,0.071501,254.715439
250,aggregation-03,40.215986,10.887347,0.056551,6283.228508
250,access-07,38.783514,18.395191,0.094298,260.115744
250,access-08,36.870221,18.879768,0.106827,261.662302
250,access-09,34.375046,18.041774,0.07422,262.360372
250,aggregation-04,32.15167,8.947115,0.040261,6390.786934
250,access-10,28.562867,16.652892,0.080821,261.145524
250,access-11,26.800007,16.533934,0.069952,259.274066
250,access-12,27.047516,16.03001,0.08685,256.635624
250,aggregation-05,25.585429,7.864303,0.130028,6174.680882
250,access-13,28.280992,15.189579,0.06243,249.441065
250,access-14,27.746869,14.778331,0.080584,245.13048
250,access-15,31.759786,15.05135,0.151119,240.535597
250,aggregation-06,35.024153,6.633145,0.075145,5747.947408
250,access-16,37.257537,15.019327,0.084532,231.124533
250,access-17,37.797651,15.324744,0.080862,226.629529
250,access-18,40.607169,16.167713,0.073007,222.481618
251,core-01,27.977378,3.530987,0.09347,28158.762995
251,core-02,27.224296,4.079635,0.042412,28513.982238
251,core-03,25.671973,4.288663,0.019633,28956.773249
251,aggregation-01,28.929166,9.822466,0.079498,5473.376012
251,access-01,27.216214,18.740724,0.079016,228.892589
251,access-02,32.494923,18.633735,0.102505,233.506278
251,access-03,33.586588,18.452084,0.046873,238.232374
251,aggregation-02,37.84139,10.703444,0.068307,5920.921184
251,access-04,41.03899,18.687125,0.058765,247.378295
251,access-05,40.717742,18.545242,0.075718,251.485992
251,access-06,42.790607,17.75713,0.082562,255.092493
251,aggregation-03,41.252468,10.860712,0.061996,6290.571213
251,access-07,39.404972,18.142622,0.064022,260.330887
251,access-08,37.833036,18.489441,0.096495,261.784008
251,access-09,35.620843,17.592795,0.093759,262.384487
251,aggregation-04,32.185956,9.249748,0.118625,6388.975888
251,access-10,28.935244,17.193857,0.017847,260.975346
251,access-11,27.749034,16.88145,0.103799,259.013817
251,access-12,24.018441,16.247493,0.149894,256.294186
251,aggregation-05,24.696296,7.810844,0.121102,6164.663377
251,access-13,27.323943,15.179137,0.078248,248.974579
251,access-14,29.842584,15.240647,0.091168,244.624403
251,access-15,33.170252,15.519437,0.071683,240.0072
251,aggregation-06,36.192183,7.139645,0.073094,5734.963228
251,access-16,36.835524,15.544592,0.133944,230.605741
251,access-17,40.550232,15.080806,0.097207,226.142334
251,access-18,41.146405,15.626465,0.08152,222.042646
252,core-01,26.793998,2.993089,0.024619,28193.980102
252,core-02,26.164563,4.642243,0.082555,28559.726153
252,core-03,27.591418,5.20821,0.093894,29011.482846
252,aggregation-01,26.684927,10.167377,0.082374,5484.854673
252,access-01,29.490804,17.612827,0.073543,229.401521
252,access-02,32.409943,18.953259,0.086261,234.035855
252,access-03,33.946512,17.94369,0.076084,238.764523
252,aggregation-02,39.267901,10.479476,0.08544,5933.512309
252,access-04,38.895853,18.365589,0.068982,247.861635
252,access-05,41.586129,18.751404,0.039341,251.919619
252,access-06,41.659164,18.854567,0.046662,255.461607
252,aggregation-03,41.899071,10.193654,0.034902,6297.688851
252,access-07,41.243377,18.347337,0.11591,260.535818
252,access-08,37.937987,17.301165,0.08165,261.894871
252,access-09,34.987708,17.695208,0.044725,262.397498
252,aggregation-04,29.610312,9.016657,0.079897,6386.897067
252,access-10,30.630286,16.644278,0.099486,260.794676
252,access-11,26.377615,16.291954,0.081537,258.743927
252,access-12,26.611851,15.80386,0.077636,255.944287
252,aggregation-05,24.732084,6.770547,0.084178,6154.475451
252,access-13,27.622918,15.597937,0.064031,248.502809
252,access-14,30.591753,15.014874,0.097856,244.11493
252,access-15,34.735871,14.829834,0.080951,239.477411
252,aggregation-06,34.992418,7.121729,0.079577,5721.995123
252,access-16,38.069892,14.625765,0.054189,230.089637
252,access-17,38.974383,14.131541,0.029416,225.659764
252,access-18,41.17216,15.868683,0.06083,221.61008
253,core-01,27.879654,3.214721,0.073893,28230.449776
253,core-02,25.175021,4.280556,0.109102,28606.563897
253,core-03,26.542273,4.969625,0.093624,29067.090205
253,aggregation-01,27.453423,9.577818,0.089084,5496.45796
253,access-01,29.747144,18.387195,0.095788,229.913665
253,access-02,33.169728,18.257517,0.083478,234.566632
253,access-03,35.900213,18.570629,0.096114,239.295819
253,aggregation-02,38.725995,11.495087,0.102389,5946.033336
253,access-04,43.328059,18.443507,0.065063,248.340175
253,access-05,41.137106,19.344208,0.071254,252.346684
253,access-06,41.372913,19.299279,0.024382,255.822623
253,aggregation-03,42.302134,9.589703,0.045834,6304.578334
253,access-07,40.029214,18.398535,0.040642,260.730448
253,access-08,36.921612,16.972517,0.084812,261.994842
253,access-09,34.779427,17.842249,0.113691,262.399399
253,aggregation-04,32.072334,9.121809,0.065236,6384.551373
253,access-10,27.627625,15.709343,0.106654,260.603592
253,access-11,27.428304,15.952984,0.070015,258.464514
253,access-12,23.728222,16.012211,0.099963,255.58608
253,aggregation-05,25.34854,7.53142,0.031484,6144.121526
253,access-13,27.52924,15.674833,0.086464,248.02596
253,access-14,30.727276,15.210078,0.056688,243.602282
253,access-15,34.112773,15.619373,0.062779,238.946459
253,aggregation-06,33.934038,7.452143,0.067741,5709.04872
253,access-16,37.405198,15.55275,0.071594,229.576446
253,access-17,41.405011,15.530822,0.058849,225.18203
253,access-18,41.731036,15.639079,0.04024,221.184106
254,core-01,26.918726,3.815508,0.087201,28268.15619
254,core-02,28.259538,4.740237,0.071632,28654.475142
254,core-03,26.527978,4.257189,0.080368,29123.571191
254,aggregation-01,28.430683,10.117408,0.064626,5508.180834
254,access-01,29.055882,18.304551,0.061561,230.428797
254,access-02,33.339006,18.555307,0.069015,235.098378
254,access-03,35.763768,18.98833,0.068897,239.826031
254,aggregation-02,38.453962,11.500867,0.070516,5958.47883
254,access-04,40.490882,19.097947,0.049878,248.813706
254,access-05,42.11643,18.762623,0.091745,252.767001
254,access-06,41.688273,17.749182,0.09322,256.175382
254,aggregation-03,41.29226,9.95756,0.108495,6311.236671
254,access-07,38.518192,18.395973,0.060671,260.914691
254,access-08,36.628101,18.061034,0.128361,262.083878
254,access-09,33.624908,17.012265,0.106774,262.39019
254,aggregation-04,32.315107,8.844497,0.128105,6381.939825
254,access-10,29.424847,16.486855,0.021269,260.402176
254,access-11,27.427803,16.217568,0.078165,258.175697
254,access-12,27.437661,15.527008,0.084189,255.219719
254,aggregation-05,25.575339,7.435287,0.057514,6133.606096
254,access-13,25.7919,15.272985,0.045918,247.544239
254,access-14,28.816278,14.762805,0.099539,243.086682
254,access-15,33.563104,15.121079,0.065544,238.414577
254,aggregation-06,34.573758,6.568692,0.054224,5696.12964
254,access-16,39.111906,15.254197,0.095461,229.066389
254,access-17,42.966616,15.622711,0.078833,224.709337
254,access-18,41.237383,15.676107,0.100674,220.764909
255,core-01,25.63821,3.879903,0.11183,28307.082977
255,core-02,27.09404,3.978323,0.091298,28703.439094
255,core-03,26.936372,3.999598,0.065254,29180.901291
255,aggregation-01,26.879992,9.548137,0.108739,5520.01821
255,access-01,30.7771,18.450491,0.09775,230.946695
255,access-02,34.535719,18.651405,0.071293,235.630863
255,access-03,37.499109,19.371826,0.011914,240.354931
255,aggregation-02,41.182706,11.273184,0.059667,5970.84339
255,access-04,38.950771,18.80545,0.10121,249.282023
255,access-05,41.362527,18.465969,0.076038,253.180389
255,access-06,40.745647,18.041849,0.085822,256.519733
255,aggregation-03,41.058991,9.821312,0.065973,6317.660974
255,access-07,38.980235,17.543827,0.123074,261.088469
255,access-08,37.562518,18.290946,0.058628,262.161941
255,access-09,32.161977,16.841738,0.050531,262.369874
255,aggregation-04,27.624347,9.295495,0.056972,6379.063555
255,access-10,28.16471,16.413549,0.050068,260.190517
255,access-11,26.981267,16.160908,0.081053,257.877604
255,access-12,25.775895,15.301693,0.119919,254.845364
255,aggregation-05,27.017149,7.654441,0.098039,6122.933724
255,access-13,27.762314,16.219501,0.083661,247.057855
255,access-14,29.610873,15.722064,0.012941,242.568354
255,access-15,34.011425,15.349605,0.093304,237.881993
255,aggregation-06,35.169153,7.933715,0.088946,5683.243487
255,access-16,37.24526,14.789774,0.086234,228.559689
255,access-17,40.565133,15.65135,0.095431,224.241892
255,access-18,42.428717,15.615234,0.079933,220.352672
256,core-01,27.181602,4.178723,0.107951,28347.213244
256,core-02,27.27405,4.645502,0.080087,28753.434503
256,core-03,25.715827,4.677843,0.10108,29239.055622
256,aggregation-01,28.63398,10.184606,0.096267,5531.964948
256,access-01,28.383148,17.927739,0.09885,231.467133
256,access-02,32.070629,18.836655,0.086146,236.163855
256,access-03,35.092855,18.791536,0.059746,240.882287
256,aggregation-02,38.471122,11.404908,0.088575,5983.12165
256,access-04,40.549415,18.168682,0.07311,249.744923
256,access-05,40.789519,18.811932,0.038355,253.586667
256,access-06,40.633393,18.387925,0.067067,256.855524
256,aggregation-03,39.789429,9.965277,0.092484,6323.848453
256,access-07,37.322257,17.532914,0.099782,261.251704
256,access-08,36.485738,17.777998,0.110274,262.228997
256,access-09,32.729481,17.432583,0.09232,262.338461
256,aggregation-04,30.189626,9.372989,0.055257,6375.923813
256,access-10,26.803004,15.78142,0.06692,259.968707
256,access-11,25.007588,16.06292,0.105161,257.570362
256,access-12,25.871566,15.689343,0.068861,254.463177
256,aggregation-05,27.178755,7.863141,0.103446,6112.109043
256,access-13,26.83391,15.928436,0.115457,246.567019
256,access-14,28.699312,15.274181,0.093257,242.047522
256,access-15,33.231251,14.688994,0.104019,237.34894
256,aggregation-06,35.80535,7.219989,0.076505,5670.395856
256,access-16,37.554556,15.704432,0.082196,228.056566
256,access-17,39.661202,15.868771,0.098066,223.779898
256,access-18,42.86494,16.482531,0.036135,219.947574
257,core-01,25.907039,4.37035,0.057976,28388.529574
257,core-02,27.141087,4.058954,0.11889,28804.439669
257,core-03,28.034136,5.406726,0.051201,29298.008946
257,aggregation-01,27.1977,10.663667,0.055535,5544.015865
257,access-01,32.259962,18.867429,0.075116,231.989885
257,access-02,34.355829,18.336813,0.031417,236.697123
257,access-03,38.354067,18.819214,0.041835,241.407872
257,aggregation-02,37.981105,10.372765,0.044411,5995.30828
257,access-04,41.151653,18.919827,0.078388,250.202204
257,access-05,41.689035,18.171019,0.085464,253.98566
257,access-06,39.902863,18.869833,0.045984,257.182612
257,aggregation-03,38.605101,10.257995,0.083822,6329.796422
257,access-07,38.39921,17.556178,0.048352,261.404328
257,access-08,36.034409,17.406064,0.087813,262.285016
257,access-09,31.493941,16.425785,0.078761,262.295964
257,aggregation-04,29.663061,8.620316,0.097467,6372.52196
257,access-10,28.548115,16.714858,0.099014,259.736841
257,access-11,26.178157,16.477973,0.063911,257.254106
257,access-12,24.47949,15.513633,0.035522,254.073324
257,aggregation-05,26.923754,8.259765,0.068507,6101.13675
257,access-13,28.883147,15.376281,0.083395,246.071943
257,access-14,30.066613,15.452187,0.036694,241.524412
257,access-15,35.962794,15.118969,0.025745,236.815649
257,aggregation-06,35.978337,7.762316,0.106613,5657.592323
257,access-16,36.995529,14.921327,0.102748,227.557237
257,access-17,43.225258,16.438263,0.084011,223.323554
257,access-18,43.019343,16.646506,0.104349,219.549789
258,core-01,28.475559,5.156001,0.074312,28431.014034
258,core-02,25.831251,4.351366,0.058071,28856.432455
258,core-03,27.94039,4.813475,0.08221,29357.735675
258,aggregation-01,28.400605,10.576322,0.082395,5556.16573
258,access-01,32.481713,18.634983,0.068414,232.514725
258,access-02,35.937216,19.061928,0.061918,237.230436
258,access-03,38.449706,18.303275,0.089087,241.931457
258,aggregation-02,39.937953,10.49099,0.072653,6007.397992
258,access-04,40.199102,18.675281,0.086541,250.653669
258,access-05,40.663395,18.194619,0.044462,254.377194
258,access-06,41.166719,18.262567,0.039894,257.500853
258,aggregation-03,41.831488,9.962725,0.128246,6335.502302
258,access-07,39.455516,18.171219,0.0879,261.546273
258,access-08,35.464816,17.599724,0.101923,262.329974
258,access-09,33.90553,17.387616,0.07348,262.242401
258,aggregation-04,31.830254,8.798556,0.091518,6368.859474
258,access-10,29.172492,16.540521,0.073166,259.49502
258,access-11,27.518611,16.152818,0.063864,256.928972
258,access-12,26.199752,16.010088,0.06661,253.675974
258,aggregation-05,28.388752,7.117574,0.135329,6090.021608
258,access-13,28.544836,16.264536,0.102112,245.572844
258,access-14,30.352173,15.380084,0.077509,240.999253
258,access-15,34.680145,15.336844,0.088689,236.282351
258,aggregation-06,36.418725,7.075881,0.036146,5644.838444
258,access-16,38.853148,15.645799,0.076064,227.061919
258,access-17,41.532089,15.963563,0.077697,222.87306
258,access-18,40.753759,16.101749,0.09826,219.159491
259,core-01,26.282815,4.045393,0.079735,28474.648186
259,core-02,26.557036,3.861564,0.082556,28909.390297
259,core-03,26.052422,5.139535,0.097033,29418.209888
259,aggregation-01,31.514303,10.721962,0.048923,5568.409269
259,access-01,31.645805,19.60278,0.12228,233.041425
259,access-02,34.789413,18.590097,0.083617,237.763562
259,access-03,38.42845,18.774778,0.084615,242.452814
259,aggregation-02,40.764471,10.654555,0.122751,6019.385538
259,access-04,40.905998,17.98971,0.098835,251.099121
259,access-05,42.718142,19.025141,0.070359,254.761099
259,access-06,42.168832,18.894111,0.056191,257.810109
259,aggregation-03,39.585005,9.376756,0.068156,6340.963615
259,access-07,35.742066,16.956026,0.045876,261.677477
259,access-08,34.539375,17.25294,0.101412,262.363852
259,access-09,32.66881,16.327773,0.068431,262.177796
259,aggregation-04,30.954462,8.979963,0.066672,6364.937943
259,access-10,26.835511,15.269854,0.062614,259.243349
259,access-11,26.6545,15.28023,0.104375,256.595103
259,access-12,26.572553,15.684652,0.112142,253.271299
259,aggregation-05,28.48943,6.83238,0.045249,6078.768441
259,access-13,30.690822,15.259091,0.069188,245.069937
259,access-14,32.203324,14.699855,0.06756,240.47227
259,access-15,36.013025,14.087658,0.103352,235.749278
259,aggregation-06,36.765388,6.73438,0.089704,5632.139755
259,access-16,39.601843,15.749897,0.078346,226.570829
259,access-17,44.468623,16.448875,0.06013,222.428609
259,access-18,41.16763,16.021582,0.06731,218.77685
260,core-01,24.561106,4.824828,0.105005,28519.413092
260,core-02,27.463119,4.619685,0.086615,28963.29021
260,core-03,27.671772,4.054244,0.056055,29479.405337
260,aggregation-01,29.348163,9.880973,0.075611,5580.741169
260,access-01,33.408697,18.052773,0.065137,233.569757
260,access-02,33.580646,19.023919,0.059229,238.29627
260,access-03,39.127229,18.551323,0.075092,242.971719
260,aggregation-02,40.439871,10.720269,0.117362,6031.265716
260,access-04,43.760821,18.995649,0.080143,251.538367
260,access-05,42.904776,18.594889,0.070755,255.137209
260,access-06,42.545216,18.404926,0.114854,258.110247
260,aggregation-03,39.192165,10.539052,0.051411,6346.177991
260,access-07,37.394545,17.690465,0.074152,261.797885
260,access-08,34.199734,17.440889,0.095259,262.386635
260,access-09,32.927412,17.740002,0.08322,262.102176
260,aggregation-04,30.617083,9.309771,0.064023,6360.75907
260,access-10,26.125522,16.732197,0.069029,258.981937
260,access-11,26.915895,15.79103,0.075781,256.252642
260,access-12,25.973215,15.367464,0.046765,252.859476
260,aggregation-05,26.99442,6.60924,0.090858,6067.382133
260,access-13,28.706444,15.15938,0.077689,244.563441
260,access-14,34.145917,15.452364,0.069511,239.943694
260,access-15,35.30479,15.419592,0.101556,235.21666
260,aggregation-06,36.663261,7.121851,0.056281,5619.501766
260,access-16,39.163,16.134089,0.070961,226.084177
260,access-17,41.815127,15.971534,0.087087,221.990396
260,access-18,43.749711,15.578083,0.075033,218.40203
261,core-01,26.658026,4.154903,0.091289,28565.289324
261,core-02,27.264283,5.338657,0.051449,29018.1088
261,core-03,28.065261,5.366059,0.115308,29541.295464
261,aggregation-01,31.059587,11.20331,0.075588,5593.156078
261,access-01,33.132117,18.033045,0.066941,234.09949
261,access-02,34.59204,18.060925,0.091155,238.828328
261,access-03,38.003883,19.49763,0.089992,243.487944
261,aggregation-02,39.907979,11.182039,0.109799,6043.03337
261,access-04,40.191025,18.649162,0.075826,251.971217
261,access-05,42.381973,18.425906,0.079334,255.50536
261,access-06,40.124569,18.202472,0.058779,258.401136
261,aggregation-03,38.039738,9.871401,0.118557,6351.143166
261,access-07,37.807501,17.865935,0.112978,261.907443
261,access-08,35.110453,17.75075,0.041632,262.398313
261,access-09,29.275146,15.752481,0.05573,262.015576
261,aggregation-04,28.976682,9.218977,0.06948,6356.324668
261,access-10,26.297191,17.367886,0.108529,258.710898
261,access-11,27.604675,16.165734,0.07143,255.901738
261,access-12,24.302863,15.506247,0.087084,252.440683
261,aggregation-05,27.954702,6.966686,0.082781,6055.867625
261,access-13,30.660791,15.052167,0.069583,244.053575
261,access-14,30.838898,15.338494,0.045411,239.413753
261,access-15,35.852358,15.320479,0.050848,234.68473
261,aggregation-06,38.248741,7.402408,0.126288,5606.929964
261,access-16,39.607347,15.584621,0.106564,225.602177
261,access-17,43.297839,16.08331,0.052387,221.558611
261,access-18,43.619411,15.764244,0.070574,218.035196
262,core-01,26.106682,4.077963,0.108123,28612.256971
262,core-02,25.057325,4.921469,0.040485,29073.822276
262,core-03,27.330271,5.449566,0.061901,29603.853408
262,aggregation-01,29.648311,9.359875,0.065612,5605.648607
262,access-01,30.512033,18.573468,0.088921,234.630395
262,access-02,34.865414,19.393522,0.129537,239.359506
262,access-03,40.979744,19.014211,0.070761,244.001267
262,aggregation-02,40.682686,11.192142,0.10721,6054.683392
262,access-04,42.192062,18.347889,0.096348,252.397482
262,access-05,42.398618,17.657503,0.049929,255.865393
262,access-06,41.072537,18.730541,0.059978,258.68265
262,aggregation-03,38.404002,10.097735,0.105067,6355.856986
262,access-07,39.024553,17.562792,0.121745,262.006105
262,access-08,33.24724,17.191076,0.04672,262.398881
262,access-09,29.555052,17.25356,0.060792,261.918031
262,aggregation-04,27.58731,8.414531,0.113164,6351.636663
262,access-10,25.748921,15.721832,0.090831,258.43035
262,access-11,26.344213,16.289013,0.108882,255.542544
262,access-12,26.199564,14.980341,0.096242,252.015102
262,aggregation-05,26.459151,6.544161,0.053952,6044.229916
262,access-13,30.108092,15.577777,0.048051,243.540562
262,access-14,31.964111,15.255675,0.169048,238.882678
262,access-15,35.607932,14.728971,0.07985,234.153718
262,aggregation-06,38.008116,8.002617,0.066151,5594.429804
262,access-16,43.082852,15.824055,0.063548,225.125036
262,access-17,41.131714,15.480807,0.049861,221.133441
262,access-18,42.142334,15.812497,0.074959,217.676506
263,core-01,25.740523,5.099375,0.089382,28660.295648
263,core-02,25.038748,4.339314,0.06468,29130.406457
263,core-03,27.774623,4.990627,0.018398,29667.052017
263,aggregation-01,27.760745,10.703653,0.090903,5618.213335
263,access-01,33.203406,18.268549,0.093289,235.162242
263,access-02,37.712826,17.482331,0.070067,239.889573
263,access-03,38.291889,17.955825,0.067077,244.511465
263,aggregation-02,41.858901,10.820968,0.103557,6066.210725
263,access-04,40.389904,18.044491,0.06861,252.816977
263,access-05,41.068805,19.041213,0.08141,256.217151
263,access-06,41.446114,18.483386,0.069469,258.954667
263,aggregation-03,38.540717,9.704433,0.071767,6360.317406
263,access-07,38.677693,18.332952,0.02638,262.093826
263,access-08,30.955282,16.826006,0.092013,262.388338
263,access-09,30.277614,17.020526,0.094833,261.809585
263,aggregation-04,27.393806,8.586135,0.080744,6346.697088
263,access-10,27.924186,16.158263,0.089905,258.140413
263,access-11,26.950663,15.286301,0.071227,255.175215
263,access-12,26.337962,16.141735,0.122927,251.582917
263,aggregation-05,27.888581,7.167409,0.100713,6032.474055
263,access-13,28.820276,14.830736,0.065019,243.024623
263,access-14,32.586228,14.692182,0.084948,238.350699
263,access-15,37.391612,16.610548,0.050262,233.623854
263,aggregation-06,38.515697,6.849378,0.09835,5582.006712
263,access-16,39.196492,16.827557,0.050844,224.652963
263,access-17,41.858211,15.480109,0.084727,220.71507
263,access-18,43.754732,16.138811,0.079408,217.326116
264,core-01,26.431088,4.950662,0.063464,28709.384506
264,core-02,25.403692,5.289946,0.104841,29187.836785
264,core-03,30.177517,5.214548,0.100233,29730.863862
264,aggregation-01,30.176811,9.670038,0.096458,5630.844808
264,access-01,32.779477,17.977125,0.061635,235.6948
264,access-02,37.236971,18.46499,0.11085,240.418299
264,access-03,40.082171,18.339505,0.063143,245.018316
264,aggregation-02,42.016747,9.91149,0.023583,6077.610368
264,access-04,41.234062,18.749856,0.115165,253.229521
264,access-05,39.65878,18.716536,0.081032,256.560482
264,access-06,39.99362,17.68901,0.092224,259.217068
264,aggregation-03,39.71868,10.333336,0.048626,6364.522488
264,access-07,35.896905,17.463999,0.078664,262.17057
264,access-08,34.513822,17.11341,0.083316,262.36669
264,access-09,31.422228,16.371213,0.097916,261.690284
264,aggregation-04,27.861514,8.198279,0.04959,6341.508088
264,access-10,25.896564,16.726938,0.100139,257.841215
264,access-11,26.206217,16.205262,0.113504,254.799912
264,access-12,24.118524,15.550365,0.033316,251.144316
264,aggregation-05,29.015607,6.644951,0.068026,6020.605145
264,access-13,29.927879,15.476658,0.075765,242.505982
264,access-14,34.349574,15.122913,0.043505,237.818047
264,access-15,35.973192,15.684583,0.091243,233.095369
264,aggregation-06,39.040384,7.415095,0.051939,5569.666079
264,access-16,40.579203,15.693721,0.082183,224.186161
264,access-17,41.133423,16.540075,0.059948,220.30368
264,access-18,43.08518,16.495787,0.10961,216.984177
265,core-01,27.652438,3.839415,0.060008,28759.50224
265,core-02,25.911941,4.903286,0.062803,29246.088335
265,core-03,27.969926,5.567067,0.08496,29795.261249
265,aggregation-01,32.319074,9.913234,0.102615,5643.537544
265,access-01,32.994927,18.601519,0.095513,236.227837
265,access-02,37.675533,18.759965,0.110115,240.945455
265,access-03,40.556626,18.289283,0.08683,245.5216
265,aggregation-02,40.938551,10.966765,0.084285,6088.877372
265,access-04,41.981624,18.630007,0.070879,253.634934
265,access-05,41.089968,18.669091,0.126123,256.895237
265,access-06,38.138199,17.611943,0.036281,259.46974
265,aggregation-03,39.038108,10.040435,0.078141,6368.470409
265,access-07,32.428495,17.694163,0.096777,262.236302
265,access-08,32.593927,16.950806,0.093937,262.333946
265,access-09,31.271367,16.384115,0.102762,261.560181
265,aggregation-04,27.164884,8.34859,0.130809,6336.071914
265,access-10,25.568243,15.157804,0.052693,257.532885
265,access-11,24.436426,15.22867,0.038656,254.416796
265,access-12,27.145325,15.300109,0.108661,250.69949
265,aggregation-05,29.576263,6.956848,0.074088,6008.628338
265,access-13,30.821093,14.555265,0.05996,241.984865
265,access-14,34.80381,15.545836,0.083265,237.284953
265,access-15,37.28712,15.423689,0.09587,232.568492
265,aggregation-06,38.635969,7.709699,0.075792,5557.413261
265,access-16,41.783839,15.602112,0.07324,223.724834
265,access-17,42.754774,15.568718,0.069837,219.89945
265,access-18,41.928528,16.578746,0.047878,216.650839
266,core-01,24.589214,3.985721,0.08609,28810.627098
266,core-02,27.318696,4.685285,0.063311,29305.135825
266,core-03,28.727012,4.451505,0.084114,29860.216228
266,aggregation-01,31.413429,10.527204,0.058692,5656.286034
266,access-01,34.746508,18.526272,0.046196,236.761123
266,access-02,37.532631,19.04615,0.046155,241.470812
266,access-03,39.700586,18.903692,0.05818,246.021098
266,aggregation-02,39.87787,10.411994,0.0976,6100.006848
266,access-04,43.367748,19.168422,0.044166,254.033041
266,access-05,41.707328,18.179768,0.106313,257.22127
266,access-06,40.987233,18.053432,0.116426,259.712573
266,aggregation-03,36.983369,9.671977,0.105459,6372.159454
266,access-07,35.423141,17.988442,0.036663,262.290995
266,access-08,31.714376,16.902089,0.117045,262.29012
266,access-09,29.888626,17.557942,0.092704,261.419331
266,aggregation-04,26.036244,7.971031,0.082045,6330.390926
266,access-10,26.922062,15.679442,0.092283,257.215556
266,access-11,26.41332,15.253114,0.05384,254.026034
266,access-12,27.470517,15.199093,0.085526,250.248631
266,aggregation-05,26.413048,7.360259,0.110096,5996.548831
266,access-13,32.695534,15.534511,0.085003,241.461497
266,access-14,32.701245,15.108752,0.033634,236.751649
266,access-15,36.386799,14.671068,0.067769,232.043451
266,aggregation-06,38.820957,8.042171,0.111431,5545.253577
266,access-16,43.196858,16.997558,0.102189,223.269182
266,access-17,42.974468,16.499279,0.102656,219.502555
266,access-18,41.235555,15.794059,0.089904,216.326246
267,core-01,26.065927,4.115884,0.122957,28862.736891
267,core-02,25.884539,4.424287,0.078354,29364.953628
267,core-03,27.902291,4.768886,0.091056,29925.700608
267,aggregation-01,32.610258,9.241515,0.131236,5669.084746
267,access-01,33.399069,18.052686,0.049028,237.294425
267,access-02,36.846417,18.409665,0.065892,241.994142
267,access-03,39.948302,18.0276,0.090065,246.516595
267,aggregation-02,42.819975,11.000809,0.072716,6110.993965
267,access-04,42.422415,18.384941,0.090501,254.423668
267,access-05,43.134718,18.881066,0.084953,257.53844
267,access-06,40.472415,17.374226,0.085465,259.945461
267,aggregation-03,38.80502,9.191257,0.093111,6375.588023
267,access-07,33.21739,18.394877,0.047209,262.334625
267,access-08,32.963992,17.716484,0.059952,262.235231
267,access-09,30.043116,16.409687,0.073149,261.267796
267,aggregation-04,26.721486,8.907648,0.04345,6324.46759
267,access-10,24.807692,16.851661,0.104917,256.889367
267,access-11,27.434782,15.678172,0.097762,253.627796
267,access-12,26.231649,15.638537,0.036837,249.791935
267,aggregation-05,28.709081,7.392838,0.068131,5984.371867
267,access-13,33.683467,15.180604,0.089914,240.936106
267,access-14,33.525712,15.424489,0.05909,236.218366
267,access-15,38.362057,15.392055,0.042093,231.520475
267,aggregation-06,37.880708,7.757743,0.091401,5533.192303
267,access-16,42.201599,16.332034,0.058411,222.819403
267,access-17,40.277777,15.771314,0.095963,219.113167
267,access-18,42.275311,16.207012,0.090116,216.010538
268,core-01,27.193102,4.555402,0.090384,28915.809003
268,core-02,27.435844,4.281554,0.062368,29425.515781
268,core-03,29.176398,5.012667,0.099645,29991.685968
268,aggregation-01,33.263318,9.9814,0.046345,5681.928124
268,access-01,34.212322,18.832335,0.090746,237.827513
268,access-02,37.851214,18.645202,0.125996,242.515217
268,access-03,39.777002,18.871121,0.068733,247.007874
268,aggregation-02,40.2738,10.823779,0.079923,6121.833954
268,access-04,42.300927,18.830563,0.037948,254.806647
268,access-05,43.028543,18.234535,0.050238,257.84661
268,access-06,41.288498,18.275954,0.073524,260.168305
268,aggregation-03,38.452074,9.739247,0.085748,6378.754627
268,access-07,34.211602,17.358314,0.11104,262.367172
268,access-08,31.269839,17.558775,0.090804,262.169302
268,access-09,29.609045,16.299388,0.084258,261.105642
268,aggregation-04,26.924861,8.407956,0.108739,6318.304477
268,access-10,25.459466,15.450084,0.083751,256.554458
268,access-11,25.154612,15.463852,0.100993,253.222255
268,access-12,28.273741,14.960829,0.085012,249.329601
268,aggregation-05,29.442722,7.66448,0.117488,5972.102732
268,access-13,33.824151,14.69486,0.061222,240.408921
268,access-14,35.77832,15.308893,0.040926,235.685335
268,access-15,40.030591,15.429996,0.085583,230.99979
268,aggregation-06,41.242847,7.670351,0.105369,5521.234675
268,access-16,41.766448,15.093829,0.073811,222.375691
268,access-17,42.038819,16.022357,0.090548,218.731455
268,access-18,41.265032,16.558385,0.077322,215.703854
269,core-01,27.217771,3.809295,0.06825,28969.8204
269,core-02,26.92463,5.075329,0.070706,29486.796
269,core-03,31.190642,4.780764,0.049255,30058.143669
269,aggregation-01,33.050363,11.118439,0.085949,5694.810594
269,access-01,35.753875,18.737917,0.103588,238.360155
269,access-02,38.474546,18.51557,0.083543,243.033811
269,access-03,39.996866,18.737981,0.08838,247.494723
269,aggregation-02,41.105501,11.294664,0.070638,6132.522111
269,access-04,40.661637,18.040202,0.049214,255.18181
269,access-05,41.698416,18.398342,0.14316,258.145645
269,access-06,38.05532,18.485184,0.101292,260.381006
269,aggregation-03,37.369444,9.687335,0.082996,6381.657893
269,access-07,34.200852,18.033269,0.088705,262.388623
269,access-08,32.448354,16.71882,0.034294,262.092363
269,access-09,28.430339,16.549573,0.106909,260.932939
269,aggregation-04,26.202774,8.418724,0.041295,6311.90426
269,access-10,26.073572,15.851225,0.088104,256.210976
269,access-11,27.083108,15.908014,0.064648,252.809586
269,access-12,26.352459,15.768647,0.101272,248.861828
269,aggregation-05,29.459756,7.054408,0.067252,5959.746749
269,access-13,31.889384,15.080283,0.087287,239.880169
269,access-14,35.251468,15.114215,0.095424,235.152788
269,access-15,37.538192,15.696875,0.064738,230.481622
269,aggregation-06,39.591411,7.573303,0.07943,5509.385882
269,access-16,40.744856,16.005015,0.07083,221.938239
269,access-17,42.244915,15.472603,0.035919,218.357586
269,access-18,42.84366,16.245019,0.134055,215.406325
270,core-01,24.911451,4.555145,0.106329,29024.74764
270,core-02,25.739572,4.880058,0.064162,29548.76769
270,core-03,30.019027,5.176468,0.076356,30125.044868
270,aggregation-01,32.212551,10.840078,0.118596,5707.726566
270,access-01,36.662391,19.40007,0.040502,238.89212
270,access-02,36.905873,19.269803,0.074457,243.549701
270,access-03,39.613673,18.866791,0.064708,247.976931
270,aggregation-02,41.367926,10.362661,0.099912,6143.053797
270,access-04,41.187859,18.35943,0.053195,255.548996
270,access-05,40.494946,18.693282,0.091062,258.435415
270,access-06,40.218796,18.299778,0.068995,260.583472
270,aggregation-03,35.747175,9.695591,0.067592,6384.296559
270,access-07,34.71294,17.289927,0.087497,262.398967
270,access-08,31.905592,17.925319,0.092663,262.004447
270,access-09,29.009611,16.147264,0.089358,260.749762
270,aggregation-04,27.020636,8.552162,0.105543,6305.269719
270,access-10,26.668741,15.592853,0.065947,255.859069
270,access-11,25.501012,15.385456,0.08025,252.389968
270,access-12,26.897989,15.275411,0.091957,248.388821
270,aggregation-05,29.261015,7.31689,0.069185,5947.309282
270,access-13,32.871791,15.305091,0.06397,239.35008
270,access-14,34.214611,15.732469,0.058053,234.620956
270,access-15,37.276784,15.640668,0.103875,229.966197
270,aggregation-06,40.04833,7.499834,0.067235,5497.651067
270,access-16,43.22708,16.536225,0.099419,221.507238
270,access-17,43.681678,16.44474,0.045722,217.99172
270,access-18,42.360676,15.990852,0.060208,215.118082
271,core-01,26.855299,5.24917,0.061335,29080.566885
271,core-02,27.998561,4.711535,0.060588,29611.403952
271,core-03,31.783419,4.568003,0.070695,30192.360529
271,aggregation-01,32.070095,9.84888,0.080312,5720.670432
271,access-01,37.755502,19.058049,0.088472,239.423177
271,access-02,37.298633,18.719943,0.059306,244.06266
271,access-03,40.160232,18.622713,0.130637,248.454287
271,aggregation-02,41.480894,9.819865,0.040695,6153.424441
271,access-04,41.006338,18.425268,0.149819,255.908044
271,access-05,41.953506,18.904291,0.089641,258.715796
271,access-06,40.548168,18.929729,0.033025,260.775617
271,aggregation-03,38.03119,9.895752,0.077499,6386.669482
271,access-07,34.689811,17.557076,0.061554,262.398202
271,access-08,31.244944,16.776882,0.040714,261.905592
271,access-09,27.117483,16.437154,0.075638,260.556191
271,aggregation-04,27.159194,8.088298,0.063587,6298.403732
271,access-10,27.329558,15.754608,0.060982,255.498891
271,access-11,26.084037,15.384538,0.12845,251.963585
271,access-12,26.204239,15.834161,0.044328,247.910784
271,aggregation-05,29.423767,7.878234,0.125262,5934.795728
271,access-13,32.72926,15.727461,0.047968,238.818884
271,access-14,36.802456,15.358886,0.099776,234.090069
271,access-15,37.633948,16.266882,0.084896,229.453738
271,aggregation-06,40.605742,7.877803,0.094845,5486.035322
271,access-16,43.771701,15.510913,0.100839,221.082874
271,access-17,40.378783,16.218792,0.105836,217.634018
271,access-18,41.599767,16.370462,0.081714,214.839249
272,core-01,25.950024,4.815704,0.112585,29137.253908
272,core-02,27.946168,4.903969,0.114021,29674.677603
272,core-03,31.351293,5.511295,0.096899,30260.061437
272,aggregation-01,30.714582,10.89781,0.116811,5733.636577
272,access-01,37.30339,18.247367,0.080224,239.953096
272,access-02,38.284031,19.016995,0.086864,244.572468
272,access-03,40.920788,18.63167,0.089571,248.926586
272,aggregation-02,41.895611,10.677614,0.119951,6163.629542
272,access-04,42.3541,18.570769,0.081195,256.258799
272,access-05,41.001303,18.887206,0.047248,258.986665
272,access-06,37.042789,18.187648,0.074101,260.957355
272,aggregation-03,37.80813,9.549838,0.068147,6388.77563
272,access-07,35.556176,16.454514,0.133355,262.386327
272,access-08,29.488795,16.756363,0.101108,261.795841
272,access-09,28.684438,16.964067,0.108518,260.352309
272,aggregation-04,29.205101,8.890141,0.088662,6291.309279
272,access-10,25.097381,16.21073,0.093469,255.130597
272,access-11,25.512257,15.383838,0.07073,251.53062
272,access-12,29.278048,15.107961,0.064908,247.427924
272,aggregation-05,29.296037,7.197294,0.134943,5922.21152
272,access-13,34.074292,15.499807,0.060985,238.286812
272,access-14,36.406869,15.316517,0.066532,233.560359
272,access-15,39.31331,15.91495,0.105352,228.944467
272,aggregation-06,41.350526,7.922864,0.113886,5474.54369
272,access-16,41.229714,16.135719,0.079533,220.665331
272,access-17,42.036513,16.075691,0.053373,217.284634
272,access-18,42.548974,16.881546,0.086722,214.569947
273,core-01,26.384801,4.769874,0.087335,29194.784106
273,core-02,29.400563,5.330378,0.107355,29738.561181
273,core-03,32.247907,6.237384,0.047397,30328.118207
273,aggregation-01,32.825815,10.37622,0.103421,5746.619372
273,access-01,35.989988,18.617739,0.123484,240.481646
273,access-02,38.469504,19.295845,0.088621,245.078902
273,access-03,42.05586,18.710536,0.117283,249.393621
273,aggregation-02,43.5222,10.06051,0.07034,6173.664672
273,access-04,41.625698,18.420532,0.052524,256.601109
273,access-05,39.26334,18.313146,0.058985,259.247904
273,access-06,38.613926,16.825011,0.1121,261.128609
273,aggregation-03,35.24653,9.998906,0.071223,6390.614091
273,access-07,33.892069,17.469413,0.038331,262.363347
273,access-08,29.110172,16.520583,0.110379,261.675241
273,access-09,28.972946,16.851946,0.108169,260.138205
273,aggregation-04,25.213435,8.36308,0.088008,6283.98944
273,access-10,27.485876,16.313509,0.077575,254.754347
273,access-11,27.212977,15.417883,0.057651,251.091262
273,access-12,29.635963,15.943561,0.100831,246.940452
273,aggregation-05,29.398153,6.147433,0.042915,5909.562117
273,access-13,32.04679,15.285687,0.055368,237.754095
273,access-14,36.095015,14.035882,0.045253,233.032055
273,access-15,37.030172,15.248655,0.073783,228.438605
273,aggregation-06,37.754168,7.73945,0.018703,5463.181157
273,access-16,42.186417,15.977235,0.082709,220.254791
273,access-17,43.278844,15.349452,0.142122,216.94372
273,access-18,38.438486,16.477721,0.092166,214.310293
274,core-01,26.620089,3.962264,0.103899,29253.132511
274,core-02,28.923952,5.334877,0.061269,29803.026959
274,core-03,30.502933,4.928964,0.092072,30396.501304
274,aggregation-01,33.067745,10.430098,0.062151,5759.613182
274,access-01,36.487791,17.942394,0.087571,241.008598
274,access-02,38.078121,19.211749,0.113407,245.581743
274,access-03,40.809099,18.580854,0.080241,249.85519
274,aggregation-02,40.801025,9.768504,0.104394,6183.525474
274,access-04,42.158063,18.706329,0.038353,256.934824
274,access-05,41.09054,18.149362,0.078252,259.499401
274,access-06,37.448839,17.501751,0.130632,261.289304
274,aggregation-03,36.574814,9.52486,0.103667,6392.184065
274,access-07,30.567781,17.251692,0.077882,262.329272
274,access-08,29.238091,16.163912,0.0478,261.543845
274,access-09,27.190419,15.728989,0.075617,259.913972
274,aggregation-04,25.969241,7.935978,0.056567,6276.447392
274,access-10,24.036424,15.440969,0.069966,254.370305
274,access-11,26.190307,15.377242,0.085674,250.645702
274,access-12,27.48792,14.129839,0.060127,246.448579
274,aggregation-05,29.519907,7.244397,0.095488,5896.853011
274,access-13,31.240396,15.706757,0.099416,237.220963
274,access-14,37.184992,14.665401,0.078668,232.505386
274,access-15,39.456346,15.744191,0.054543,227.936372
274,aggregation-06,39.610421,7.563747,0.046203,5451.952655
274,access-16,41.21599,16.227695,0.042689,219.851432
274,access-17,41.127353,16.55978,0.049367,216.611423
274,access-18,42.39601,16.917711,0.113529,214.0604
275,core-01,25.658402,3.906644,0.089282,29312.273798
275,core-02,29.33578,5.170561,0.053599,29868.046959
275,core-03,31.965544,5.294006,0.048851,30465.181047
275,aggregation-01,33.773906,10.074748,0.081204,5772.612368
275,access-01,37.137457,18.347224,0.090682,241.533723
275,access-02,40.508167,18.964722,0.0404,246.080773
275,access-03,40.522949,19.211104,0.104108,250.311094
275,aggregation-02,41.490546,10.553508,0.08935,6193.207669
275,access-04,40.331614,19.249724,0.095154,257.259801
275,access-05,39.697209,18.414508,0.095034,259.741046
275,access-06,39.942841,17.67585,0.077425,261.439371
275,aggregation-03,35.217853,10.0296,0.108693,6393.484872
275,access-07,33.618926,16.9827,0.125577,262.284117
275,access-08,28.112287,17.196092,0.073287,261.40171
275,access-09,28.375349,16.907394,0.10806,259.679708
275,aggregation-04,27.604979,8.043803,0.097277,6268.686407
275,access-10,25.770775,16.034072,0.0723,253.978637
275,access-11,25.332456,16.083765,0.082538,250.194132
275,access-12,29.132561,16.051967,0.099497,245.952518
275,aggregation-05,30.992975,7.418343,0.064238,5884.089718
275,access-13,32.855371,15.395815,0.098263,236.687649
275,access-14,37.625823,15.296843,0.067664,231.980581
275,access-15,39.916914,14.948839,0.109005,227.437987
275,aggregation-06,40.184742,7.444315,0.095953,5440.863058
275,access-16,43.719454,15.786477,0.096426,219.455428
275,access-17,40.275433,16.232539,0.088086,216.287889
275,access-18,37.831204,16.860681,0.063545,213.820377
276,core-01,27.434476,4.425974,0.052924,29372.1823
276,core-02,29.2591,5.599869,0.054683,29933.592962
276,core-03,32.455817,5.744563,0.087384,30534.127629
276,aggregation-01,33.320519,11.333251,0.083648,5785.611289
276,access-01,37.022539,19.231908,0.101685,242.056794
276,access-02,39.172957,19.16596,0.07157,246.575775
276,access-03,42.739364,19.037687,0.098265,250.761133
276,aggregation-02,40.003135,10.359815,0.082545,6202.707055
276,access-04,42.953447,18.581252,0.058655,257.575899
276,access-05,39.87018,17.687264,0.055796,259.972735
276,access-06,38.41518,17.682642,0.097251,261.578744
276,aggregation-03,36.677375,9.159506,0.06771,6394.515947
276,access-07,30.757449,17.600337,0.019078,262.227902
276,access-08,27.686431,17.047486,0.101775,261.248897
276,access-09,27.69789,16.803117,0.056201,259.435513
276,aggregation-04,25.386842,7.726635,0.099059,6260.709854
276,access-10,23.63175,15.222899,0.072211,253.579513
276,access-11,28.16242,15.793221,0.104862,249.736749
276,access-12,29.628509,15.456239,0.101214,245.452485
276,aggregation-05,32.947137,7.149126,0.101681,5871.277776
276,access-13,35.166877,15.923637,0.054656,236.154384
276,access-14,36.284739,14.663347,0.108374,231.457867
276,access-15,37.953045,16.065096,0.086222,226.943664
276,aggregation-06,42.262367,8.134047,0.052558,5429.917178
276,access-16,43.146123,16.147369,0.061994,219.066953
276,access-17,40.860834,16.355511,0.068457,215.973257
276,access-18,40.10575,15.961227,0.063707,213.590326
277,core-01,27.825848,4.267167,0.043031,29432.832015
277,core-02,29.603457,4.782859,0.08038,29999.636519
277,core-03,31.187776,5.433559,0.092985,30603.311126
277,aggregation-01,33.96508,10.867285,0.10777,5798.604302
277,access-01,37.709625,18.558543,0.102314,242.577584
277,access-02,39.723339,18.565684,0.070624,247.066534
277,access-03,39.950562,18.471163,0.101836,251.205113
277,aggregation-02,43.547555,10.88401,0.052281,6212.019509
277,access-04,39.691809,18.551582,0.108069,257.882979
277,access-05,41.390752,18.015886,0.050267,260.194366
277,access-06,38.362959,17.77528,0.100306,261.707362
277,aggregation-03,32.254137,9.678817,0.098284,6395.276843
277,access-07,30.534895,17.067583,0.0956,262.160651
277,access-08,28.357478,16.881773,0.067411,261.085473
277,access-09,26.91981,16.664939,0.095638,259.181494
277,aggregation-04,24.598026,8.058459,0.043355,6252.521195
277,access-10,25.232014,15.39245,0.086768,253.173107
277,access-11,26.784804,15.062306,0.051294,249.273751
277,access-12,29.563783,14.692306,0.088586,244.948697
277,aggregation-05,33.720043,6.923932,0.081822,5858.422746
277,access-13,32.906659,15.011433,0.089848,235.621399
277,access-14,38.589491,16.077464,0.041367,230.937473
277,access-15,41.002581,14.259144,0.075886,226.453619
277,aggregation-06,41.699998,7.165691,0.096951,5419.119766
277,access-16,43.753298,15.793782,0.079107,218.686174
277,access-17,41.533791,16.410804,0.057875,215.667665
277,access-18,38.858895,16.179104,0.038619,213.370349
278,core-01,28.468612,4.584206,0.06443,29494.196621
278,core-02,29.914695,5.665317,0.049912,30066.148967
278,core-03,32.296038,5.890923,0.076369,30672.701512
278,aggregation-01,36.230117,10.870344,0.04551,5811.585768
278,access-01,35.979385,19.47089,0.0925,243.095865
278,access-02,39.204491,18.879549,0.09319,247.552837
278,access-03,42.267014,18.676539,0.153236,251.642842
278,aggregation-02,41.465432,10.93339,0.075322,6221.140989
278,access-04,42.428042,18.940523,0.067433,258.180909
278,access-05,39.924246,17.792907,0.102133,260.405844
278,access-06,37.027827,17.376884,0.041254,261.82517
278,aggregation-03,34.666434,9.055935,0.117362,6395.767229
278,access-07,32.485612,17.042933,0.060579,262.082392
278,access-08,29.254709,15.579871,0.113604,260.91151
278,access-09,26.536469,16.722999,0.10828,258.917761
278,aggregation-04,26.705214,7.66691,0.118901,6244.123984
278,access-10,26.80067,14.521202,0.07953,252.759595
278,access-11,25.592672,14.831676,0.064156,248.80534
278,access-12,27.51856,15.058238,0.10569,244.441372
278,aggregation-05,30.847504,7.156206,0.070552,5845.530208
278,access-13,35.035839,15.497111,0.114293,235.088926
278,access-14,38.852742,15.142692,0.102527,230.419622
278,access-15,39.434926,15.83126,0.090048,225.968065
278,aggregation-06,41.278391,7.63704,0.108371,5408.475509
278,access-16,42.215964,16.109226,0.077062,218.313256
278,access-17,41.039662,16.620755,0.058576,215.371244
278,access-18,39.879526,16.38359,0.098262,213.160541
279,core-01,27.34757,5.049236,0.07764,29556.249485
279,core-02,28.644344,5.847501,0.078409,30133.101438
279,core-03,31.758942,6.634893,0.071415,30742.26867
279,aggregation-01,36.354431,11.288897,0.103681,5824.550054
279,access-01,38.852979,19.072488,0.094386,243.611415
279,access-02,38.440151,19.077144,0.03467,248.034474
279,access-03,41.257618,18.748961,0.111606,252.074128
279,aggregation-02,41.447228,10.112505,0.093538,6230.067536
279,access-04,41.784513,18.350829,0.138312,258.469559
279,access-05,38.976107,18.067123,0.053096,260.607076
279,access-06,36.52016,18.258072,0.122767,261.932117
279,aggregation-03,35.149284,9.536273,0.145539,6395.986892
279,access-07,31.356061,16.744627,0.100396,261.993161
279,access-08,29.757002,16.495938,0.095911,260.727081
279,access-09,25.398788,15.049803,0.095012,258.644429
279,aggregation-04,28.90368,8.189282,0.133311,6235.521866
279,access-10,26.492947,15.482176,0.09259,252.339156
279,access-11,26.597415,15.69023,0.108155,248.331718
279,access-12,29.087548,14.894206,0.090605,243.930731
279,aggregation-05,31.949443,6.976333,0.033248,5832.605756
279,access-13,36.058833,15.314299,0.103961,234.557195
279,access-14,37.05169,15.36003,0.04542,229.904541
279,access-15,41.688935,15.865478,0.109761,225.487212
279,aggregation-06,42.90429,8.035294,0.08809,5397.989025
279,access-16,42.076912,16.06813,0.072258,217.948362
279,access-17,40.976556,16.644506,0.075357,215.084123
279,access-18,39.180791,16.909299,0.07119,212.960992
280,core-01,28.321103,5.887142,0.078414,29618.963675
280,core-02,29.689546,5.410733,0.050882,30200.464875
280,core-03,33.169551,4.880507,0.118662,30811.982408
280,aggregation-01,34.714314,10.746058,0.060882,5837.491532
280,access-01,39.467421,18.685315,0.060612,244.124008
280,access-02,41.04509,18.59793,0.08207,248.511234
280,access-03,42.244828,18.672014,0.068861,252.498785
280,aggregation-02,41.694741,9.951101,0.071255,6238.795277
280,access-04,41.166089,17.915005,0.123114,258.748805
280,access-05,37.583464,18.273443,0.030898,260.797976
280,access-06,36.259791,18.166674,0.09095,262.028157
280,aggregation-03,32.090791,9.163739,0.046537,6395.935738
280,access-07,29.833336,17.251823,0.120165,261.892996
280,access-08,28.627479,17.138315,0.075105,260.532268
280,access-09,27.423683,16.867479,0.064205,258.361616
280,aggregation-04,25.718886,8.044285,0.090515,6226.718574
280,access-10,24.668025,16.167523,0.096059,251.911973
280,access-11,27.7406,15.207204,0.097699,247.853091
280,access-12,31.735997,15.004843,0.098848,243.416995
280,aggregation-05,32.830667,6.764511,0.081248,5819.655002
280,access-13,35.617323,15.526824,0.067156,234.026437
280,access-14,37.010984,15.228194,0.067056,229.392452
280,access-15,42.865471,15.415819,0.060827,225.011269
280,aggregation-06,43.06767,7.604942,0.105786,5387.664867
280,access-16,39.729585,16.3339,0.079642,217.591649
280,access-17,40.160452,16.217753,0.101315,214.806427
280,access-18,38.300143,17.647274,0.081818,212.77179
281,core-01,27.126183,4.409385,0.086623,29682.311972
281,core-02,29.926202,5.397825,0.123561,30268.21004
281,core-03,33.035499,5.528327,0.059448,30881.812469
281,aggregation-01,36.789167,10.185233,0.051688,5850.404586
281,access-01,41.541345,19.036023,0.076839,244.633423
281,access-02,40.716277,18.723264,0.074873,248.982912
281,access-03,41.831017,18.047829,0.089723,252.916628
281,aggregation-02,41.447486,10.009826,0.071893,6247.320422
281,access-04,41.163923,17.902143,0.087565,259.018524
281,access-05,39.9213,18.189221,0.101014,260.978461
281,access-06,35.984068,17.820589,0.067674,262.113247
281,aggregation-03,34.48174,9.06114,0.061382,6395.613788
281,access-07,32.825183,17.156609,0.03487,261.781941
281,access-08,29.530472,16.726848,0.038946,260.327155
281,access-09,27.609353,16.050017,0.043676,258.069446
281,aggregation-04,27.746311,7.388081,0.1082,6217.717928
281,access-10,26.553153,14.731598,0.070753,251.478231
281,access-11,28.727338,15.083561,0.090554,247.369667
281,access-12,30.75865,14.682522,0.077929,242.900387
281,aggregation-05,35.597259,7.807387,0.06996,5806.683564
281,access-13,35.436848,14.69711,0.061431,233.496884
281,access-14,39.280281,14.590046,0.121339,228.883579
281,access-15,39.14585,14.698135,0.079943,224.540442
281,aggregation-06,41.888736,7.695349,0.062354,5377.507515
281,access-16,42.547169,15.792749,0.105707,217.243274
281,access-17,40.779872,16.594995,0.075781,214.538277
281,access-18,39.603647,17.172269,0.091222,212.593017
282,core-01,27.958518,5.304696,0.050608,29746.266883
282,core-02,31.340707,5.34778,0.079785,30336.307533
282,core-03,33.35421,6.091731,0.033756,30951.728546
282,aggregation-01,35.319997,11.564002,0.096904,5863.283612
282,access-01,40.184467,18.006731,0.085223,245.139437
282,access-02,40.306696,18.702344,0.094334,249.449302
282,access-03,42.091009,18.174996,0.079162,253.327477
282,aggregation-02,40.816271,10.520064,0.076759,6255.639273
282,access-04,39.944519,17.804403,0.091554,259.278601
282,access-05,37.487769,18.047449,0.065756,261.148452
282,access-06,35.277253,17.729245,0.050313,262.187351
282,aggregation-03,32.820174,8.603338,0.079292,6395.021182
282,access-07,32.462552,16.958658,0.116668,261.660042
282,access-08,27.796377,16.743448,0.08073,260.11183
282,access-09,25.281284,15.782127,0.06375,257.768044
282,aggregation-04,26.288205,7.750376,0.071611,6208.523835
282,access-10,25.082523,15.972172,0.047232,251.038119
282,access-11,26.98972,15.40343,0.053983,246.881656
282,access-12,30.62847,14.964827,0.07035,242.381131
282,aggregation-05,36.727581,6.660787,0.069216,5793.697073
282,access-13,34.335755,15.963159,0.099733,232.968764
282,access-14,39.430432,15.072662,0.093629,228.378141
282,access-15,40.34806,15.913808,0.07265,224.074936
282,aggregation-06,43.423758,8.005742,0.063464,5367.521377
282,access-16,41.962657,15.934303,0.062577,216.903386
282,access-17,43.215299,16.625908,0.102765,214.279789
282,access-18,38.42982,17.091277,0.106164,212.42475
283,core-01,28.141056,4.954325,0.093264,29810.80065
283,core-02,31.547688,5.680113,0.068937,30404.727796
283,core-03,34.707366,5.78976,0.076676,31021.700294
283,aggregation-01,35.316881,10.568509,0.053945,5876.12302
283,access-01,40.331117,18.760055,0.054486,245.641833
283,access-02,41.457481,18.663303,0.044743,249.910202
283,access-03,41.614549,18.53996,0.049876,253.731153
283,aggregation-02,39.690014,10.437531,0.067572,6263.748219
283,access-04,39.815082,18.063887,0.080993,259.528921
283,access-05,38.390385,19.315299,0.079291,261.307875
283,access-06,36.382524,16.876612,0.092654,262.250436
283,aggregation-03,34.039554,9.088338,0.050087,6394.158177
283,access-07,29.652369,17.013262,0.077161,261.527355
283,access-08,27.596879,16.715411,0.030051,259.886388
283,access-09,26.988902,15.375096,0.108325,257.457541
283,aggregation-04,25.295592,7.376627,0.070719,6199.140286
283,access-10,26.329858,15.626549,0.058701,250.591827
283,access-11,28.028916,15.717547,0.097846,246.389269
283,access-12,30.230468,14.018921,0.088558,241.859453
283,aggregation-05,33.197743,7.081747,0.075684,5780.701166
283,access-13,36.952006,15.245498,0.084816,232.442306
283,access-14,37.229028,14.872981,0.107188,227.876359
283,access-15,38.396285,15.746519,0.063459,223.614953
283,aggregation-06,43.267338,8.288451,0.116035,5357.710788
283,access-16,43.429239,16.681574,0.07056,216.572134
283,access-17,39.272447,17.035161,0.034799,214.031074
283,access-18,38.89933,17.271347,0.059663,212.267061
284,core-01,27.956431,4.975729,0.05806,29875.885265
284,core-02,31.344878,5.013456,0.095091,30473.441136
284,core-03,32.825067,5.967788,0.164161,31091.697344
284,aggregation-01,37.483912,10.475699,0.072035,5888.917237
284,access-01,38.907909,18.838796,0.109139,246.14039
284,access-02,39.180658,18.213836,0.086936,250.365412
284,access-03,41.371822,18.9527,0.063692,254.12748
284,aggregation-02,41.437988,10.231742,0.094736,6271.64374
284,access-04,40.726625,18.369468,0.08076,259.769377
284,access-05,38.217918,18.391549,0.101759,261.456662
284,access-06,35.666156,17.67024,0.098188,262.302476
284,aggregation-03,33.149649,9.504653,0.105248,6393.025149
284,access-07,28.967402,16.771087,0.064354,261.383935
284,access-08,26.466129,15.973608,0.075587,259.650926
284,access-09,27.234272,16.147066,0.115873,257.138073
284,aggregation-04,24.932828,7.033116,0.078871,6189.571353
284,access-10,26.904517,14.989427,0.071003,250.139549
284,access-11,30.000419,16.085981,0.077906,245.89272
284,access-12,31.445125,15.182635,0.070527,241.335579
284,aggregation-05,34.268416,7.079914,0.097643,5767.701482
284,access-13,38.373885,15.09123,0.060377,231.91774
284,access-14,39.632933,16.101697,0.067913,227.378449
284,access-15,40.142234,15.188181,0.096206,223.160692
284,aggregation-06,42.467564,8.610636,0.075858,5348.080006
284,access-16,42.680967,16.406237,0.102298,216.24966
284,access-17,41.570231,16.101321,0.090935,213.792242
284,access-18,37.871724,17.07615,0.070357,212.120021
285,core-01,26.638334,5.259923,0.05286,29941.492481
285,core-02,29.549406,5.283051,0.111297,30542.41773
285,core-03,36.430195,5.347008,0.061156,31161.689318
285,aggregation-01,38.590201,10.629785,0.060973,5901.66071
285,access-01,39.649217,18.712087,0.085668,246.634894
285,access-02,41.063532,19.028906,0.05519,250.814735
285,access-03,41.350889,19.024499,0.081265,254.516287
285,aggregation-02,41.117856,10.264952,0.043942,6279.32241
285,access-04,38.707101,17.468042,0.097895,259.999864
285,access-05,37.888417,18.227166,0.114534,261.594747
285,access-06,35.026565,17.358602,0.080648,262.343447
285,aggregation-03,32.91659,9.189381,0.103111,6391.622587
285,access-07,29.497472,16.711387,0.096499,261.229845
285,access-08,28.409335,16.27151,0.085745,259.405547
285,access-09,27.621984,16.658469,0.10424,256.809778
285,aggregation-04,26.374149,7.63824,0.11131,6179.821188
285,access-10,25.858589,14.899314,0.13841,249.681482
285,access-11,27.938031,15.73489,0.094845,245.392225
285,access-12,31.681771,15.237392,0.083661,240.809737
285,aggregation-05,35.20484,7.749377,0.08959,5754.703663
285,access-13,38.118291,14.801937,0.096607,231.395293
285,access-14,39.481368,15.399584,0.093842,226.884629
285,access-15,40.747286,15.799524,0.108702,222.712351
285,aggregation-06,44.497695,8.035938,0.096865,5338.63321
285,access-16,40.248588,16.848756,0.068762,215.936106
285,access-17,39.160912,16.770609,0.118758,213.563395
285,access-18,38.074804,16.533454,0.100477,211.983691
286,core-01,28.802754,5.198677,0.04553,30007.593822
286,core-02,31.887843,4.829852,0.054825,30611.627642
286,core-03,35.16613,5.380654,0.070384,31231.645838
286,aggregation-01,38.345077,10.68422,0.089228,5914.347909
286,access-01,37.609381,20.086755,0.104911,247.12513
286,access-02,41.838935,19.928649,0.06295,251.257975
286,access-03,41.803369,18.538693,0.068999,254.897405
286,aggregation-02,42.216889,9.89021,0.080029,6286.780895
286,access-04,39.894939,18.639567,0.085423,260.220281
286,access-05,37.999931,17.87929,0.041062,261.722071
286,access-06,35.815784,17.637626,0.088642,262.373332
286,aggregation-03,31.86884,9.480252,0.067784,6389.951102
286,access-07,28.720231,15.913919,0.101395,261.065153
286,access-08,29.158468,15.824546,0.094679,259.150357
286,access-09,25.56492,15.738946,0.069402,256.472799
286,aggregation-04,26.611791,7.266911,0.104736,6169.894025
286,access-10,27.205952,15.164373,0.049904,249.217824
286,access-11,28.693096,14.79128,0.061344,244.888001
286,access-12,30.499013,15.517304,0.066972,240.282154
286,aggregation-05,35.563325,6.855947,0.074013,5741.713352
286,access-13,37.743415,15.780448,0.082149,230.875192
286,access-14,41.555447,14.734777,0.095908,226.395112
286,access-15,40.966674,14.973185,0.107596,222.270124
286,aggregation-06,41.274026,7.388551,0.077647,5329.3745
286,access-16,39.912222,16.803509,0.071324,215.631607
286,access-17,39.458874,16.60995,0.077674,213.344633
286,access-18,37.225763,16.885407,0.104396,211.858133
287,core-01,30.397705,4.901409,0.052301,30074.160601
287,core-02,32.219538,5.770202,0.105806,30681.040832
287,core-03,35.879704,5.951041,0.084924,31301.536542
287,aggregation-01,36.869438,10.558831,0.134234,5926.973327
287,access-01,41.020685,18.292868,0.115002,247.610884
287,access-02,40.445296,17.855807,0.060204,251.69494
287,access-03,42.057539,19.32737,0.061609,255.270668
287,aggregation-02,41.215752,9.887212,0.097329,6294.01596
287,access-04,39.12299,17.866952,0.061821,260.430534
287,access-05,39.401779,17.962485,0.109809,261.838578
287,access-06,34.612204,17.922108,0.093734,262.392118
287,aggregation-03,30.060966,8.876481,0.075457,6388.011419
287,access-07,28.951175,15.994963,0.089231,260.889929
287,access-08,27.157605,16.413116,0.032679,258.885466
287,access-09,27.329061,15.878662,0.081688,256.127281
287,aggregation-04,27.362351,7.615884,0.071648,6159.79417
287,access-10,28.152912,16.005235,0.06138,248.748776
287,access-11,31.147889,16.217765,0.1152,244.380266
287,access-12,33.833162,14.672161,0.069052,239.75306
287,aggregation-05,34.228294,7.078103,0.067265,5728.736185
287,access-13,40.128507,15.602962,0.093813,230.357662
287,access-14,42.675343,15.395734,0.059521,225.91011
287,access-15,41.334436,15.420729,0.119657,221.834203
287,aggregation-06,41.878264,8.114581,0.080105,5320.307895
287,access-16,42.320784,16.931681,0.132629,215.336295
287,access-17,39.411308,16.894516,0.03827,213.136052
287,access-18,36.02938,17.354513,0.080416,211.743399
288,core-01,29.299261,5.068255,0.022124,30141.163926
288,core-02,31.288991,5.500177,0.072397,30750.627175
288,core-03,35.143321,5.481804,0.041392,31371.331096
288,aggregation-01,38.471556,10.754474,0.108786,5939.531485
288,access-01,40.224494,17.715524,0.083375,248.091946
288,access-02,41.40242,18.520775,0.100544,252.12544
288,access-03,41.683099,18.995355,0.089196,255.635915
288,aggregation-02,41.108607,10.63947,0.05195,6301.024463
288,access-04,39.03855,17.851109,0.100062,260.630532
288,access-05,36.774572,17.914361,0.075737,261.944219
288,access-06,35.412119,16.334607,0.087605,262.399797
288,aggregation-03,32.621082,8.565485,0.075764,6385.80438
288,access-07,27.906536,16.89011,0.05706,260.70425
288,access-08,26.347317,15.93377,0.070016,258.61099
288,access-09,26.987798,15.970499,0.094943,255.773375
288,aggregation-04,27.512827,7.157839,0.041292,6149.526008
288,access-10,28.407021,16.62768,0.120363,248.274543
288,access-11,28.810314,15.531491,0.07637,243.869242
288,access-12,31.813037,15.72121,0.047573,239.222685
288,aggregation-05,36.44386,7.262724,0.044767,5715.777795
288,access-13,36.446375,15.836083,0.075668,229.842928
288,access-14,40.166314,15.453309,0.095453,225.429835
288,access-15,40.774659,16.05699,0.087482,221.404778
288,aggregation-06,43.286274,7.849298,0.048082,5311.43733
288,access-16,42.083561,16.399604,0.112671,215.050299
288,access-17,38.026099,17.248501,0.063824,212.93774
288,access-18,36.82976,17.153158,0.084031,211.63954
289,core-01,30.085596,4.615218,0.111305,30208.574717
289,core-02,34.029056,6.057747,0.090789,30820.356471
289,core-03,35.227427,5.731032,0.066771,31440.999208
289,aggregation-01,37.537028,10.57833,0.076317,5952.016933
289,access-01,39.888904,18.677126,0.053247,248.568108
289,access-02,42.062257,18.163981,0.089357,252.549289
289,access-03,42.16182,18.744293,0.104554,255.992987
289,aggregation-02,42.760959,9.954757,0.080999,6307.803363
289,access-04,37.211991,17.922783,0.085346,260.820186
289,access-05,36.719704,17.528832,0.048199,262.038947
289,access-06,33.048606,17.709091,0.034173,262.396365
289,aggregation-03,32.845173,8.645696,0.132612,6383.330942
289,access-07,28.037243,17.102364,0.08351,260.508196
289,access-08,27.765113,16.41078,0.077432,258.327048
289,access-09,26.602362,15.327459,0.070825,255.411234
289,aggregation-04,26.276886,8.370879,0.10563,6139.093996
289,access-10,26.719723,15.366177,0.075366,247.795329
289,access-11,28.918566,14.362484,0.043254,243.355149
289,access-12,34.125089,15.342932,0.111185,238.691258
289,aggregation-05,35.045795,7.036277,0.064902,5702.843806
289,access-13,38.338313,15.162309,0.070931,229.331214
289,access-14,39.511709,15.765061,0.109749,224.954495
289,access-15,42.566242,15.995954,0.133618,220.982034
289,aggregation-06,43.170737,7.494854,0.116171,5302.766655
289,access-16,42.213207,15.869232,0.068427,214.773743
289,access-17,39.425164,16.776033,0.088775,212.749785
289,access-18,36.215171,17.148283,0.025237,211.546602
290,core-01,29.462568,4.602094,0.078612,30276.363718
290,core-02,34.09978,4.933406,0.059938,30890.198455
290,core-03,36.29179,5.385867,0.130104,31510.510643
290,aggregation-01,38.850437,11.532243,0.070049,5964.424251
290,access-01,40.50666,18.753455,0.090912,249.039162
290,access-02,39.970162,18.425225,0.101565,252.966303
290,access-03,39.804097,19.080654,0.089081,256.341729
290,aggregation-02,42.163979,10.808914,0.138258,6314.349718
290,access-04,36.834465,18.423624,0.093814,260.999415
290,access-05,35.580088,17.582457,0.08513,262.12272
290,access-06,32.208332,16.490108,0.079849,262.381824
290,aggregation-03,30.499704,8.651454,0.064953,6380.592179
290,access-07,27.454844,15.823722,0.03698,260.301853
290,access-08,25.796305,17.446956,0.052562,258.033762
290,access-09,27.891672,15.032303,0.091953,255.041016
290,aggregation-04,24.784206,7.422288,0.074066,6128.50266
290,access-10,28.703834,15.266795,0.062917,247.311344
290,access-11,30.45136,14.720088,0.094116,242.838211
290,access-12,33.893452,14.83075,0.083985,238.15901
290,aggregation-05,36.104297,8.091522,0.108992,5689.939832
290,access-13,37.681257,15.304294,0.067589,228.822741
290,access-14,39.687221,14.644752,0.06482,224.484296
290,access-15,39.731517,16.72596,0.094885,220.566156
290,aggregation-06,40.767737,8.115674,0.050853,5294.299632
290,access-16,40.794518,16.699769,0.08215,214.506746
290,access-17,39.748151,17.644278,0.027918,212.572269
290,access-18,35.317641,17.588862,0.100748,211.464623
291,core-01,31.618059,5.454566,0.109752,30344.501506
291,core-02,32.586955,5.734181,0.103283,30960.122814
291,core-03,38.569638,6.425035,0.096752,31579.835231
291,aggregation-01,38.775124,11.002991,0.088846,5976.748054
291,access-01,40.606783,19.21178,0.11242,249.504904
291,access-02,40.286283,18.912753,0.080755,253.376301
291,access-03,43.536123,19.027149,0.071405,256.68199
291,aggregation-02,39.728925,10.140501,0.065768,6320.660687
291,access-04,37.943162,17.836339,0.08503,261.168142
291,access-05,34.609778,17.657131,0.058283,262.195504
291,access-06,33.198331,17.762122,0.095248,262.35618
291,aggregation-03,29.248607,9.761389,0.13249,6377.589279
291,access-07,26.026095,15.455398,0.103503,260.085309
291,access-08,25.152947,16.068101,0.10556,257.731261
291,access-09,27.726718,15.686893,0.093791,254.662881
291,aggregation-04,25.966395,7.461602,0.087135,6117.756598
291,access-10,26.907039,15.374208,0.070425,246.822796
291,access-11,31.507184,16.375376,0.065407,242.318653
291,access-12,35.173288,14.961564,0.096996,237.626172
291,aggregation-05,34.684272,7.676797,0.082303,5677.071473
291,access-13,38.167613,15.820644,0.057925,228.31773
291,access-14,40.674204,15.659477,0.106511,224.019442
291,access-15,44.40474,15.915826,0.090459,220.157323
291,aggregation-06,41.617323,8.11285,0.065062,5286.039938
291,access-16,40.082752,16.570117,0.062117,214.249425
291,access-17,36.805636,17.299511,0.091711,212.405267
291,access-18,37.206252,17.716042,0.123117,211.393641
292,core-01,31.068971,5.095943,0.051852,30412.958509
292,core-02,33.633717,5.453332,0.095786,31030.099202
292,core-03,35.512669,6.274842,0.078102,31648.942885
292,aggregation-01,40.352263,11.009652,0.07926,5988.982994
292,access-01,40.831937,19.066816,0.071197,249.965132
292,access-02,40.580447,19.052991,0.052835,253.779104
292,access-03,42.808426,17.638493,0.073178,257.013621
292,aggregation-02,41.134599,10.567339,0.12212,6326.73353
292,access-04,39.28148,17.076545,0.103867,261.326292
292,access-05,36.712389,17.434086,0.059487,262.257265
292,access-06,31.751236,16.765555,0.08102,262.319445
292,aggregation-03,28.344077,8.498985,0.066421,6374.323547
292,access-07,25.81363,16.484274,0.105145,259.85866
292,access-08,25.775931,15.810287,0.083891,257.419676
292,access-09,26.761474,15.109263,0.044366,254.276994
292,aggregation-04,25.334163,6.721357,0.065298,6106.860473
292,access-10,28.759278,14.29798,0.091906,246.329898
292,access-11,31.963604,14.214439,0.12428,241.7967
292,access-12,35.327637,15.352812,0.062076,237.092976
292,aggregation-05,35.390087,6.529257,0.076164,5664.244314
292,access-13,39.721774,15.757975,0.092459,227.816401
292,access-14,41.469682,16.231166,0.065801,223.560135
292,access-15,42.207928,16.480516,0.060259,219.755714
292,aggregation-06,41.831044,8.012552,0.079542,5277.991156
292,access-16,42.586685,16.208011,0.050302,214.00189
292,access-17,37.008819,17.361619,0.021876,212.248853
292,access-18,35.999734,17.452238,0.081065,211.333685
293,core-01,31.32249,5.95711,0.086126,30481.705017
293,core-02,33.543538,5.744144,0.07826,31100.097248
293,core-03,37.538696,5.219355,0.067305,31717.80361
293,aggregation-01,38.347435,10.594835,0.063162,6001.123761
293,access-01,40.6647,19.286779,0.100721,250.419646
293,access-02,41.144741,17.657353,0.084309,254.174537
293,access-03,41.146559,18.531624,0.065536,257.33648
293,aggregation-02,39.00939,9.603148,0.076703,6332.565612
293,access-04,37.182657,18.102964,0.070729,261.473798
293,access-05,35.391296,17.741964,0.052405,262.307977
293,access-06,31.977236,17.107781,0.09114,262.271633
293,aggregation-03,29.2272,8.460499,0.037345,6370.796398
293,access-07,26.275278,15.944348,0.130463,259.622003
293,access-08,24.016147,16.167032,0.051232,257.099141
293,access-09,27.05902,15.521055,0.112162,253.883521
293,aggregation-04,26.649031,7.565775,0.026743,6095.819014
293,access-10,28.723592,14.589525,0.087081,245.832865
293,access-11,32.888556,15.349602,0.092719,241.272578
293,access-12,33.73762,15.165317,0.023635,236.559653
293,aggregation-05,37.000544,6.828821,0.078139,5651.463923
293,access-13,40.427278,16.098462,0.104608,227.318971
293,access-14,39.562085,16.038583,0.124561,223.106575
293,access-15,40.942185,15.615434,0.083106,219.361501
293,aggregation-06,42.739495,8.074168,0.09786,5270.15678
293,access-16,41.006898,17.351795,0.074416,213.764251
293,access-17,36.945017,17.515101,0.079712,212.103094
293,access-18,37.806541,16.34853,0.112879,211.284781
294,core-01,30.930761,5.89502,0.05994,30550.711192
294,core-02,33.470387,5.423413,0.088391,31170.086571
294,core-03,38.277699,5.338302,0.054127,31786.387521
294,aggregation-01,39.5238,10.592533,0.077113,6013.165086
294,access-01,41.734996,18.778507,0.074506,250.868248
294,access-02,41.270516,18.384945,0.048088,254.562431
294,access-03,41.982082,17.464482,0.118572,257.650425
294,aggregation-02,39.65851,10.191661,0.077706,6338.154403
294,access-04,38.522504,17.79679,0.106726,261.610595
294,access-05,34.715968,17.192572,0.088081,262.347619
294,access-06,31.833991,17.517002,0.102105,262.212767
294,aggregation-03,27.65665,8.582156,0.106236,6367.009365
294,access-07,29.803503,16.09814,0.099509,259.37544
294,access-08,26.51346,15.944319,0.053511,256.769796
294,access-09,27.211517,16.185253,0.037585,253.482633
294,aggregation-04,27.167868,7.572388,0.104036,6084.637014
294,access-10,28.975803,15.432088,0.11106,245.331911
294,access-11,33.400852,14.67842,0.049582,240.746514
294,access-12,36.739401,15.022208,0.118826,236.026434
294,aggregation-05,36.175663,7.617811,0.106359,5638.735846
294,access-13,40.223527,15.460288,0.020755,226.825655
294,access-14,41.231299,16.060995,0.113707,222.658957
294,access-15,40.79863,16.025128,0.055368,218.974858
294,aggregation-06,41.410882,8.60085,0.065443,5262.540209
294,access-16,40.094284,16.412152,0.07506,213.536609
294,access-17,38.176712,16.335685,0.068005,211.968055
294,access-18,34.846463,17.155005,0.070602,211.246952
295,core-01,31.285243,5.669078,0.112318,30619.947084
295,core-02,34.608931,6.082374,0.051212,31240.036796
295,core-03,36.940742,5.514468,0.089084,31854.664851
295,aggregation-01,39.241495,9.689406,0.048894,6025.101742
295,access-01,42.399995,18.194605,0.056762,251.310746
295,access-02,41.61563,18.705379,0.101148,254.942615
295,access-03,41.685501,18.141466,0.042752,257.955322
295,aggregation-02,41.60294,10.035447,0.074469,6343.497475
295,access-04,37.684485,17.560508,0.080454,261.736624
295,access-05,35.545306,16.660711,0.053524,262.376173
295,access-06,30.848131,16.238743,0.122493,262.142871
295,aggregation-03,28.025239,9.196191,0.115303,6362.964091
295,access-07,26.509017,16.419092,0.070956,259.11908
295,access-08,26.28916,16.060756,0.054219,256.431785
295,access-09,24.707787,15.364032,0.099978,253.074506
295,aggregation-04,27.142022,8.143563,0.053569,6073.319326
295,access-10,28.149408,15.880144,0.09113,244.827253
295,access-11,33.29279,14.23446,0.068498,240.218738
295,access-12,34.508778,15.364776,0.034873,235.49355
295,aggregation-05,37.087204,7.838911,0.064825,5626.065606
295,access-13,39.72999,15.269805,0.07042,226.336669
295,access-14,41.781895,16.499985,0.082645,222.217477
295,access-15,41.916896,16.684203,0.091373,218.59595
295,aggregation-06,39.861262,8.355846,0.087718,5255.144751
295,access-16,41.410574,17.338432,0.100982,213.319064
295,access-17,37.322888,17.058005,0.086572,211.843792
295,access-18,34.988132,17.300911,0.119882,211.220213
296,core-01,31.549425,5.47069,0.09375,30689.382645
296,core-02,34.925487,5.373773,0.072032,31309.917562
296,core-03,37.04638,5.58208,0.043712,31922.605968
296,aggregation-01,40.071084,11.002523,0.071172,6036.928549
296,access-01,42.044188,19.196989,0.093505,251.746945
296,access-02,41.981738,18.67399,0.090196,255.314925
296,access-03,44.252827,18.869629,0.066936,258.251036
296,aggregation-02,38.961609,9.672522,0.135907,6348.59251
296,access-04,34.323333,18.183473,0.134801,261.85183
296,access-05,35.717327,17.192604,0.051431,262.393626
296,access-06,31.697082,17.20042,0.076356,262.061976
296,aggregation-03,27.367207,8.397173,0.092387,6358.662331
296,access-07,26.012859,16.636832,0.104337,258.853033
296,access-08,27.123649,15.474988,0.068582,256.085252
296,access-09,27.218061,15.269329,0.088772,252.659314
296,aggregation-04,27.953316,7.824506,0.056682,6061.870862
296,access-10,29.084441,15.59604,0.100232,244.319112
296,access-11,33.439345,14.993322,0.087989,239.689479
296,access-12,35.189754,15.91505,0.071943,234.961234
296,aggregation-05,38.106297,7.467645,0.088773,5613.458704
296,access-13,40.280724,15.218144,0.155803,225.852224
296,access-14,41.444315,16.667895,0.046515,221.782326
296,access-15,41.338661,15.975244,0.06294,218.224944
296,aggregation-06,40.688092,8.232252,0.102419,5247.973614
296,access-16,37.649163,16.561612,0.093523,213.11171
296,access-17,37.458025,16.624724,0.061426,211.730361
296,access-18,36.46898,17.4085,0.0458,211.204576
297,core-01,32.985451,5.515558,0.08097,30758.987739
297,core-02,34.922739,5.908934,0.122498,31379.698542
297,core-03,37.21427,6.054745,0.064031,31990.181383
297,aggregation-01,39.414282,11.386082,0.073028,6048.640373
297,access-01,41.90133,18.901349,0.072557,252.176657
297,access-02,43.58613,19.110969,0.073846,255.679199
297,access-03,41.567718,18.386676,0.089015,258.537441
297,aggregation-02,39.808824,10.574745,0.081276,6353.437297
297,access-04,37.817972,17.99142,0.124814,261.956163
297,access-05,33.301287,16.691114,0.092398,262.399972
297,access-06,31.199444,17.027446,0.061775,261.970117
297,aggregation-03,27.690368,9.123477,0.070781,6354.105953
297,access-07,26.272154,16.017329,0.093391,258.577414
297,access-08,26.468402,16.554525,0.13275,255.73035
297,access-09,25.800416,15.284674,0.097615,252.23724
297,aggregation-04,28.064925,7.451986,0.074433,6050.29659
297,access-10,29.290927,15.734211,0.082463,243.807708
297,access-11,31.286603,15.606619,0.076268,239.158965
297,access-12,34.104135,15.378007,0.082978,234.429716
297,aggregation-05,38.333029,7.339565,0.060466,5600.920611
297,access-13,42.978593,15.618838,0.100664,225.37253
297,access-14,43.702077,15.656849,0.130293,221.353692
297,access-15,43.166865,15.754463,0.069321,217.861999
297,aggregation-06,42.302087,8.57315,0.055589,5241.02991
297,access-16,39.53507,17.252955,0.080458,212.914637
297,access-17,37.525821,17.71875,0.085078,211.62781
297,access-18,33.304643,17.685957,0.074466,211.200047
298,core-01,33.807112,5.053003,0.055286,30828.732156
298,core-02,35.71551,5.212673,0.117906,31449.349449
298,core-03,38.079697,5.744857,0.117724,32057.361768
298,aggregation-01,41.73326,11.558475,0.064227,6060.232133
298,access-01,42.105083,18.940082,0.072564,252.599696
298,access-02,41.598628,17.937906,0.035832,256.035279
298,access-03,40.993914,18.211012,0.093939,258.814411
298,aggregation-02,39.467515,10.13355,0.087392,6358.029734
298,access-04,36.208102,17.380155,0.069111,262.049579
298,access-05,33.378269,17.285061,0.096442,262.395207
298,access-06,30.359024,16.561969,0.075575,261.867334
298,aggregation-03,28.127548,7.94708,0.06225,6349.296933
298,access-07,28.903013,16.504167,0.080608,258.292344
298,access-08,27.094274,15.701726,0.106724,255.367232
298,access-09,26.82997,15.339034,0.069015,251.808466
298,aggregation-04,29.002269,7.599629,0.0902,6038.601535
298,access-10,28.202914,14.984119,0.062865,243.293262
298,access-11,32.663221,15.227278,0.093844,238.627427
298,access-12,35.160172,15.410958,0.076038,233.899226
298,aggregation-05,38.779065,7.537493,0.049334,5588.456769
298,access-13,40.460144,15.094475,0.08502,224.897796
298,access-14,41.673686,16.013786,0.049059,220.931763
298,access-15,42.30868,16.135699,0.097439,217.507273
298,aggregation-06,40.584084,8.869054,0.061184,5234.316655
298,access-16,38.823194,16.544417,0.078443,212.727931
298,access-17,37.440798,16.853641,0.052452,211.536185
298,access-18,35.091249,17.42328,0.094423,211.20663
299,core-01,32.460543,5.046213,0.09443,30898.585626
299,core-02,36.614837,5.548828,0.077696,31518.840053
299,core-03,37.202021,5.71011,0.107815,32124.117967
299,aggregation-01,40.243824,11.416185,0.061185,6071.698796
299,access-01,42.724532,18.590439,0.079607,253.015877
299,access-02,41.446649,19.355192,0.08042,256.383011
299,access-03,41.140896,18.327715,0.100016,259.081826
299,aggregation-02,38.515981,10.374275,0.088418,6362.367826
299,access-04,35.975563,17.05492,0.087254,262.132035
299,access-05,32.111886,17.326882,0.084787,262.379333
299,access-06,30.823153,16.843725,0.011281,261.753672
299,aggregation-03,28.131327,8.309416,0.086792,6344.23736
299,access-07,27.483821,15.506964,0.058795,257.997946
299,access-08,25.751011,15.060579,0.095133,254.996055
299,access-09,25.817888,15.531324,0.097466,251.373178
299,aggregation-04,28.078212,6.82995,0.096339,6026.790771
299,access-10,30.680064,15.014744,0.090249,242.775998
299,access-11,31.672159,15.363238,0.100104,238.095096
299,access-12,37.326086,15.993931,0.052747,233.369995
299,aggregation-05,37.808257,7.489436,0.024557,5576.072586
299,access-13,42.224292,15.608533,0.025257,224.428228
299,access-14,42.638018,16.013845,0.068334,220.516721
299,access-15,43.512658,16.407342,0.072157,217.160921
299,aggregation-06,40.823083,9.384108,0.055484,5227.83676
299,access-16,39.555337,18.001139,0.061022,212.551672
299,access-17,37.46242,17.079855,0.078095,211.455524
299,access-18,32.331487,17.975874,0.080341,211.22432
300,core-01,34.150781,5.678654,0.082113,30968.517832
300,core-02,37.176169,5.136968,0.052265,31588.140196
300,core-03,36.569056,6.496087,0.089896,32190.421006
300,aggregation-01,40.998989,11.609559,0.05654,6083.035386
300,access-01,44.44635,19.363498,0.05986,253.42502
300,access-02,41.082743,17.402245,0.041225,256.722244
300,access-03,42.828185,17.77081,0.051443,259.339571
300,aggregation-02,37.076173,9.943672,0.079769,6366.449692
300,access-04,36.428353,16.742933,0.099913,262.203497
300,access-05,32.730797,16.897361,0.05177,262.352357
300,access-06,29.391611,16.370117,0.080431,261.629179
300,aggregation-03,28.210405,8.174958,0.099264,6338.929429
300,access-07,27.836513,15.844824,0.091209,257.694348
300,access-08,27.705874,15.614089,0.039492,254.616981
300,access-09,27.31475,14.932037,0.088467,250.931565
300,aggregation-04,27.251679,7.380967,0.095279,6014.869424
300,access-10,31.652657,15.877056,0.1103,242.256141
300,access-11,33.351175,15.517173,0.084161,237.562203
300,access-12,35.564736,15.022948,0.114312,232.842253
300,aggregation-05,37.380968,7.439758,0.067843,5563.773439
300,access-13,40.41469,16.837901,0.061736,223.964029
300,access-14,43.322306,15.426784,0.102293,220.108745
300,access-15,41.142849,16.034773,0.117511,216.823092
300,aggregation-06,41.024707,9.246839,0.043512,5221.593038
300,access-16,37.821635,16.384541,0.057909,212.385937
300,access-17,35.347153,18.046694,0.094006,211.385863
300,access-18,33.029309,18.713812,0.052529,211.25311
